{"version":81,"hash":{"type":"Buffer","data":"6K8Y7h0gQQ87XiCn1G3H4ksXCFZqc0kOX7S2/jG3FCQPa9GdDzdcPH6G1t3nAKFQXBusIyiVcmPGOi9iUv/1GMrJ3zko97drKXYZesHr1USFfdbbuplbkI8XPN68NWkaf4BDNLoO506KHzQWQI2lFKb+/tX5IfiYUqYwxvy91Eg="},"indexValueMap":{"D8QdP2i2BrlW1Q7fls5qLpKqpSyg9CxBs5Xp/18hvTw=":{"valueMac":{"type":"Buffer","data":"PR2aaX408A1/2otaa4Rr8LXmvEPIJTQpVZJ4vHZXQZ4="}},"qCvLXOm+FFRnj++pGB1T9o1FSwjC/ts+svMF4Mc4Lac=":{"valueMac":{"type":"Buffer","data":"XyIM1mnoUH7BsmQ64kPiPiH8lcE+LNktjK64H5yLWnQ="}},"mPo3FAEXNGkQZYra5aAe5wpnIMjaNhAq9D8uO6iiBC8=":{"valueMac":{"type":"Buffer","data":"YpvX5Tzb2ybgQo69p/NXFmth0JA7eTwUiUUHiZ07Jw4="}},"P2STF22K1PkG88euUaVEhmzwNGvAyL6SBYEoKFTLJNE=":{"valueMac":{"type":"Buffer","data":"27lmMsclBLWRxVfRaDksY+w0TCKuVIPsa6RIXvtFC4o="}},"x12vznIcbjP5d4hMiJ4N2Ix40VYswp1eWaV5gWj0LRk=":{"valueMac":{"type":"Buffer","data":"XgPrt9dTbtE8szTPkCiti+0t9RECXdKLZrOUGQbBe/A="}},"fpuk/HA9P0OanHBGdkfYzSKVQK8LfKw1ChAQtcfshqA=":{"valueMac":{"type":"Buffer","data":"gE0ZmkYVSCnHKR5wo6znsgErfoQLUHgLx6WIsPmQAwI="}},"f8JxGmJ/gyh0eziuGXyUG3DN9EQxXZ0I6Lwok/pSfow=":{"valueMac":{"type":"Buffer","data":"Wg9G9kXHYPsiRFwXggoDS8QUzNK2jOO26LyrkGLpv28="}},"eS6s5n3EJIHJ+yZQ9TjpU6T7l7g2VRHsPURgaRs8hWM=":{"valueMac":{"type":"Buffer","data":"/+o6B1KrdDiVGl2BpIqahkt3RHVBJxTAibXxWLYuhbY="}},"8gifAbieGYydgaOlAuOg9AGPT8S4VG6XDvdFmxqLQE0=":{"valueMac":{"type":"Buffer","data":"QjmqEcmzy+YcvQPUlIUcjDRevsLXURw8F3U/Tccovl8="}},"ABIJyph7UVUauzE0Zmx41jHBZDj8e88JEOweDkbtCY4=":{"valueMac":{"type":"Buffer","data":"1NFq8B2GAqd5GBo8VQRa9Hli0WVDB7XyR9eZWK7uznQ="}},"cslEVwPRG+hpRHlKQqLu7VNhXJwdXEp0mG8mVvFQHVQ=":{"valueMac":{"type":"Buffer","data":"f7FcE2Z0B2M+G6HvDnm2Til8qZQsZ6zm9cADqDiDFLo="}},"mHIBYq3vrfWYNd1mic5W4oz+GBjKqVFFly5e+4HGMOM=":{"valueMac":{"type":"Buffer","data":"pBxbmN9HapRbemllOGTw5zav4oQ/TDydXO7gyJPNbxA="}},"ZJObbD5A9fvs1o2L7xixYoCmFQenLokHQoc1R+MKR5U=":{"valueMac":{"type":"Buffer","data":"rg71gZiE4bWYS4YnHKknktfyFPPbpVGflM9U4rsQAfo="}},"PHVwIlN5But5n0vZB2KuUS3t2XZDBZbsEEgKXuHwJJI=":{"valueMac":{"type":"Buffer","data":"wfRB8B0WCDPWtj+GiB+nQLTm1ezSxgMIWVbbajvNNUM="}},"k2MhePoNTn3/XH7z5sc0+wQDmQokWYI5pQPJSonbFsc=":{"valueMac":{"type":"Buffer","data":"LCFDZKw/TOX9R6ZjFyDmUEpaeFk05SZS+KSTvV0EhNU="}},"i1tbJ1rFbuesUrzD4GT3VEXsMdRHF7T9lk/d3mFmctM=":{"valueMac":{"type":"Buffer","data":"lFvXxhwFMgazA02mQTo/FGvpAntlb6gDvR5unjrHNMw="}},"s/pWFg0bpaxTI5D+NinECiLIkZw7CcMF2s4i/Ml6tvk=":{"valueMac":{"type":"Buffer","data":"dn6FyR+RMVTENKGV+KKEWORQ+4+CVuVNFOUlieAViEY="}},"C70KUHeysvyq/HR3x9L2cdzniNj96RL6Gc0tu6itoMY=":{"valueMac":{"type":"Buffer","data":"AohW6yRCqj7OR2HxTH3+pNIugyDAsE4nkVjRanMZ85o="}},"wpkDZuAoeTW7Ku+DHLEjc5wbS9SY7+XMjs4dwqPEKyA=":{"valueMac":{"type":"Buffer","data":"qSfjwZdyhRtImXpHdzYVJXjthoEwPzyZG5TpqQ29h8A="}},"t8TkKpisZks9jgSdwsZzbiRa+xQxuXxbvdkHh9pzWvI=":{"valueMac":{"type":"Buffer","data":"YXk5XiU2ENNnqCjWMB2aS+o9d9YFCpSgQm+qL9fvoXQ="}},"M5A8mSw3NqKAWhzAxo55igXHCWC9wqhqkGC2MYOi7ng=":{"valueMac":{"type":"Buffer","data":"GLNYqfZimWhIHE0erJHVnfMyiLbFULmFJfONqz48XpE="}},"qLiiGnPZgsr+Cna1/Mtk3m6CnOTt357xIvYm/jBMSGw=":{"valueMac":{"type":"Buffer","data":"UG7eegSVoDWNnlSl7X343M94mpGynrEDXpmv29inV9w="}},"yRrCzAHdIndqlnnx5Iy46w6KgZfk0c3aCLdqeUcj8kg=":{"valueMac":{"type":"Buffer","data":"s4teguVKmtQulp4GBgQyuVfYQgoJ09sK8j4NjkylfF0="}},"HcsmpnWSxmlbwxpEUyDd0JNeHtNy1tw47Pfk0tZAGGY=":{"valueMac":{"type":"Buffer","data":"gJnKwSUhI2vV/VxiS/F6Xl9BGkfJ5NJ94f3ev5fh4fs="}},"aGSfoQ4D6/dUa528jnOrR/SseFaz8P7DQRtfnsx8FN8=":{"valueMac":{"type":"Buffer","data":"L86UQjQyT5UuFKpDBmVLbgCBCgYg9ljvts2v8+jKj8s="}},"Ptnl+camEWK+81UvF/2NdvoW0erdTjWsOfqPST1m9pg=":{"valueMac":{"type":"Buffer","data":"UBxdnodI/JzkcnnR45YpVaH92+Hvl7DwKOg6odQ5bz4="}},"U0e618VEyUGRkec0rXnRZE3fzgzDAmmci1t+UZha6to=":{"valueMac":{"type":"Buffer","data":"nUFggkfnAldWQjBDXBcVp+GKb9exIr8T9a69k2cxFvs="}},"hJkWr2ppXyhjJAIu+gGL48s1Ixc7wXeKO6JYkkzOIA8=":{"valueMac":{"type":"Buffer","data":"TPe60YTdQOSGehIfMrcpD1loVqqBm5AF+lEgxOwVxG8="}},"aMn0ZkLubQthYniJ6fZpVfI8Q5UUXAjhmO5104HmGJk=":{"valueMac":{"type":"Buffer","data":"T5oG5jmnPKJ4AQh2g1BR4FknQDBpzjCMwaP3oxfL5vQ="}},"+BdjarZDW0twU8ZiQuSEexEpVICCiCmbp3+5A/vH+1M=":{"valueMac":{"type":"Buffer","data":"radUIW5SvYa3CHdPEtThmRVDM2tObEBYitI7+YyIqb4="}},"ejfvDlOPJt8NE5SV/zib029PNLMh/cu3FdiQLRA+iYI=":{"valueMac":{"type":"Buffer","data":"2XxABMR09KBYJKYFtGrE3nzh5WezhX7U0bWWzaUvH0c="}},"9WJGu9p2hhCq3SRGjM6v03ZixtyFIkbc3nOIHupU4oU=":{"valueMac":{"type":"Buffer","data":"cLwTV6WSQ2sxvWdYxTpX3xJrOTM57RMEX0e2N3gvNJQ="}},"D3XYTS9qfSTizAZb7+P7qtrzwKtSdMD/iQPrIMvneBQ=":{"valueMac":{"type":"Buffer","data":"cbCw5mCMposwo1ssK1ihrJvPngRK2Te0ZNX9wojWS64="}},"ToqaxH4vnTS0bsFAi/yl8Y4eJUfnx/ERKD2UZ/ViKMc=":{"valueMac":{"type":"Buffer","data":"P3Hki36RZrCtdSHEi2fB64L+usWqNfnRLZQCqjl9v7I="}},"ZjsnLlJDDfWORGhvxkEu1+TiImv1HhP79T6M5z3ynhA=":{"valueMac":{"type":"Buffer","data":"TSXTGOkk/2sSJ1ho4QyDwLUlBeP04/MW60yjL80zEz4="}},"pGOzOa73vcNVmRNeggrM/2i3GR/dRqTGKWAzKWc8y4U=":{"valueMac":{"type":"Buffer","data":"k+Y1z1fxWy9dxlFIJR+Q5yIUehY8KwgtmJaR3sd1bxY="}},"V/Iwt7Ib2630wrVXsaKzn5Cy6ymvQQCSLkhvrAbMY7k=":{"valueMac":{"type":"Buffer","data":"z3AXMxhK1iLWXXsm/bE5TqVQJih3lTsFO2M7mTD0B0w="}},"VPQbI3oTXwt5QzHVpATXPmAVWivK1GX0E7p96M7hN0s=":{"valueMac":{"type":"Buffer","data":"y3LVPdTH/GdmXtkENrTIuc0pH1zooM+iB8hZtZLUobc="}},"L70tLLgbBQxzcJUBqiXpsBdeYGh9atODbqP5vs9n3Rw=":{"valueMac":{"type":"Buffer","data":"tzqAnf0/BhKu4r2WNH07vE1sFpahqmzTygkB9VHz4x4="}},"7wE1gAQHwQNC5l1tsjEeDdMfr7ceB6nUJLtgVf7o5aY=":{"valueMac":{"type":"Buffer","data":"d0oQVlRVFXZ2+7B8PH5SLRu3ElPQCYmG0EtI09EztKE="}},"s9F82ErDUwvwSk0iQwRewQt5EfsFiWW/T5o327eP9cY=":{"valueMac":{"type":"Buffer","data":"iLY1HF7BU1i6BGGUEQSZ28y0iRf6zBCePYtzGHglEQE="}},"bpT7j6luIOkJ29ulu6Sn9fL4bcK4T3S551IQOWItago=":{"valueMac":{"type":"Buffer","data":"JbNI/qClD1hATQ/5ljpUY1KJdzixIN+YA0dqSrOlZrs="}},"ypUzYj9lkaUIxrVqo9cq1cZp/v1N/NOO4QC9CMoVm1E=":{"valueMac":{"type":"Buffer","data":"FpsRbWY7uEQqeP+b4vJP5Yp5llDZn+qUsC+H0dP+GxI="}},"jw0vA8nD7P04KkNBRHElRYWuXcYlsB5gsS2SVhvDVRM=":{"valueMac":{"type":"Buffer","data":"ZLIRNvGDIg7isAtF8/bV3tgLiNq6h+BHwnxpf2cjLiE="}},"YkvwSjUKB9dekhXUeJZ9LinzhWHsYzfetgfnjE4UP4E=":{"valueMac":{"type":"Buffer","data":"X2NoS+g4cooHIhYSmmiRevLCi19lHwm2392Nc393gdY="}},"hruRkdzeKmcZRdVoj8l2xP2XyZmPgZQCswjn4svg218=":{"valueMac":{"type":"Buffer","data":"NI1IHI2foCkGWWmfevN6hLsSpmQZkKVIWuNCDwArewU="}},"0JTI+rBJKfcCrNz6ewp3/xmrJ6IVy8reSH38AEsgXEQ=":{"valueMac":{"type":"Buffer","data":"HNTXXUkelXaaLXKZv70HKJyjnpURvRwQeBXrTsnDjgs="}},"6A3FYOoqev3e8dJxRbYxvbsQ99eKYqg2lm+ovQTb0o8=":{"valueMac":{"type":"Buffer","data":"Ls+YZ1UFpS4CIMDsyKc5fNo2Xk5pKYGkR4+OzoReRs4="}},"K4EKgjJadCn+VNe39qcfQ2qflX01ob9cXQcsTzVieck=":{"valueMac":{"type":"Buffer","data":"sKb856AL/JzNMNphOjfftnOJZ9y5D+AazEH0tgdpSXI="}},"Vxc3Cdm/vqtnl8Yz3Ke/XrT4eGSc/hKZhskQV2qbj2g=":{"valueMac":{"type":"Buffer","data":"XYQyHIwNWXf9EBt2SGsQRh6yIuBfNWWBhstQcg/rAOg="}},"AM4yN30ZOt9chN1rnju7IyiUecQLskzuC252HTN3X9c=":{"valueMac":{"type":"Buffer","data":"QIhsSvsrlA8e15mctIEMM4mYQGgKZP+fnw0Y4Wg9RG8="}},"oIoJx1VbPIENvbZMJF3AWg4oSlvUzuRdtPwtHRTvXDM=":{"valueMac":{"type":"Buffer","data":"pcImLYivlfVcwNxlFPCWaMi5ZHuKh0ufvZ/L4kM7Yxc="}},"NkBqhJq8Met7vHw2AzK2431c+YlKnzmfDgegIAS9OBo=":{"valueMac":{"type":"Buffer","data":"aiZyPDE177vh5p2owh/wYOgD2jZCDCTRs7WnBpGq8Bs="}},"WIF/bEECa66SARR3SylutoIdZ41y1N/d+j8jzYeuxqM=":{"valueMac":{"type":"Buffer","data":"3IRfuidIDCHmOGpsZOun2JY5pSLRzAFzCtGrpUDa1uY="}},"ismMFN1FMe7A/5VN4CYRezIWCT95j5yHCn1quwZS7HY=":{"valueMac":{"type":"Buffer","data":"+o05W2JIElWiIRXQQv70Eyrj1UdNxdFNcZippP3tIhM="}},"VzsASRG5rX/koALujnU6Vu9jS7wi65KJf3PJO4etY24=":{"valueMac":{"type":"Buffer","data":"MvXMLhISzAjenW4o2ejWM1k8rd+11qHluEK5gbfchh8="}},"tiKgR2KQik2DZsv5e7Vwk+mlI2P7kRdCAlF9vqCQKEE=":{"valueMac":{"type":"Buffer","data":"YqjBKR8getGdvZrr8SzLdBlhK8Y4466dhyYiIDljwbc="}}}}