{"version":9,"hash":{"type":"Buffer","data":"21ccwekge4+yB9W+MxogIawesvAeuNthGfbFNN1Bnjy43bephjT7jUeyR7ITKYFo6eWW15uodNyxUSyWXL7UO08JDULaywkt456dJH1UZv6xyNP+Yr6aePU0VbTTHuXJk7Jn2U4UtA7y4VQColjY2AeWhbmE3JMDYsONGNWEA6Y="},"indexValueMap":{"o65RJNhKCfj/h0sTEZPl3vYoVSiQSnLpib7zXpXItZ4=":{"valueMac":{"type":"Buffer","data":"7oOgdCDvvsXjrraPe12YoPq4P5v5+VTSG+Mzl4gmvnI="}},"m4TiryGr67PhYtextJMDDVUl1iHmuLdxFb0pxfadxF0=":{"valueMac":{"type":"Buffer","data":"4Z8nxH13K3X6rxUetO7frug59uJVCY44Bext43B47q8="}},"qsNi8xWNXvPILYN3uhM52Zzf0Mp4SwinKW5Vgx8FnBI=":{"valueMac":{"type":"Buffer","data":"Wc2EGzZFRoDBMwk2z5zjWJwIZHarvjr90X+7+ryUUyM="}},"CSnqXb+8mJes7y/dj1/F3pQbiwnWLE3phLjxiv44RcA=":{"valueMac":{"type":"Buffer","data":"ZOSx/YkH7fXRhw2MtZeOgqEc3IIQDq459hhRkBPU/KE="}},"oOcA3QaRUpHVXAgsaR9IfPeTWLPBMccXfyf3kNia7PM=":{"valueMac":{"type":"Buffer","data":"0SUzlPiBOEr3hCUJe6B9/0bcUDY7FhP3knVtjffqhvA="}},"EXFoFgX5Z1I6Sqw4tTS8jit1BLiCmGaOSAKWBZGhzH0=":{"valueMac":{"type":"Buffer","data":"8qZX7kGb1tYHBB3lCoA/h9CNAXqgjhGswyJwJfkZZeQ="}},"3ei/bJm6tFF1HgmlhxF6WOJMxU6TrIJIrsaq0LckbCg=":{"valueMac":{"type":"Buffer","data":"QPLm3hEoFIpJC9H7jjmPo88DMgyMax0nCp6rGP3bLkc="}},"ki/Fnhq9zDLQ+Mb5jx95SOvTGBUlT6rzllPzonDApZM=":{"valueMac":{"type":"Buffer","data":"pYJhmqIt/Ik6kTmJ8zsXS9M28K3HdIv8m+O+DiFFiC0="}},"UcTBZtOUQxVTSCwz39pnrQM3mskuojd7rBHuzHAW580=":{"valueMac":{"type":"Buffer","data":"fl3LpwJmVqRduDmURFCR7an28KVJnY3TQ/h03v021uU="}},"P3hUaFHX4WdFwR3APwI5UekBXmAMv6HKLGKuikkhWG8=":{"valueMac":{"type":"Buffer","data":"A2v22BDl7sNe3r3tD/3evFJ/wZmLc6P6p7vToYbpgI8="}},"XwZ04+jLNI4Vj4lQZPGIDqiVJM/vSBNqki8GPAH32/E=":{"valueMac":{"type":"Buffer","data":"L83wewWzNyrBfBifQgBuHAxY7w5uwZw23JtaH+m0FTc="}},"i93sAbhjJmVNJUTF/EzXV0DEJrDcysi0WrIQzUIGsm4=":{"valueMac":{"type":"Buffer","data":"1gQ9912n1+0+O1qORPC/UoIzFPgyVXaNg0CxkRGJEbc="}},"loKYjEHRHBUlF+xlgZCPoNJGtkORIuPDsCqEES5aAsI=":{"valueMac":{"type":"Buffer","data":"7waSyOTz2QW1iMmWnCmSFKKbLTQea7GOKLleF/gFQRU="}},"+uGCQwr9R1ukvR0WFJE6FZPEpDziMfh7mdCp7bEcYEg=":{"valueMac":{"type":"Buffer","data":"DHgIP3IaZGQh2S474j/v/qml5ph9e7yZ9VTSMSLu/Wo="}},"A1FSFqZMrhHZP1x0SP2xRiV7HhChXTRAfOsbGvP/gVA=":{"valueMac":{"type":"Buffer","data":"mqPClvv7WL88vQ42H1sTXZuS5Nz6bHR1xMaJMjrmjQM="}},"2JrL8UzKq7ChEoNzC9KrU119IkQPlaFSigyJYYpjQvo=":{"valueMac":{"type":"Buffer","data":"yMdSilFc1PS0RCTbOV1E7AlpO/oY1hnPc1GF5cfG8Mw="}},"nbLnRDOb7hKk54hUlhLmLT7FliOZlogS7XR8zDu0Z3o=":{"valueMac":{"type":"Buffer","data":"vT9pMVqGH0/jac54XJx5LkF5gEsfzYOpjZf9901k1fg="}},"2qBlNJRKHHcMowuFSZjYUyZgV9YsRc2hYe9+jhyQwh4=":{"valueMac":{"type":"Buffer","data":"9W+EiMDDK3X33uXv2lUX7iSFq+ZxqiQgf1y6HKc+3ag="}},"YFyQfC3XCzna6Ob0fOYy8knZ7+ZQ0y2pUMGjiXVwkgk=":{"valueMac":{"type":"Buffer","data":"iUQBjv9hgNZx80sWgmEcEvdlSrLZ7GmyON1hUDUN6xo="}},"anX9XZEqpvn8nHqJhG9hC/e7I6Se+xEDpJ8fTc007zk=":{"valueMac":{"type":"Buffer","data":"3n4xQlc4Nq9dfejVNA1SzTuWFiN9T2VpEtH7LAzeAtU="}},"xebyumSOWUR7i2caySOsonVcCXu0v6AisnnU2sJ5Snk=":{"valueMac":{"type":"Buffer","data":"5JnS1WKDSIjgVt+Kx1zzdUmy2XgahoGcpv8rzPb9CBs="}},"4R0ECz4a/x+fQ37ic5v4Zi60BzNCTImZZ2+e+INC7Rc=":{"valueMac":{"type":"Buffer","data":"a3e1j93eTBVn/sPqozQnsFBrL7oA8sfjPj/13zFQ0UQ="}},"RgA5t83e44Gxxn1v6gizEVzXl3eIQufgwKsurhZ6jhs=":{"valueMac":{"type":"Buffer","data":"F5kh9elU7TNx2E41t+GaTbvDEKUe6ElhlfunYfr/NKY="}},"TOZYb8F6i4jEB1QJ0XU1GhhhOEd8HOcV51Q8r6dZa7Q=":{"valueMac":{"type":"Buffer","data":"L6PtLG/L6kxbCIZmaXPFdTK5AA0TCIS72kCbIbZQbKk="}},"d4rl+jc86YYigeqcTKwR4RBXu5X301oR+p9GbfURqxE=":{"valueMac":{"type":"Buffer","data":"oN2T5ggN5DMTDEhEbNxGD+RBFSCFXGgyxPsUgEa3EPM="}},"pFCApDNFoRZiCTt4XLj7djt1tNo8CiclKkR4xfSCiYI=":{"valueMac":{"type":"Buffer","data":"pw6zxDngpk/yt7lu4P4TVRM+/sBBeyoWFyLowMN2GjA="}},"TDOkCmVLbl6XX1M8utkW6JA079Zn8aCC8fRnxjVjDAc=":{"valueMac":{"type":"Buffer","data":"QutX/xX/YNMe8wCZHZBW+p5tzYtYW9z6YJPOK3r4qc0="}},"fBrDSFrObv/xy4mlMgUcpKA377H9gBD168KzKAdVX6Q=":{"valueMac":{"type":"Buffer","data":"/Ng1Dip0/+KtPbLT1EjyZp2zNy5d763CfKYDbRH1U/I="}},"U2aGRKOhYVmugspoHuoswtpqf/988ly9ZWe19bOXrRI=":{"valueMac":{"type":"Buffer","data":"U6TG/ops0ZYpG6RPIkOKlOa1YRxleqvzWBXSwMN4U10="}},"X+edSAR5olPzSYCM9ADc9v+8X78JALP3W6FU+ffqPHk=":{"valueMac":{"type":"Buffer","data":"bChH4jX20DR2285r3MdD0Z6Q3L9cswC9mCuE7L0KUtc="}},"XZJcbd18SUK/QwSnIy1Qn3qivbNqH0gwg+DBgGCTlcM=":{"valueMac":{"type":"Buffer","data":"uJKi37f8mb2SbEkV+z4CKBfaaJ3z0VbSXOtf3kbWVEg="}},"sNtQM6VS91a5XdQNt+MJP6yoFZO4DTrVbVfAHEFo2s0=":{"valueMac":{"type":"Buffer","data":"G8r8sy5s5+Wvogeohf/H6Prjxrl+dRCJQW+bwjsVEqE="}},"y0bWjK+Fja5ay8HzaKyVnK7Pfude8HJJ4hASy06aDUA=":{"valueMac":{"type":"Buffer","data":"dgHwFBEsjTtdnEqWQCxr8SA9tS1/NOyVpSzJuc6Lsus="}},"z/lsUj2acduaKzB/ZINg/LMvjk/F14z/x7o/FHyW3WI=":{"valueMac":{"type":"Buffer","data":"eHL0GH5ByMuR6o0YnyT3xbzC7VG69lPwbBwCTrsaWMc="}},"Ny/BLESpaHihx/gu9Ve1wcX3/WYWToe5lkB4ASJ5tdw=":{"valueMac":{"type":"Buffer","data":"moBIlLr+YJi63Rutkvv8XK0q7mI8cUkbDh3zVeB0eJ8="}},"SD4vOTATR2XOr3mvZkqA2IAbhshUCTfw3M5f5WcFQbg=":{"valueMac":{"type":"Buffer","data":"1q3RFwgCUIpW0TzyLZbd4OV+GDYv4q4TH+vWgHCLpUw="}},"Ul8nKl1r1viuCE/GilxLsk7nG79JlAEK/SU8wLDMxZ4=":{"valueMac":{"type":"Buffer","data":"hhJm38LVG+ddgug5Y11qQiisspUKxFUufp8kPdodlg8="}}}}