{"noiseKey":{"private":{"type":"Buffer","data":"UJwhqHXy5eDU/dGHIhcmuiy8uvIfvEqT16+yM8TCFF4="},"public":{"type":"Buffer","data":"T9Obxswd4zyEfy7SZ5Af6OiMIeGHC+hmsymOHjxxT3Q="}},"signedIdentityKey":{"private":{"type":"Buffer","data":"8NrJNbY83x7EOBj/H+ahEo9EQTFKVfEyaCh/KYdQ12Q="},"public":{"type":"Buffer","data":"Eb5AYxXC/eQr4nYHI+d3tUoiCFAaV1vThVKnyIukgw4="}},"signedPreKey":{"keyPair":{"private":{"type":"Buffer","data":"yGSL307wwqu3pVjNRonbCwlTA3psqeVukdoyzE79H2o="},"public":{"type":"Buffer","data":"lJAe8QKrD87la/fkKkF3L4RsuhMXuOjdF3plW/KEP3o="}},"signature":{"type":"Buffer","data":"gTfhzXBMXK9Z5DPbSTMbtmC98aKdNoBHh10BkYWYGgYXlsUZ04s/pjqSYiCrmL+tApjNHG7rL7/FfJIpjvilhw=="},"keyId":1},"registrationId":50,"advSecretKey":"ZZGzT2mrz0Ofapn8CRo9MATWxG3chzzfxxqtHk6b2GI=","processedHistoryMessages":[{"key":{"remoteJid":"5511940243429@s.whatsapp.net","fromMe":true,"id":"6E10C539C07AF6D29FA366ED5C7608CD"},"messageTimestamp":1688074725},{"key":{"remoteJid":"5511940243429@s.whatsapp.net","fromMe":true,"id":"11FBEFD488E4996EF7E57C1A0D91A852"},"messageTimestamp":1688074726},{"key":{"remoteJid":"5511940243429@s.whatsapp.net","fromMe":true,"id":"C209F4FA34F1007B9C5ADD405FFCC05F"},"messageTimestamp":1688074742},{"key":{"remoteJid":"5511940243429@s.whatsapp.net","fromMe":true,"id":"F947C38ED4EB9236DBFE2C2AFBE272CE"},"messageTimestamp":1688074771}],"nextPreKeyId":130,"firstUnuploadedPreKeyId":130,"accountSyncCounter":1,"accountSettings":{"unarchiveChats":false},"account":{"details":"CK+42Y8HENrz96QGGAE=","accountSignatureKey":"l3sbN/xyXEY9v2FusCD3yOI2gsySt2Vm/1PkaHsO6jU=","accountSignature":"W3MKzsjr8fdsDujGC9wcC5jGLbghQAUxZ57/vdYQy++QGpB2IICelg+ChhPIfhV97k+XKNqRlgbu64afky9GBA==","deviceSignature":"o97tbfEiNyPGzdokBSf6JS+LGmZHlMDsbMr/9FafuoRv6HvhUx8frYea7mXiUwemZjdOeH+xxSpSKQHESOgHgw=="},"me":{"id":"5511940243429:3@s.whatsapp.net","name":"PPK SK1LER"},"signalIdentities":[{"identifier":{"name":"5511940243429:3@s.whatsapp.net","deviceId":0},"identifierKey":{"type":"Buffer","data":"BZd7Gzf8clxGPb9hbrAg98jiNoLMkrdlZv9T5Gh7Duo1"}}],"platform":"android","lastAccountSyncTimestamp":1688345431,"myAppStateKeyId":"AAAAACSd"}