[{"senderKeyId":1880414557,"senderChainKey":{"iteration":6,"seed":"a9ICJV6W4baVTV2zmc5ev13Ps82diVMx8NtfBR3ll+0="},"senderSigningKey":{"public":"BajNWcJohVSN4duHEkcyLDHYGWYsLoT8M7Ob0YqLr9F0"},"senderMessageKeys":[]},{"senderKeyId":1389379385,"senderChainKey":{"iteration":3,"seed":"/fVHamI/XJio0QPCgjvWe/3gmp+tctxp8wVfpPwt7IQ="},"senderSigningKey":{"public":"BZKhEfg0UE1w37qfQwmhZzC82OK23gvgjoZpPFQt1T8v"},"senderMessageKeys":[]},{"senderKeyId":1389379385,"senderChainKey":{"iteration":2,"seed":"TUh4/ZdC4h0/wluHgaiqwydgdX5zU9/zFZK/G3xAxws="},"senderSigningKey":{"public":"BZKhEfg0UE1w37qfQwmhZzC82OK23gvgjoZpPFQt1T8v"},"senderMessageKeys":[]}]