[{"senderKeyId":533991921,"senderChainKey":{"iteration":2,"seed":"nftQLi89xmtmnVj/1NYV6CLV/n86V0MyZbw0LAhg5t8="},"senderSigningKey":{"public":"BdihBu1HyZGkC3eM8x/MiTlez4EaT7JghFwS7XaqOUk1"},"senderMessageKeys":[]},{"senderKeyId":1344557660,"senderChainKey":{"iteration":3,"seed":"ijn5E7SgDf6ut9lEYAPpSunCgNSp9Nh0tBnpyViDbb4="},"senderSigningKey":{"public":"BdqL0hac6B47oWwv17lorXuB46SpHhQErCcK6fD0q8VI"},"senderMessageKeys":[]},{"senderKeyId":1964146323,"senderChainKey":{"iteration":5,"seed":"N6jXAd1oHKJ82PNHh7q9PbIJACoYfBKNPTLaX7SNUpA="},"senderSigningKey":{"public":"Be+B2vNwfS6CnlRbP3QIRb+UKyfHbewmPABUbOJbnG5O"},"senderMessageKeys":[]},{"senderKeyId":1964146323,"senderChainKey":{"iteration":1,"seed":"RQKSmz+8h4CIDK0leTdq4y8ZkE9LfpGKqiPn0ah5ZFY="},"senderSigningKey":{"public":"Be+B2vNwfS6CnlRbP3QIRb+UKyfHbewmPABUbOJbnG5O"},"senderMessageKeys":[]},{"senderKeyId":1732862937,"senderChainKey":{"iteration":5,"seed":"Y8ns06MvgQaWb2df4z5w1Zqa1+RAPDHx81BLYiuoyMA="},"senderSigningKey":{"public":"BYHkvKvPDVzRkLdebcDRrTL8w4ZZJloo3n0HJgqjt7JA"},"senderMessageKeys":[]},{"senderKeyId":1732862937,"senderChainKey":{"iteration":4,"seed":"Y8j+76TWEUSjvORjimF5L2kddIccF0NneDceCCu7soc="},"senderSigningKey":{"public":"BYHkvKvPDVzRkLdebcDRrTL8w4ZZJloo3n0HJgqjt7JA"},"senderMessageKeys":[]},{"senderKeyId":1452564454,"senderChainKey":{"iteration":18,"seed":"hYshxnchKdORCa3klLhutfZmABQkBJDdybJTtsoDo+Q="},"senderSigningKey":{"public":"BavXDX/x7Lpp1XEkGrfHehF0rPFHlRx0ak3KPkpip2RQ"},"senderMessageKeys":[]},{"senderKeyId":1420892513,"senderChainKey":{"iteration":2,"seed":"2beLkdowOWLao+TIFsL4BpHC2bc/HCMMw36QyqPiVlM="},"senderSigningKey":{"public":"BU11Yd10Jz7kKcCABQtRo0QfBrHU/EjuuJCmK8GQnXRN"},"senderMessageKeys":[]}]