[{"senderKeyId":1164615526,"senderChainKey":{"iteration":3,"seed":"KvMfPPKwMCaL5tpi7ujyP5O83v2ZU22461vb+UGI0OI="},"senderSigningKey":{"public":"BRYgiiy+qLvc7Ie2H9mgYqBMrFeis1riLkyWBjbv7NdB"},"senderMessageKeys":[]},{"senderKeyId":1843991700,"senderChainKey":{"iteration":2,"seed":"8oYTJUE1yjBWrlEfSbxiTU4H/pv2nKlWGZVvB5q3ub4="},"senderSigningKey":{"public":"BSmvLuUEaLWRYeu8IvpF3u+WRwev/ZYC324DoxWDLFAI"},"senderMessageKeys":[]},{"senderKeyId":991413613,"senderChainKey":{"iteration":3,"seed":"86Z2laUauLft2A3vDIrcATqiRfHjeILAum7UHRBFCuY="},"senderSigningKey":{"public":"BY8SUdxPB2Sh0Rla/kdMd7OSgB2selrEV+03ywxGUWZz"},"senderMessageKeys":[]},{"senderKeyId":1123552048,"senderChainKey":{"iteration":5,"seed":"H5l7IByuIpWhpItPeC87KoYRyQTwUJqQgJ/ROkdlulQ="},"senderSigningKey":{"public":"BfEzCcEh2GXXMAADQHdf9g//kPjAY/n9BbopXIMqayMZ"},"senderMessageKeys":[]},{"senderKeyId":1078677401,"senderChainKey":{"iteration":5,"seed":"pfhgI6ATEzAoHB/ulNpD2sjO/ovkWTUx70sWIwiHwlw="},"senderSigningKey":{"public":"BXnV5OhIY2l6hQqMOEL7dvss7LG/Erl8w2EGZDRX5cR+"},"senderMessageKeys":[]},{"senderKeyId":829883003,"senderChainKey":{"iteration":3,"seed":"hYfpD2tPSGmM7CjdB+JFm2q+0S59g0u2F+KlQ1EiJ9o="},"senderSigningKey":{"public":"BRieqNOxW4KlCYpLYNVHVtQPHArMwqoXPq4/TLPHE9Fo"},"senderMessageKeys":[]},{"senderKeyId":1080705995,"senderChainKey":{"iteration":3,"seed":"k57u+T2VT56WkVjkYwU6lwUkmh2uPPaR8OBFRw2LjJk="},"senderSigningKey":{"public":"BWa1fkcs3PF67UeCrrTdMrX4+3lyYYFl5AM76m82LkI5"},"senderMessageKeys":[]}]