[{"senderKeyId":1608216395,"senderChainKey":{"iteration":34,"seed":"yRTFMOqiU5ESCXzxiWwn0fXs/MRCu+cqCTmSTMHt3NE="},"senderSigningKey":{"public":"BUL2pkuZlYHZZSPMmz8Nxu429IckGfGhtf0rpvDfXLBe"},"senderMessageKeys":[]},{"senderKeyId":1608216395,"senderChainKey":{"iteration":21,"seed":"HgrIO/iZQKUzS8jPFbZW5VPx2k7+AOS17KmLf/Ud4Wc="},"senderSigningKey":{"public":"BUL2pkuZlYHZZSPMmz8Nxu429IckGfGhtf0rpvDfXLBe"},"senderMessageKeys":[]},{"senderKeyId":326887542,"senderChainKey":{"iteration":7,"seed":"J1BmWZ82yM0dZVoh1f5iGSWCUu4NeHGywGhpv6KmZu0="},"senderSigningKey":{"public":"BSDMI8KMvP6w6fpn5m9iejOjE3+GSIOImORKHZI0x5Mw"},"senderMessageKeys":[]},{"senderKeyId":2128785461,"senderChainKey":{"iteration":2,"seed":"fW8yVahg284auR+7FqCskHT4P5wZRn9/0L/Bn+KQkUI="},"senderSigningKey":{"public":"BWxv/Nk1T99vVDrUkcZa81OHEuEuKiTf5C9z3/rgBo5D"},"senderMessageKeys":[]},{"senderKeyId":2128785461,"senderChainKey":{"iteration":1,"seed":"niK2bJdvLt+3fRcCCCb9dMVRsYZf3xFgNELMeJ03ky8="},"senderSigningKey":{"public":"BWxv/Nk1T99vVDrUkcZa81OHEuEuKiTf5C9z3/rgBo5D"},"senderMessageKeys":[]},{"senderKeyId":147312293,"senderChainKey":{"iteration":3,"seed":"Xg5/aDr6LmdSNBi+Qkd7tSTuTslcbpgaIJmLSWfL/oo="},"senderSigningKey":{"public":"BRBwH8SA5wW3YmCKL05drIGAsJaVJR0RudDNmiI/jIAd"},"senderMessageKeys":[]}]