[{"senderKeyId":1767995744,"senderChainKey":{"iteration":24,"seed":"tbvJ3PDC93mqwIekemBiGS543iRLHKD8XNO5KThW9eg="},"senderSigningKey":{"public":"BQJP+JcCh6kZB+12HAG+WVJWaG+8sRaynZgVduhHHm5W"},"senderMessageKeys":[]},{"senderKeyId":1767995744,"senderChainKey":{"iteration":7,"seed":"eKLK7d7FZ2cL32elZptVVUi+hd66jRtA2vNPF/ILe2Y="},"senderSigningKey":{"public":"BQJP+JcCh6kZB+12HAG+WVJWaG+8sRaynZgVduhHHm5W"},"senderMessageKeys":[]},{"senderKeyId":1767995744,"senderChainKey":{"iteration":8,"seed":"PDxHIf8bg5cfxxNVGtXyTSnLM0Ouu5V2NbogeBGSBj8="},"senderSigningKey":{"public":"BQJP+JcCh6kZB+12HAG+WVJWaG+8sRaynZgVduhHHm5W"},"senderMessageKeys":[]},{"senderKeyId":1767995744,"senderChainKey":{"iteration":9,"seed":"lzeW0U2Uv9UNKtxbnQQrSZJHNpSY57TeFVf+QJdrIoQ="},"senderSigningKey":{"public":"BQJP+JcCh6kZB+12HAG+WVJWaG+8sRaynZgVduhHHm5W"},"senderMessageKeys":[]},{"senderKeyId":1767995744,"senderChainKey":{"iteration":12,"seed":"5ln0sDFJc8ZnKjRztFQehaDIdBFrtc9FGV+He3fzz2E="},"senderSigningKey":{"public":"BQJP+JcCh6kZB+12HAG+WVJWaG+8sRaynZgVduhHHm5W"},"senderMessageKeys":[]},{"senderKeyId":1767995744,"senderChainKey":{"iteration":13,"seed":"y6eMCIhlhytEVR4t0avHF9yolEzBlqFcGDH6tTSaQ4Q="},"senderSigningKey":{"public":"BQJP+JcCh6kZB+12HAG+WVJWaG+8sRaynZgVduhHHm5W"},"senderMessageKeys":[]}]