[{"senderKeyId":599969219,"senderChainKey":{"iteration":11,"seed":"nVBn8rd7vaVtQTQ+2xs8038Te07EBJOYFAhZoy3f0Lo="},"senderSigningKey":{"public":"Bc+J3mFrQ1hqww8IHWBijIEs/aJrk55nB0kULipLf2ZF"},"senderMessageKeys":[]},{"senderKeyId":1441698450,"senderChainKey":{"iteration":156,"seed":"IGn5Acln4hwaEuXvVeVWJQKtfxt7Lz5i7/fjw735CCc="},"senderSigningKey":{"public":"Ba4yYuOna6i2xrD2bHgpxZXjxQQQqw5A85hHseCQiMQX"},"senderMessageKeys":[]},{"senderKeyId":1441698450,"senderChainKey":{"iteration":142,"seed":"oR0PpJz+C/+9yNZLRIkRUlDYXWGkYWpiCmXnATPmu3s="},"senderSigningKey":{"public":"Ba4yYuOna6i2xrD2bHgpxZXjxQQQqw5A85hHseCQiMQX"},"senderMessageKeys":[]}]