[{"senderKeyId":1475519920,"senderChainKey":{"iteration":1,"seed":"bF9f978xuYqXgqUbAd2E9TvKAMOjT10n4BgQLM8r1Ig="},"senderSigningKey":{"public":"BUENJeeyhzk4XLNM3RoEyQ8ZCCyBjrtr+Ops+9eK8ro+"},"senderMessageKeys":[]},{"senderKeyId":1932382434,"senderChainKey":{"iteration":2,"seed":"MWX0dCm1DTxz9belVSCw+NwDO5JOy1PCYKJK6OdJH7Q="},"senderSigningKey":{"public":"BfdaRz1O1M2LSJLIkehxI1E+3l2A1TaJ6O9an1TEDUYi"},"senderMessageKeys":[]},{"senderKeyId":478362853,"senderChainKey":{"iteration":3,"seed":"0/PLqmXm5ZMQHYrumY62xU4YAD3YzpRbvjjSZD/pTDE="},"senderSigningKey":{"public":"BeYvo75rHUx1E+rpncI+AoWcixS40iV2fpbOcr3gaU4U"},"senderMessageKeys":[]}]