[{"senderKeyId":1436185664,"senderChainKey":{"iteration":7,"seed":"dtP5Z4yss4lUBTtVFSVFSii8Xi/weDBGNdJrEWNI248="},"senderSigningKey":{"public":"BXiUMezPUcgqDnmCsMgRZSw3/tJggVIHjmboVIAhf+5v"},"senderMessageKeys":[]},{"senderKeyId":510148018,"senderChainKey":{"iteration":6,"seed":"LesAtoSYdYu3GTHjmDRFYJLBEhAJx7SylTNjGLLUeCQ="},"senderSigningKey":{"public":"BVLTYW0jt7t0VOinNoyziomogbbmZ4lKPTGeSmcS8/Up"},"senderMessageKeys":[]},{"senderKeyId":510148018,"senderChainKey":{"iteration":1,"seed":"v6CyInGgCPVXxdQHu1htqr42QWmn7ihJ7l5meHVmxs8="},"senderSigningKey":{"public":"BVLTYW0jt7t0VOinNoyziomogbbmZ4lKPTGeSmcS8/Up"},"senderMessageKeys":[]},{"senderKeyId":510148018,"senderChainKey":{"iteration":2,"seed":"MAqE24i/8dsYVl+m56BUu8cyGyo9xbZ5/yHRCaov7oE="},"senderSigningKey":{"public":"BVLTYW0jt7t0VOinNoyziomogbbmZ4lKPTGeSmcS8/Up"},"senderMessageKeys":[]}]