[{"senderKeyId":1997688637,"senderChainKey":{"iteration":20,"seed":"f/fx/ImPTu3utp+k5DNXWoAbilbetWrK42WGzGUI+JE="},"senderSigningKey":{"public":"BdiYRxXYlt7TCV9SdEmgdTtVK9nJKLGcbgrSEO+qHy58"},"senderMessageKeys":[]},{"senderKeyId":1997688637,"senderChainKey":{"iteration":1,"seed":"SZ4mmimnHIOOLoSBHayLyCJ5zQz9/KTc74ixMjzdXuI="},"senderSigningKey":{"public":"BdiYRxXYlt7TCV9SdEmgdTtVK9nJKLGcbgrSEO+qHy58"},"senderMessageKeys":[]},{"senderKeyId":1107217671,"senderChainKey":{"iteration":39,"seed":"lTWK1bbyrute8SSQZCsEfvPIJsm1ORVmI3BfJ29m0Fw="},"senderSigningKey":{"public":"Bdn3marE8o1mBfhz7yT9ALxlsPsXc3ZPHmnep/DVKN5n"},"senderMessageKeys":[]}]