[{"senderKeyId":314233513,"senderChainKey":{"iteration":5,"seed":"RP9zgqcJwRp3BcqsR337rREfq2V5kh77CsAHGoCdNKo="},"senderSigningKey":{"public":"BZ9go+rvjsaTyL4z4rwKCLH6BxBvuKRX9/DrfK5pIukC"},"senderMessageKeys":[]},{"senderKeyId":314233513,"senderChainKey":{"iteration":0,"seed":"i51GnR7jVxnQj07bWUbH5oJ1VDVGgDcdLmjZi4kROsg="},"senderSigningKey":{"public":"BZ9go+rvjsaTyL4z4rwKCLH6BxBvuKRX9/DrfK5pIukC"},"senderMessageKeys":[]},{"senderKeyId":1497531495,"senderChainKey":{"iteration":1,"seed":"CiEB92FEEd1OC39uaue/js+DSCp0uhBd/vZTj9Donsc="},"senderSigningKey":{"public":"Bf0VERciph3aMclCrUEsnNXRaiJISOLMkQ7wIlwLVNNC"},"senderMessageKeys":[]}]