[{"senderKeyId":2095383922,"senderChainKey":{"iteration":9,"seed":"842EPqEnoWo1bUMwkHhGD0wOilWdQrMfyzmJqTQ+Or4="},"senderSigningKey":{"public":"BdDwLaOCaiR5PDGpB7weofUk9X+HbBeuirMft2xJd8c0"},"senderMessageKeys":[]},{"senderKeyId":2095383922,"senderChainKey":{"iteration":1,"seed":"kPPxHqlQVdxItsjmkwQ+1edH4DxzvDOwmMj7O2NY/jg="},"senderSigningKey":{"public":"BdDwLaOCaiR5PDGpB7weofUk9X+HbBeuirMft2xJd8c0"},"senderMessageKeys":[]},{"senderKeyId":1756428939,"senderChainKey":{"iteration":2,"seed":"Gcaim96/XwPlU2hmY9MKRphd6geWM2lUWoqwUrU929E="},"senderSigningKey":{"public":"BVLSQwtlPlY+t4dJMNOrJoDHXJHfr06oj6ifQISJsm0X"},"senderMessageKeys":[]},{"senderKeyId":1756428939,"senderChainKey":{"iteration":0,"seed":"w41U0VpOCHyXPKebaPb2mGNC5JEKGS384GDHExoHKks="},"senderSigningKey":{"public":"BVLSQwtlPlY+t4dJMNOrJoDHXJHfr06oj6ifQISJsm0X"},"senderMessageKeys":[]},{"senderKeyId":1756428939,"senderChainKey":{"iteration":0,"seed":"w41U0VpOCHyXPKebaPb2mGNC5JEKGS384GDHExoHKks="},"senderSigningKey":{"public":"BVLSQwtlPlY+t4dJMNOrJoDHXJHfr06oj6ifQISJsm0X"},"senderMessageKeys":[]},{"senderKeyId":37620393,"senderChainKey":{"iteration":8,"seed":"XnTVs4gs8BP0TScIdeNnDmCW2jYR0ugFyylGsdAiNOA="},"senderSigningKey":{"public":"BX6FvLLBSopAKy7Z1B7RfInMEU6Ax5jC09RqWfCq1R9b"},"senderMessageKeys":[]},{"senderKeyId":1053243239,"senderChainKey":{"iteration":5,"seed":"X8kqEYmTgkEVTytkerdiQ5eHLAGuxbWK1tn2IaAEhvM="},"senderSigningKey":{"public":"BWiy2cH8oRztfJd+nhvMkPmWBn8uPyyBjweQqNbQLSdF"},"senderMessageKeys":[]},{"senderKeyId":1813898824,"senderChainKey":{"iteration":2,"seed":"oqcjZXE9vtnDApbK7yzrBEDJ3nH4Zi6HZmX+4OMLrn4="},"senderSigningKey":{"public":"BTP87joGPqQLp1scLRE7ElxSUE29XlEcGpBUKwLSs7kA"},"senderMessageKeys":[]},{"senderKeyId":797323904,"senderChainKey":{"iteration":1,"seed":"Mgz9A+7brkt5CA3QIBg1RE+kmVXDbVfqRLmns6uBE74="},"senderSigningKey":{"public":"BQicnPM3YwCByfdWffOpC/M4YdMIGFudTQCFQWhjnc8f"},"senderMessageKeys":[]}]