[{"senderKeyId":196401120,"senderChainKey":{"iteration":5,"seed":"W6Cb70UCXorjjjB/Z21XC22fwP7Wv4r/KI3GQH5aZ24="},"senderSigningKey":{"public":"BfDTyo+O/9yHVnWhn0gLGYzBXO9PsIZvFtn6rJ8OGD4J"},"senderMessageKeys":[]},{"senderKeyId":1444588271,"senderChainKey":{"iteration":1,"seed":"gXTTrGKd9HUxU3pIgOx3rEqmNMuD2WyPYCtLKG/Z+Eg="},"senderSigningKey":{"public":"Bd0IoGefvNH+sVdYN63tAXVA0NT0rad3JJ6ciDZ/Fdtz"},"senderMessageKeys":[]},{"senderKeyId":195053271,"senderChainKey":{"iteration":2,"seed":"go+rKYro0NLkPUQnNM0XjlV6t/nXXx/kbIkrrMrSopQ="},"senderSigningKey":{"public":"BWOLsn5ybkL8yORgboZWj8k7j54XYWE+bKZoq7dTPGFx"},"senderMessageKeys":[]},{"senderKeyId":1166450931,"senderChainKey":{"iteration":5,"seed":"6fw5fSPOIC0Qv3Q3mia8/60DAZLHx8mdjI/B5FYuuXA="},"senderSigningKey":{"public":"BaZqqZ2rrSzGjOiVJldsYzL5PmeFnr1l5PHxzKeDhSl2"},"senderMessageKeys":[]},{"senderKeyId":603641851,"senderChainKey":{"iteration":9,"seed":"uRbd6aDl35LdzS+NJXuxvd3Ta2GZo5ZsDKQgO+/CvgY="},"senderSigningKey":{"public":"BaGD2W5XIw0tajDd7xfR0xj9knExZ8hOKhzXf8OQlKco"},"senderMessageKeys":[]}]