[{"senderKeyId":1749460462,"senderChainKey":{"iteration":5,"seed":"Wvq/Cv3eDBi2BUn/Awvdsjk6E4pQ67+Se5um4+BmWvU="},"senderSigningKey":{"public":"BXl7gG2sCwGPdoBXfLomJnOTuHkSIc8Q1kTXGA6S+L8O"},"senderMessageKeys":[]},{"senderKeyId":1749460462,"senderChainKey":{"iteration":0,"seed":"B24wd2GIwoMzzJ0PCrYP+3O7MrRl1FIgPX00w71FVYg="},"senderSigningKey":{"public":"BXl7gG2sCwGPdoBXfLomJnOTuHkSIc8Q1kTXGA6S+L8O"},"senderMessageKeys":[]},{"senderKeyId":1749460462,"senderChainKey":{"iteration":3,"seed":"HujPNVUqa6K/4xEV0hmPCcAGPcHzGM/vZTIgI3Uglkw="},"senderSigningKey":{"public":"BXl7gG2sCwGPdoBXfLomJnOTuHkSIc8Q1kTXGA6S+L8O"},"senderMessageKeys":[]},{"senderKeyId":247643871,"senderChainKey":{"iteration":8,"seed":"a4s9VJ4ggRnjfe8BB4tDeQvOe5oBcCo8CJLyQ2Hu/A4="},"senderSigningKey":{"public":"BdJW/4CnLyi0WbL5XPvlOYSX8wWykAygPdSBYVdZY2Vp"},"senderMessageKeys":[]},{"senderKeyId":1587120687,"senderChainKey":{"iteration":10,"seed":"sXAeL5zY/DpZXMA0HkzCcAsqNRAr0LROzKDddbAckgE="},"senderSigningKey":{"public":"Bb7DMIYpTc5xolraiAk0nYMCB6uW1BxcZeKh+xvlcKxS"},"senderMessageKeys":[]},{"senderKeyId":1359682024,"senderChainKey":{"iteration":1,"seed":"JNSYhsYyWMCaTsS7tiabVgeRBoDZy79bzvnEGOulM1g="},"senderSigningKey":{"public":"BR/Sp9gYGKorw7mVyZWlFffAXVxKxkyQeFGXnn55QfVL"},"senderMessageKeys":[]},{"senderKeyId":2019227294,"senderChainKey":{"iteration":3,"seed":"+JSJijDO+igUl+iP65gYiIsEGCBA3mTuV/9uOdJpYMg="},"senderSigningKey":{"public":"BW7VSGdRnRhqR3MSqwkS2s27ewFV0mxQ39Mn1r2/U8Nm"},"senderMessageKeys":[]},{"senderKeyId":2019227294,"senderChainKey":{"iteration":0,"seed":"fQjDJBHjkdozGM6hAydF2rXdSXNuMUNy/DKeCwoncZk="},"senderSigningKey":{"public":"BW7VSGdRnRhqR3MSqwkS2s27ewFV0mxQ39Mn1r2/U8Nm"},"senderMessageKeys":[]},{"senderKeyId":2019227294,"senderChainKey":{"iteration":2,"seed":"pniDb69z+hDTSdRUmAlJZeOuqrA4LfsSkQoehYKFvzo="},"senderSigningKey":{"public":"BW7VSGdRnRhqR3MSqwkS2s27ewFV0mxQ39Mn1r2/U8Nm"},"senderMessageKeys":[]},{"senderKeyId":1623552514,"senderChainKey":{"iteration":5,"seed":"15NZJLNTa0hBhY14Ige+4Z4XO4mTwPSVVWU54WpIhTM="},"senderSigningKey":{"public":"BVzkzna0KRuh9HqLUTShX1lUAJn1bl5M2Qma7gsRJ2Eo"},"senderMessageKeys":[{}]}]