[{"senderKeyId":280280076,"senderChainKey":{"iteration":8,"seed":"tN38x31hZzAnn3Bjn0UJS54+PXXWdjNLm5ftly6LTIY="},"senderSigningKey":{"public":"BQWfr/iPN2pWubC1twXiyfEmEWM2rDfGcQo+vTXErjFQ"},"senderMessageKeys":[]},{"senderKeyId":1463317127,"senderChainKey":{"iteration":3,"seed":"EEhvqFbXJ8Ic8vREN84lpSEeTFo7bUP6yv0IbX7Kvwo="},"senderSigningKey":{"public":"BXBbZ2iKOGxPh/SrETENLRAfrqmvg442R/RujnnnJ3sr"},"senderMessageKeys":[]},{"senderKeyId":1463317127,"senderChainKey":{"iteration":1,"seed":"+XMlbr9JzhGsWKCKxEoXDb5VwcqXkOQjGm+j7RB3eIY="},"senderSigningKey":{"public":"BXBbZ2iKOGxPh/SrETENLRAfrqmvg442R/RujnnnJ3sr"},"senderMessageKeys":[]},{"senderKeyId":1746429706,"senderChainKey":{"iteration":1,"seed":"gy2x9YncGkLhp5ph57C3H2F/jm0ErPyuPb8gd0/HMjs="},"senderSigningKey":{"public":"Bf4BUpYJSgpeaD8OwNQ7ZDjOhjvEQUNVk1eIALTFxTx1"},"senderMessageKeys":[]}]