[{"senderKeyId":345592984,"senderChainKey":{"iteration":2,"seed":"oaX0Znn0O0JQDlqhebwRbSRYh7NV2zCobBRtRrYRH2w="},"senderSigningKey":{"public":"BYRZgvRW2hnSE3X6Y15cE1+oWaFKZTHsrHkYmcJ5DLBv"},"senderMessageKeys":[]},{"senderKeyId":1155387030,"senderChainKey":{"iteration":2,"seed":"Np6FTPAi5Edk1t9P8eO6uCB/M+4Wj8bs0zi5ZRMsw3Y="},"senderSigningKey":{"public":"BdgXs3Nb5jv8QawNqne0IefNLtQV0fjCxnYnIytDmqYz"},"senderMessageKeys":[]},{"senderKeyId":1155387030,"senderChainKey":{"iteration":1,"seed":"7Vbsm1/XSam4Zvf+emIAzMNUS1eBobFjrD1p0ztO0zY="},"senderSigningKey":{"public":"BdgXs3Nb5jv8QawNqne0IefNLtQV0fjCxnYnIytDmqYz"},"senderMessageKeys":[]},{"senderKeyId":254451221,"senderChainKey":{"iteration":1,"seed":"vyvyJZtaVF/nVZwIjBQZe1JJDpIfM/3m1pxqh411BXg="},"senderSigningKey":{"public":"BUhZAIZXLroIjebtyiQRjCIkbptCS3RuGCRGCZi6T347"},"senderMessageKeys":[]}]