[{"senderKeyId":1338961843,"senderChainKey":{"iteration":11,"seed":"ldfg3m7AWZ1HLpp47mKrqqsIN6mH2teKSOLLaONQGgM="},"senderSigningKey":{"public":"BWWniSjoAGeCtdtcf+Sv/bYhVEmAD26e+DVIQWjcn1x2"},"senderMessageKeys":[]},{"senderKeyId":1315138772,"senderChainKey":{"iteration":8,"seed":"4+WyzaLjVhcJo403/mx+kWqZtwDccvhUp0WEf09/D4Q="},"senderSigningKey":{"public":"BbAPQ7toVa3BIOYAfREUdEXy/JrVKoFlK+YKHpIH4AtR"},"senderMessageKeys":[]},{"senderKeyId":1125329128,"senderChainKey":{"iteration":13,"seed":"Q8dY1NNppW99fGcQkS0YGF0VRBCVWxbaLGv+RQcelUY="},"senderSigningKey":{"public":"Bfa2yGSxBgktNk5D+4ZkSuze+ubZ4ymP3bDXE7ghMrF+"},"senderMessageKeys":[]},{"senderKeyId":1125329128,"senderChainKey":{"iteration":7,"seed":"QHpdmkz9RtUxSJbFEGetmry7hIVNyRd75Fu2wBafHxI="},"senderSigningKey":{"public":"Bfa2yGSxBgktNk5D+4ZkSuze+ubZ4ymP3bDXE7ghMrF+"},"senderMessageKeys":[]},{"senderKeyId":1700068196,"senderChainKey":{"iteration":1,"seed":"Qx5gV+jdw+OgC58Xv+Y1FC6v6OUUlgTKtVn6lNLRa8s="},"senderSigningKey":{"public":"BVZ9e5IKmBS82Hazd6Sz43VJ/vKnr5E/Ale+/51KymQS"},"senderMessageKeys":[]}]