[{"senderKeyId":1774761503,"senderChainKey":{"iteration":11,"seed":"Vzu283LIBk0am3EgQ+Po1/A/W66kcYtef5ogsHylofI="},"senderSigningKey":{"public":"BTPxqR7ZTs7LhavYRZQVOe9JTOVc6z9LOgjlbK4D/Bps"},"senderMessageKeys":[]},{"senderKeyId":1774761503,"senderChainKey":{"iteration":2,"seed":"yznO9t8TEfGUmn+0EOWMnFO7KJejx6xXNoNlapwMjcU="},"senderSigningKey":{"public":"BTPxqR7ZTs7LhavYRZQVOe9JTOVc6z9LOgjlbK4D/Bps"},"senderMessageKeys":[]},{"senderKeyId":105563153,"senderChainKey":{"iteration":5,"seed":"7gDwUweFzbGBnEEgsudsKpiBNKhx475LW6YowKBFEd4="},"senderSigningKey":{"public":"BYIHC9LjO0kIQgYjQTyOo4UFPcSLUXaoggScrfThUKU8"},"senderMessageKeys":[]}]