[{"senderKeyId":775283072,"senderChainKey":{"iteration":3,"seed":"+IubaXGMHYxVxoq61voqrZHMaU7NNO+uEoxVSbnToSg="},"senderSigningKey":{"public":"BVb19qWioa7SqnOVKL44nPhdFRpMJAbs0cmWgct9Gfo6"},"senderMessageKeys":[]},{"senderKeyId":712319011,"senderChainKey":{"iteration":25,"seed":"750YuRIe3QEZSyAVNaAFBw4wviYwx/5NX+nvRfhnGZI="},"senderSigningKey":{"public":"BfbcEndunwP8mBOHIQOnrI3e3NPYfD6kvEY7+lIqE+YU"},"senderMessageKeys":[]},{"senderKeyId":712319011,"senderChainKey":{"iteration":2,"seed":"iqkNhBBew/EHlr1eM51BV2DvUTGOYQhpsH9IY0h+soc="},"senderSigningKey":{"public":"BfbcEndunwP8mBOHIQOnrI3e3NPYfD6kvEY7+lIqE+YU"},"senderMessageKeys":[]}]