[{"senderKeyId":1991582842,"senderChainKey":{"iteration":5,"seed":"P415O2VYwRcLvDLHbe88WeTT0fUrW0GiHP1/iPUwLTU="},"senderSigningKey":{"public":"BV3zIpOwbrhD2byMhXDx4vWu9FYpJpOyyQhesv/bugBV"},"senderMessageKeys":[]},{"senderKeyId":1991582842,"senderChainKey":{"iteration":1,"seed":"QVUOU+WenzI3xnn3kzLY3l9Vl/0jguZpMTxV1Xn26cI="},"senderSigningKey":{"public":"BV3zIpOwbrhD2byMhXDx4vWu9FYpJpOyyQhesv/bugBV"},"senderMessageKeys":[]},{"senderKeyId":1711628946,"senderChainKey":{"iteration":3,"seed":"UnzDrpOzQN77BI+Evh6UDJO2sbwiK780YGuk/7XsR5Y="},"senderSigningKey":{"public":"BeGLGlUvmhtXNo059XW38oL9+ZA3x8ua+tvUZFJnZ3s5"},"senderMessageKeys":[]},{"senderKeyId":1857502470,"senderChainKey":{"iteration":3,"seed":"T0H43dNiLsbSmdFItQS+Ejrve+l7EcNaZSKdeaCitNw="},"senderSigningKey":{"public":"BSflGuQ+XAOCMBPIMesHMsVRXyfJXBdA7tYP+kQ71cMu"},"senderMessageKeys":[]}]