[{"senderKeyId":1869069878,"senderChainKey":{"iteration":4,"seed":"PIJrEMLWZxT6VoSyNRA1yPZeI9yDBgsBaXblCXOdhsQ="},"senderSigningKey":{"public":"BUAkbMEEkVG4zOHoInBcyZTidLvFqs+n1uAqigDhS5pT"},"senderMessageKeys":[]},{"senderKeyId":39356663,"senderChainKey":{"iteration":1,"seed":"Tdvz5QnPgf90S764aTW/6oJUjQBzEKzTngmgsoTjeeg="},"senderSigningKey":{"public":"BbPLA8zQyoQqsOS8V4GTkDX1Pjl8aHHhiOXsjzHC8Okk"},"senderMessageKeys":[]},{"senderKeyId":496510592,"senderChainKey":{"iteration":8,"seed":"TnwPjNDs01T/0Ofrq18VaFHAgnsu2QfSbBn0aSXCSd8="},"senderSigningKey":{"public":"BQCiAP+q/k+73dVwweekIqTbiCqf/deWxIiTKxFe4adX"},"senderMessageKeys":[]},{"senderKeyId":1146679576,"senderChainKey":{"iteration":1,"seed":"5js5Iyndh+TdkzcF4j0lyGbc94BY2wp9CIIH6BgmJ1c="},"senderSigningKey":{"public":"BWpa+4UzcO2vL5qV4cSGP0dEZdek2JhxzP1kfLdfQiQ+"},"senderMessageKeys":[]},{"senderKeyId":972376,"senderChainKey":{"iteration":13,"seed":"+xJw3D0M0AV8BbY+ww2AU4iNvqk5YCPF+K8CJ+6dQOc="},"senderSigningKey":{"public":"BVt0GokpP3SziZ10f6eiwnVdXmGIHwYNH92O6u/imPwM"},"senderMessageKeys":[]},{"senderKeyId":334633094,"senderChainKey":{"iteration":2,"seed":"2VlSO+zE6gcJXkhEvVR5a0iBctJVaZPsjgRm7CpwY/I="},"senderSigningKey":{"public":"BRFL/LFm8QCsjMljsw1kvslu+5xNMWf1hCkUnMmgcEM5"},"senderMessageKeys":[]},{"senderKeyId":305676597,"senderChainKey":{"iteration":29,"seed":"CALXliuH4VtC01PdJZFr2b+yeYG195tyhN3T+UXutXU="},"senderSigningKey":{"public":"BXt71+pQk9DQi6urj//GP3UMKjrCF/mpuWElj0yOe6sa"},"senderMessageKeys":[]},{"senderKeyId":1498169835,"senderChainKey":{"iteration":1,"seed":"WlsPK7aF9BKKwvRFse0BIHupTUHlY5FtBOnalDrQmek="},"senderSigningKey":{"public":"BaQzNe/CngN9bHMXu3MQJK+JlGncDe+6VtozmaUAdw05"},"senderMessageKeys":[]},{"senderKeyId":1046565313,"senderChainKey":{"iteration":1,"seed":"hX7bhtuo6ji1KOcX4VLtr2CuV0fg1AiqFQO7OwMQ1O0="},"senderSigningKey":{"public":"BSpaf0sjkwZDCnnwnL7eYD4nj2E5Go5UCksajXArqwcf"},"senderMessageKeys":[]}]