[{"senderKeyId":2120196201,"senderChainKey":{"iteration":2,"seed":"hg5MZHM1g6Z50/lbtcBTWEZUks/Ku2ohKGWzTnQP+a0="},"senderSigningKey":{"public":"BapfhF9j5xc4Qx2cBlw/Bfp82RIvnzgzbjaFwFHjg3Fk"},"senderMessageKeys":[]},{"senderKeyId":859047500,"senderChainKey":{"iteration":7,"seed":"9rpz3lC3v29Yh6iTtK9KxlHQS0dGenKu3pa072wAHCE="},"senderSigningKey":{"public":"BX5heZFO2zGmWiEcCzY4LNMPKX6cWUJoASI7K8OZliws"},"senderMessageKeys":[]},{"senderKeyId":1439511950,"senderChainKey":{"iteration":2,"seed":"u/z5jzFRWtYeJ7WL8whZgzLtBpFdU1BRCS88bHMdDb4="},"senderSigningKey":{"public":"BR0bJO2jyHwgrNk5kjOXYPMb5C87Tgske2TzSgaeeV9/"},"senderMessageKeys":[]},{"senderKeyId":1439511950,"senderChainKey":{"iteration":1,"seed":"S0h5BNjRaWgE9iJPEvYNyuJRE1fi6Wmha6GoDV5diMc="},"senderSigningKey":{"public":"BR0bJO2jyHwgrNk5kjOXYPMb5C87Tgske2TzSgaeeV9/"},"senderMessageKeys":[]}]