[{"senderKeyId":2028545987,"senderChainKey":{"iteration":2,"seed":"asTRHkQwMhTemsdViZn4bBk+A9tOEWGoImU2Z2xBh8g="},"senderSigningKey":{"public":"BazrvcljSONfRaU79HvisIA8uNLqpfsnLQYRiCK9bK0N"},"senderMessageKeys":[]},{"senderKeyId":2089971773,"senderChainKey":{"iteration":2,"seed":"0aBgwRtfRTR7AiEYHOYsH80ZABfJFFjae4Rs3yOw6vQ="},"senderSigningKey":{"public":"BTCKxC/f6hciT9xP7Z+xl52OBhQX8K30pAAacikwGlw0"},"senderMessageKeys":[]},{"senderKeyId":284492894,"senderChainKey":{"iteration":3,"seed":"FnIQzG8zfCbZVXhAVRhrKCSbKjbHLvem0lMBDQ4vI6I="},"senderSigningKey":{"public":"BRPVI68JJR2wer8DBFOJPsDi4RMMteYvWnrCqEem1Ts/"},"senderMessageKeys":[]}]