[{"senderKeyId":1630145037,"senderChainKey":{"iteration":11,"seed":"qF3tqD6ghjNtzLf4b5Te6TPQ9SgdRCVOy58lG1A4HZE="},"senderSigningKey":{"public":"BQliqG+CkxL3FoJTO40k90VxSZ7t9zhnFhx43excOzlH"},"senderMessageKeys":[]},{"senderKeyId":660609066,"senderChainKey":{"iteration":3,"seed":"N45rSgrrw4VjpFD968TiXSbNLO48/0Yq+DKYlxCdUTM="},"senderSigningKey":{"public":"BT+T05dRYox3Frss8cgE6mpJjlYHMtngE5eHAAYgkgtE"},"senderMessageKeys":[]},{"senderKeyId":1458082972,"senderChainKey":{"iteration":1,"seed":"BWUCrYT9r8Lv9jLGtKx+YxU09ynCwpp3FXQhueWJgsc="},"senderSigningKey":{"public":"BXdiACu6KMuOsOJ5p1uEEGWA3gvPVw5ntJR796W0y9UO"},"senderMessageKeys":[]},{"senderKeyId":1076573015,"senderChainKey":{"iteration":13,"seed":"Ci74C5NMjN5lZ2815fmZMwKV5M6+15JRynCWXYabJEc="},"senderSigningKey":{"public":"BUrcv+w8JLMiX/SQ2d7t7KnBeKND9YoTFQNqRhoc7D0Y"},"senderMessageKeys":[]},{"senderKeyId":1076573015,"senderChainKey":{"iteration":2,"seed":"Y3cFQGMefTEto9S+l57I3+VSUazaeJ6Bo2/M+wLoD9s="},"senderSigningKey":{"public":"BUrcv+w8JLMiX/SQ2d7t7KnBeKND9YoTFQNqRhoc7D0Y"},"senderMessageKeys":[]},{"senderKeyId":230688746,"senderChainKey":{"iteration":7,"seed":"s7lSQl/PDYZTrbEkPaxiMTkRiIbwNh8TEig2cjLtV2Y="},"senderSigningKey":{"public":"Bcn2gxrZA2PjA5+J4sds0W7Vz+YXlSfzhg1a9tkdDB5Y"},"senderMessageKeys":[]},{"senderKeyId":450903677,"senderChainKey":{"iteration":1,"seed":"CLjUHmBqDFGAw7kMANAlLejjEJv7R7/x0rHrtqH1Ed4="},"senderSigningKey":{"public":"BcnbZAr4ZNvQ/i5ISLzCDNGaiS08BAoagkyOOMm9EgBL"},"senderMessageKeys":[]},{"senderKeyId":499407662,"senderChainKey":{"iteration":2,"seed":"KTfdBfHNHfhvHImvycY085b8QrVm3EeVc+7byJWEnS8="},"senderSigningKey":{"public":"BYQhhqRcn4LE+K4i2t+BQpZF2IQ+NNwDg5aX3zND3xUD"},"senderMessageKeys":[]},{"senderKeyId":1820486345,"senderChainKey":{"iteration":4,"seed":"g8AFgrlRxnuv6V48zs05Rq6b4k+aK3+ZgayB7us6cm8="},"senderSigningKey":{"public":"BYPj9fPIbEnEihPomh966koInzDfw6PlylHklurCzKdf"},"senderMessageKeys":[]},{"senderKeyId":2046880391,"senderChainKey":{"iteration":13,"seed":"D87pkTmpYU5uhkDldgtKfnH/9lvKZXo2/G+69baRrmQ="},"senderSigningKey":{"public":"BT5RdGGTG0y1zCmxGczDdvZGUmRrGfv5FidrMW9bAs1V"},"senderMessageKeys":[]},{"senderKeyId":900717710,"senderChainKey":{"iteration":4,"seed":"bUlvJprowCDWCc2z1f9zobliMA/CBE+bXtZbP9Uq7dg="},"senderSigningKey":{"public":"Bfj/pC4lpiObU6YQTyjIuZjQ/M8Yc6u5GU+RVUKqM7BF"},"senderMessageKeys":[]}]