[{"senderKeyId":913492310,"senderChainKey":{"iteration":1,"seed":"PsrW1ejdpJqrADLPmWS5rcaSA21j4xmipw+XDB2WdnU="},"senderSigningKey":{"public":"BVNVzzB+N18+JxCoEHv3wGlfkGotU11Sf2jtmyXqxatG"},"senderMessageKeys":[]},{"senderKeyId":1594583896,"senderChainKey":{"iteration":1,"seed":"mSmZ2AjCaWYO/o5AQ2YFPselcItfuhTsYUAGjCNbrX0="},"senderSigningKey":{"public":"Bc62MkeRqMjgHQK8P1A7nTxxuHBTSA3jVVDwvosPuJ4E"},"senderMessageKeys":[]},{"senderKeyId":1040028764,"senderChainKey":{"iteration":19,"seed":"cOSTHfMjdPW1y62EkH80xYoTlU8iim2A67S0L8MkTmU="},"senderSigningKey":{"public":"BfC1uHUkfzOOvtZPOScze2i/ZmAGlMiztyFywHo+AqdT"},"senderMessageKeys":[]},{"senderKeyId":1040028764,"senderChainKey":{"iteration":1,"seed":"lIzs8wocVOz2FSMQE1wyYw5oeVA2bVwtgmprVoaxBvw="},"senderSigningKey":{"public":"BfC1uHUkfzOOvtZPOScze2i/ZmAGlMiztyFywHo+AqdT"},"senderMessageKeys":[]},{"senderKeyId":1068666214,"senderChainKey":{"iteration":9,"seed":"nopIcjWLAxSbD/djooNCQEzFWrsZ7uAIOeqL5CjRZAU="},"senderSigningKey":{"public":"BWK9SjQCk0h6EsQ2hSt0EWgbtMIaEcsXclMNoYppEBd3"},"senderMessageKeys":[]},{"senderKeyId":848846802,"senderChainKey":{"iteration":1,"seed":"tmC3SE0lh6FqhRogLwwbkm/Sc0wSGMJ+Amb7GyY0LJ8="},"senderSigningKey":{"public":"BajHQ3lv3DpYKcc5Kflz8Pp+wUWmtw/DrWM2Yyz8SIMq"},"senderMessageKeys":[]}]