[{"senderKeyId":1194960600,"senderChainKey":{"iteration":18,"seed":"H3Viw8zVL9xxXCSbOH+YQwTuVmRfgl0p5Rvg/n+4ceM="},"senderSigningKey":{"public":"BccEOd7w3fyfDR7uMwvoJ5OUuJvyGTUPrlZFEzruAwhM"},"senderMessageKeys":[]},{"senderKeyId":903449555,"senderChainKey":{"iteration":113,"seed":"R2E3S6c1SpSCaQZAvwtshvHBKA4mOedJbJAdOfSernE="},"senderSigningKey":{"public":"BVmrSo8oNXlPqb4yIv+g37aa4iqv7b2I38zQfo1GuXYH"},"senderMessageKeys":[]},{"senderKeyId":903449555,"senderChainKey":{"iteration":95,"seed":"x5X4STWRndfzQBW/Mgi55KBCgLyaUdanPjSe0L6byK4="},"senderSigningKey":{"public":"BVmrSo8oNXlPqb4yIv+g37aa4iqv7b2I38zQfo1GuXYH"},"senderMessageKeys":[]}]