[{"senderKeyId":1796346385,"senderChainKey":{"iteration":2,"seed":"Eav9SsXScw4tGQ/ytdnjSgswdK4IjKnF9ELPRGbm78s="},"senderSigningKey":{"public":"BbCx5pxBrgfbU/uiLp9qTG6Lx32TmpNBzzk5o32pcEJ2"},"senderMessageKeys":[]},{"senderKeyId":1490501124,"senderChainKey":{"iteration":1,"seed":"k7upFf4zzDeRUhLGRx6B4eaA2JXU5I80kagFDo1vKZc="},"senderSigningKey":{"public":"BRi2IzeUW5YPZBWogZJaSmC9qiAgB2yhT7SDsZ+CNqV4"},"senderMessageKeys":[]},{"senderKeyId":1104312896,"senderChainKey":{"iteration":4,"seed":"ALEolafDSia1dwQHpJ8nKn43YPGyOEjqf0xzpZm82F0="},"senderSigningKey":{"public":"Be4CQW/Y9wSGnwadGvadKaIEP9Hivmclu1dUHTv7wN13"},"senderMessageKeys":[]}]