[{"senderKeyId":270514825,"senderChainKey":{"iteration":1,"seed":"0oU9Dzz4vjJldg9XUj48ZYeIBzSPbqK6LKx9o5X4B4M="},"senderSigningKey":{"public":"BTvWoCoiJHjhjIuZnQFfweA7zRm7c1vHQGOUvJanWZdu"},"senderMessageKeys":[]},{"senderKeyId":194909222,"senderChainKey":{"iteration":35,"seed":"qV9HpgK3rqXHW7xA2iqJGCjlrIupFgXwH1U07q3Y8I4="},"senderSigningKey":{"public":"Bfl1I5SrhHJ37ggaZLyi9yS3/8C/YmRE+ffvd77d+/5L"},"senderMessageKeys":[]},{"senderKeyId":1910012438,"senderChainKey":{"iteration":15,"seed":"MqRvhpJhpOt1qe7xy6I0vdDpSdftFrl+QBhrqYct1Ww="},"senderSigningKey":{"public":"BVfdusXDq+AVXO2Kla3geXm7uBJ0Y3CbMLvH3dsNK2dD"},"senderMessageKeys":[]}]