[{"senderKeyId":2000031785,"senderChainKey":{"iteration":39,"seed":"OAm9lsECq9id4ighgqfgMoxniAAnBIMs+ILQAMKS7BE="},"senderSigningKey":{"public":"Bcatgy6WFm2BzEdWtz/DVOOZfTBtknoJaqxMTcBlPKcu"},"senderMessageKeys":[]},{"senderKeyId":651521753,"senderChainKey":{"iteration":3,"seed":"3Scu4U4KEygXvJClsHNo5xe61ME6KHjlTkmqAoCZPjY="},"senderSigningKey":{"public":"BacybmLDxwcZsLN9kS98KRhEBW6W4ckvMWg7eEcWicRb"},"senderMessageKeys":[]},{"senderKeyId":1899706223,"senderChainKey":{"iteration":54,"seed":"DLkcd2LH9SC8AQrq683TDGpiDP0O2PLdX+cEyE0xQRA="},"senderSigningKey":{"public":"BfWSQbRP4pxKdV0a1t0vbQCsdTMFtRifEhwIuUlXetdj"},"senderMessageKeys":[]},{"senderKeyId":661561919,"senderChainKey":{"iteration":5,"seed":"23o+rRCQNc1m/wfjPxrTpDNk7WTraubMn+OKAxMw6UU="},"senderSigningKey":{"public":"BRCUOT0sQTfxu1Zo5xLPcG/iZaxbDKIkl3k7Sc99jydg"},"senderMessageKeys":[]},{"senderKeyId":260672982,"senderChainKey":{"iteration":6,"seed":"pxwKW7Ku5w7IBErCyYigVEnzcf5irToWq6ZlyIEqTHw="},"senderSigningKey":{"public":"Bcc3o1b6Dsla+f3QWb7ld8zMkz2g42BNiDq+QmrHjIgK"},"senderMessageKeys":[]},{"senderKeyId":559900176,"senderChainKey":{"iteration":152,"seed":"K/ZVn2KGV6PncJZmH/6h6rfF90MWFJMU2BMFrwS76dk="},"senderSigningKey":{"public":"BQaR/5Wjo56AZCB3HHA0RS2PZxALIrmMesEEFaPOd5sC"},"senderMessageKeys":[]},{"senderKeyId":559900176,"senderChainKey":{"iteration":129,"seed":"L5nOWEdBI4PsIrZi4REZO3c9YEJefH5ovyUoKv3r+tw="},"senderSigningKey":{"public":"BQaR/5Wjo56AZCB3HHA0RS2PZxALIrmMesEEFaPOd5sC"},"senderMessageKeys":[]},{"senderKeyId":2074408426,"senderChainKey":{"iteration":28,"seed":"NLaJzTlz/Wj8ALljv19TRDsKd+Gx5pCpvYANJxQ6rcQ="},"senderSigningKey":{"public":"BTzSc+ct8FDra9LGHQ9LiYiKh5v1QxjZMwWG5B05Zc5F"},"senderMessageKeys":[]},{"senderKeyId":1181058245,"senderChainKey":{"iteration":62,"seed":"OGJLWVZoiwL/G8pXr5XdaOwhlySe+FVVKG0nPHXLAjE="},"senderSigningKey":{"public":"BRYmYr9RyfHBO2VLUUU4cqeYx+W6fqnHecBJ+uPgjqkf"},"senderMessageKeys":[]},{"senderKeyId":1548952311,"senderChainKey":{"iteration":13,"seed":"h7WPy2BZ0IgVxSbe3HTOTb6DSqJtHvaeNasJqvuESsI="},"senderSigningKey":{"public":"BV/SDnUcDglwd+33gYN/6NUW9crqt7cvhLLainjmA2VJ"},"senderMessageKeys":[]},{"senderKeyId":99769227,"senderChainKey":{"iteration":18,"seed":"1rixx8hQ15X17xRChgBG4GdCHmfGVSbwbFINnkzqHMA="},"senderSigningKey":{"public":"BdCCwhztqolJ9sdfsTFCoy33DDzITpt4xleRH0B8uhc4"},"senderMessageKeys":[]},{"senderKeyId":1541793359,"senderChainKey":{"iteration":58,"seed":"Uc86PZfmdoVFOnzSyV8o/tFRiGfQK94V7mEk4tCLbAU="},"senderSigningKey":{"public":"BZhPtDayP5LHnrHE0VAsc1rERu3rnI6mESE+I5qy4lo3"},"senderMessageKeys":[]},{"senderKeyId":1206620457,"senderChainKey":{"iteration":27,"seed":"7U9ut8y3JJR4r/Hv/S8mXjtMCPNI3mNAFklRv2UaG+M="},"senderSigningKey":{"public":"BVM59/HwVZl5y7tgMPE5mSjvPG1TVh+qj6QiKphAJ3og"},"senderMessageKeys":[]},{"senderKeyId":947294088,"senderChainKey":{"iteration":15,"seed":"pzRaoCTrcYZTYaA4qh73MdnNb0qf7tG5sYEmAZMrink="},"senderSigningKey":{"public":"BUbhcrKVILrmahY/TZFffvFtIfzszEJ8TdrKcmj9PeMY"},"senderMessageKeys":[]},{"senderKeyId":866903290,"senderChainKey":{"iteration":75,"seed":"FulRtht2CNsILk6JR6X9YUeozjXlicAEXV6b0gUzRMs="},"senderSigningKey":{"public":"BRysvq7Nnp4/8Qn4DEIUrq77ruVz63ICtWeJACdhdns4"},"senderMessageKeys":[]},{"senderKeyId":1699626100,"senderChainKey":{"iteration":2,"seed":"0d6auUsD2JoqrHObf37V0YggwJRhHkYpT81sAkT9ZkA="},"senderSigningKey":{"public":"BcMxuoL4WMF4Mbv4PGROw769Nv/RrkJM8aGvxGZhqPEP"},"senderMessageKeys":[]}]