[{"senderKeyId":540138905,"senderChainKey":{"iteration":2,"seed":"v7R5aCa0F7X9J/KHvE6bG8TYSwZoaSVESIUYnyQmOqU="},"senderSigningKey":{"public":"BbEHmVRiFK+aLkvtHn/pgoQIg6CML5oiBiwlrnAiUfJX"},"senderMessageKeys":[]},{"senderKeyId":406610112,"senderChainKey":{"iteration":2,"seed":"lJp6QdbQYl8za8l1DVpgH9OWl0hYaoHgXndJP9kVXtI="},"senderSigningKey":{"public":"BfDL6z/PYqh3qwudvHDkYnNo24+lKZk6sPQusWXU7+Fb"},"senderMessageKeys":[]},{"senderKeyId":406610112,"senderChainKey":{"iteration":0,"seed":"QuYll8EfTtqmAbRbAa4BdFP30eCEEAfjrSjj838AO8s="},"senderSigningKey":{"public":"BfDL6z/PYqh3qwudvHDkYnNo24+lKZk6sPQusWXU7+Fb"},"senderMessageKeys":[]}]