[{"senderKeyId":1295518614,"senderChainKey":{"iteration":20,"seed":"fI6FkjyahhGjogpAestRcb/uMykwqfK8Os1w2Jty8DM="},"senderSigningKey":{"public":"BWRsCQ+tEBsOLi4ZJu0wwSJihn0D+cJUqJ91jzY+SFNR"},"senderMessageKeys":[]},{"senderKeyId":496747610,"senderChainKey":{"iteration":20,"seed":"ZBW9uvfnMh8E7ITOGXriBZaw1njT4J5LA6ti9ouGlwQ="},"senderSigningKey":{"public":"BfVifysAAiFLX/UrmzMjcnYsGdH5j5OOjMCCS7ohDj1M"},"senderMessageKeys":[]},{"senderKeyId":167854555,"senderChainKey":{"iteration":1,"seed":"su/EbegjfGAczbMiXXhylpUq6ECOFqJjgHHcHqYg2Dg="},"senderSigningKey":{"public":"BWcX53p8YyHDLCz6AR+MsYnLYgICnFEAk0O3Vj9TzaZ6"},"senderMessageKeys":[]},{"senderKeyId":249625676,"senderChainKey":{"iteration":24,"seed":"t9lC5zZlL1Tu9im5Z7AM6zs8ie4v135QwZjfuuf0x6c="},"senderSigningKey":{"public":"BWNuOtlqQAp89XUPUlVPmzqFUJ1GR5gJK297n4/XaHpf"},"senderMessageKeys":[{}]},{"senderKeyId":796712429,"senderChainKey":{"iteration":1,"seed":"7GcMUme3QMRo4kYf+9Z4toFG8XlSz2f7k32wVHwJZQc="},"senderSigningKey":{"public":"BZZFhNs6azgkPCw0W5AJesSEn+6iHRVYYCUOqV7AMI8Q"},"senderMessageKeys":[]},{"senderKeyId":2117475727,"senderChainKey":{"iteration":5,"seed":"dmaXiGV26WngrdSx3JdPCoNQZfR1OYqXjdWB31H/m0w="},"senderSigningKey":{"public":"BbArGQPRhAnBssiyIZFtdBnSe8cyX4hl+puVmqfRP04g"},"senderMessageKeys":[]},{"senderKeyId":1400978089,"senderChainKey":{"iteration":114,"seed":"eoDXGsEnDj52b1sI0fZ41td09dpggWMPKNVLlnhJLpw="},"senderSigningKey":{"public":"BTwMWBhqsx57VFEnWDPMr2zvoNMOgpcz2PUtWcdY9/JN"},"senderMessageKeys":[]},{"senderKeyId":1375554847,"senderChainKey":{"iteration":44,"seed":"4MFsOFeTps6K/4eITQWQM8xp0IeTYmPSTfx8l1VEkIA="},"senderSigningKey":{"public":"Bc4wEt6Kd7JDqWewSVQwS6vzB1LJGo4FMgg7cAZLtuwi"},"senderMessageKeys":[]},{"senderKeyId":1375554847,"senderChainKey":{"iteration":1,"seed":"lczqdG8y4NAQV2OGCi7S3VUMMssjsHWjpzXyal2gACs="},"senderSigningKey":{"public":"Bc4wEt6Kd7JDqWewSVQwS6vzB1LJGo4FMgg7cAZLtuwi"},"senderMessageKeys":[]},{"senderKeyId":1403387546,"senderChainKey":{"iteration":2,"seed":"DNiLy54BXtPzVKpKYg9KWrhNY2CU0yWPtLUqO2bA8Ts="},"senderSigningKey":{"public":"BdzSzDTKTHqP9HubWDKt8c4fzIp097IGAppC1KtEg+8C"},"senderMessageKeys":[]},{"senderKeyId":1416479916,"senderChainKey":{"iteration":11,"seed":"PNduHIr9d79ynFBRL329JGJc/x4lUzqRlmvP2JiuMGs="},"senderSigningKey":{"public":"BfQlb++yrHxjVFxKCJ9xxhyfEUsDgIzo8dz+6v8+miYo"},"senderMessageKeys":[]},{"senderKeyId":446053375,"senderChainKey":{"iteration":1,"seed":"aHd/mB+xxNQIrubPPYpuLMGRpbCVYOdaQPQRgbQjSZw="},"senderSigningKey":{"public":"BV5ME6xUso0pq8cEKIxoeUb0Ab83tCU45FZQPf5yi5wj"},"senderMessageKeys":[]},{"senderKeyId":1085880409,"senderChainKey":{"iteration":1,"seed":"CsZITh26uDXYw8dT7gj/6uyhBz3o2bq4nyJe0FQO8pI="},"senderSigningKey":{"public":"BeyJg1PcneXKwPUOx4IIc0FRtIomxZFZttAE0MiPrApr"},"senderMessageKeys":[]},{"senderKeyId":868813934,"senderChainKey":{"iteration":21,"seed":"EJcq4GMnmwKBvop/AHgyInk0r37TwC+7iU5MNRNcZBY="},"senderSigningKey":{"public":"BdTaptn1uhRXAlN/gA8sYjVWmuD0ajcG8f1KA17KgZMK"},"senderMessageKeys":[]},{"senderKeyId":2087593302,"senderChainKey":{"iteration":1,"seed":"0yLF7/QhE6kzZOpsDspEBw35Dr3mocLA6NKMyKnM9Gs="},"senderSigningKey":{"public":"BbcmrPxxcDY8Thij+XaC+kLTU9NsIQHE5dZ6e9dA0LN+"},"senderMessageKeys":[]},{"senderKeyId":941793479,"senderChainKey":{"iteration":13,"seed":"vsu3KWKCIKT1kMyGEFbx/vHEhQD8pA+wklafyN6J1oY="},"senderSigningKey":{"public":"BRNNerrMe3+61sDG6XUWDGwiOayUDTMt0BrtMJ3B3sZr"},"senderMessageKeys":[]},{"senderKeyId":941793479,"senderChainKey":{"iteration":5,"seed":"O8I1RgJ6A6cP6qSwUbZzuj8a8Wu/es7yE2EbVRszXQo="},"senderSigningKey":{"public":"BRNNerrMe3+61sDG6XUWDGwiOayUDTMt0BrtMJ3B3sZr"},"senderMessageKeys":[]},{"senderKeyId":1540935311,"senderChainKey":{"iteration":15,"seed":"0BEVifveGk8mJy5CsozOB0H8eBjzvgTmENZjYPbYaks="},"senderSigningKey":{"public":"BUtvLsQ29qsuN9Hqulw7/Ix0uIjFIUZ6NQGKLoGczjRq"},"senderMessageKeys":[]},{"senderKeyId":1540935311,"senderChainKey":{"iteration":4,"seed":"ac18c0HPPq/VDTTTuZzqqiDPamSUvWVr/8A5CGMAIRE="},"senderSigningKey":{"public":"BUtvLsQ29qsuN9Hqulw7/Ix0uIjFIUZ6NQGKLoGczjRq"},"senderMessageKeys":[]}]