[{"senderKeyId":981136158,"senderChainKey":{"iteration":4,"seed":"1EvyCyIwJqe+XF254TMn43xE5kx64/TM0ZB/JDdhxEA="},"senderSigningKey":{"public":"BaZgE+JOcDWtRwQx6ODW1f9Vs9EaT4KHLzLG4kyHHrJV"},"senderMessageKeys":[]},{"senderKeyId":981136158,"senderChainKey":{"iteration":0,"seed":"Bt0RVEoxurpoX9XJ+ob51QMMBWaRE9jB1VQcjdctHWA="},"senderSigningKey":{"public":"BaZgE+JOcDWtRwQx6ODW1f9Vs9EaT4KHLzLG4kyHHrJV"},"senderMessageKeys":[]},{"senderKeyId":1329618682,"senderChainKey":{"iteration":2,"seed":"2D/plbBZChz3mGg+wRghkVLJ++gyE1TcVTPH8Z9W2pI="},"senderSigningKey":{"public":"BcI0mQVzZ0hRRkvp/1Oj3alN+hxLscLL8kBV20eVbf53"},"senderMessageKeys":[]}]