[{"senderKeyId":1067460452,"senderChainKey":{"iteration":3,"seed":"PcTQKFUmllwk6jNsXvam+FolE+T34oAw9PnuNGFbDOg="},"senderSigningKey":{"public":"BTh4fWMgG2sVCOfkdh1nuOfr6CVGvu0XZ7UAGorGjtF8"},"senderMessageKeys":[]},{"senderKeyId":1067460452,"senderChainKey":{"iteration":0,"seed":"YOcdPw9TkLeVtosLHP271NM0V4mNPfohtgP9083Qzxw="},"senderSigningKey":{"public":"BTh4fWMgG2sVCOfkdh1nuOfr6CVGvu0XZ7UAGorGjtF8"},"senderMessageKeys":[]},{"senderKeyId":1536276792,"senderChainKey":{"iteration":2,"seed":"b9g1+lvO/v+JocGjlw9hffvOi4NKbIMBn3oCZY6KXiU="},"senderSigningKey":{"public":"BZmNXrYhCbfGivNDAlTfLeV4MRkKXbMpuMAJp0Rw3JBC"},"senderMessageKeys":[]},{"senderKeyId":476974755,"senderChainKey":{"iteration":5,"seed":"DmlHPZs8mgoL+C/tE2D2/TotF+J8RyGK58uRVcH7hFo="},"senderSigningKey":{"public":"BSah5UliKdh4iCNQZKsFjlBJRNzkhlplp+16dLRt5W9w"},"senderMessageKeys":[]},{"senderKeyId":106052244,"senderChainKey":{"iteration":1,"seed":"FhWM86k/ONpka8e/PWyb5LzwLUybMlmYzxbOwiMlfNg="},"senderSigningKey":{"public":"BWNzy2FwXdJM7HmOxX+BvwKuv6Kz5NxCd2eScDQRAeJk"},"senderMessageKeys":[]}]