[{"senderKeyId":563145681,"senderChainKey":{"iteration":1,"seed":"qtJQajcfuq8tmoplj+vdevCcOJdy720q5YIblmNXOiI="},"senderSigningKey":{"public":"BclJOat+bESGRTUq8Aqrmf8LU9LIxPSg+LRxWb/Gh05y"},"senderMessageKeys":[]},{"senderKeyId":269409400,"senderChainKey":{"iteration":24,"seed":"ZJLqH3HvAgkfxcbHT9yDhc5HLmbeLRBnL3NWDSwCkIQ="},"senderSigningKey":{"public":"BfdpEXTDj9HLuXsDk5b64beJEyPMJtfQbNR3UEaLwON2"},"senderMessageKeys":[]},{"senderKeyId":1176154011,"senderChainKey":{"iteration":6,"seed":"OGR6I1beRMTwL7PUcPMM4TaNsxmVN7X92FKL/5KVwyY="},"senderSigningKey":{"public":"BbHWWjfmyy8eLRURP0Y0BePkB5rG+1Mmaj1jw8tdvANo"},"senderMessageKeys":[]},{"senderKeyId":1176154011,"senderChainKey":{"iteration":1,"seed":"TtdTOSrOESTrkgZd83jsrvX+FojV+dSWiSeii2quzuA="},"senderSigningKey":{"public":"BbHWWjfmyy8eLRURP0Y0BePkB5rG+1Mmaj1jw8tdvANo"},"senderMessageKeys":[]},{"senderKeyId":1176154011,"senderChainKey":{"iteration":3,"seed":"O7SfUQAbJq88VSiw3WldnOSOLAFcu7sEj1gvgUqaCxI="},"senderSigningKey":{"public":"BbHWWjfmyy8eLRURP0Y0BePkB5rG+1Mmaj1jw8tdvANo"},"senderMessageKeys":[]}]