[{"senderKeyId":801622473,"senderChainKey":{"iteration":4,"seed":"CmL6njmx8pZqTFW3tWPVopQz1/TUSgU3ifmnO6Rk2sI="},"senderSigningKey":{"public":"BaLKONktL1/tP0iEGnrC+1eQj0A7ttMXPGkoNSQQhGp4"},"senderMessageKeys":[]},{"senderKeyId":382343304,"senderChainKey":{"iteration":9,"seed":"gVNS98xIf0dCzb0mqhPHI4swZSuxhKwuui4X9Q21Tac="},"senderSigningKey":{"public":"BeDTXzvslOHZIHThX3A3xvssmerFufuLUBjFcJEBLHdL"},"senderMessageKeys":[]},{"senderKeyId":868836153,"senderChainKey":{"iteration":9,"seed":"z625QirkUAqKCfBAM7jdYzSWdmJ1EET8c81Sr5kP/+I="},"senderSigningKey":{"public":"BTGGplizZO+u2ErLQlKzYnMvIOt5FnvXm6mnhSXpGW89"},"senderMessageKeys":[]}]