[{"senderKeyId":1690286467,"senderChainKey":{"iteration":6,"seed":"oKSOC7mM2VXnco4onva8GdUWBsMJLISt3VKII0COsaY="},"senderSigningKey":{"public":"BZylPflJt/Cqq4VXsgnbeI3FDNDWB3g31vf7ACm1urRg"},"senderMessageKeys":[]},{"senderKeyId":1690286467,"senderChainKey":{"iteration":0,"seed":"Rom1UKneC2bJb7uE9p1uv/m5vuAsRGv6a+XtQTmQRYs="},"senderSigningKey":{"public":"BZylPflJt/Cqq4VXsgnbeI3FDNDWB3g31vf7ACm1urRg"},"senderMessageKeys":[]},{"senderKeyId":1690286467,"senderChainKey":{"iteration":4,"seed":"nCEObpwuEmZvlmgLjNGl80b7AHDuH2jx8tPNhQmISiM="},"senderSigningKey":{"public":"BZylPflJt/Cqq4VXsgnbeI3FDNDWB3g31vf7ACm1urRg"},"senderMessageKeys":[]}]