[{"senderKeyId":1216433451,"senderChainKey":{"iteration":1,"seed":"3sN/d+6e4dmxMlPvD09uJ2QdlKuuT0JxYSzq1o+kwe4="},"senderSigningKey":{"public":"BUuDsgVrhdB4ekP6Iue2YVMwBtviM6ehjlROClk4ZI0g"},"senderMessageKeys":[]},{"senderKeyId":613650335,"senderChainKey":{"iteration":1,"seed":"Ef8/NMBNqzXeEEo9HQ8TlUL20NtkT5M0lS48XqLm4ME="},"senderSigningKey":{"public":"BbqME/78s9XrWpvpZO5u0brJ5sbBjy0vDq7KU4HKmO5Z"},"senderMessageKeys":[]},{"senderKeyId":906000349,"senderChainKey":{"iteration":2,"seed":"W5gUA0j+SSM7Ff5G8TewbHHrS2TjCmI3aOXuFpKAZmQ="},"senderSigningKey":{"public":"BfpRJMS0K//fNVpj1joFK55cT52rXeLwxFrP+SJhMjlg"},"senderMessageKeys":[]},{"senderKeyId":329054512,"senderChainKey":{"iteration":1,"seed":"6XLgor3xSpsu1msbu0niPOibmtmM3VG3wuU/6ZgeiLE="},"senderSigningKey":{"public":"BWNvB5TYuoAK75DlHsiCG6sraw2JUaEOvrqn8R73Lt9H"},"senderMessageKeys":[]},{"senderKeyId":792739367,"senderChainKey":{"iteration":21,"seed":"swyscDApaARw74u1/ac8K+JJpYFXfNwjfArLNrk0RE0="},"senderSigningKey":{"public":"BQCrYoL9P8WmvFe6kAi7XAsaVmSiSQoz8EJWk/DsVgoA"},"senderMessageKeys":[]},{"senderKeyId":637408310,"senderChainKey":{"iteration":1,"seed":"/7uyXenP2c8JsM9y9W10WFPoh2AsynwwWr6gLPauIS0="},"senderSigningKey":{"public":"BeYQIFUs7ZY6hm8MBdxHLzGUonXL6XrSU4z+FH88Nopw"},"senderMessageKeys":[]},{"senderKeyId":3750452,"senderChainKey":{"iteration":9,"seed":"CjcA+0/4qe+bjSWuYDpEbRB+/45tFcj1ACkGS3Ltu0A="},"senderSigningKey":{"public":"BaRxKi5N2H3Uud6O0ADP01NOqQ6vDgp7ATFmJJHLGwwm"},"senderMessageKeys":[]},{"senderKeyId":1262487798,"senderChainKey":{"iteration":1,"seed":"ZZEZAkNIFBILyLn5B5Krxm5RDW8F4ldjGzOevBVHqiA="},"senderSigningKey":{"public":"Bcvt7L4Q+CpWH8BGfy05lLSXyQnjbGb2HdbHcgp7wWMy"},"senderMessageKeys":[]},{"senderKeyId":13392900,"senderChainKey":{"iteration":1,"seed":"bw6NR92m5g/H3oOyDn57FBLzI1Dbg29KZeKGEqM9fXA="},"senderSigningKey":{"public":"BbtWpxdpe0STmtj5zAnf2w/KrFERDPdbfYtUqne8OsYL"},"senderMessageKeys":[]},{"senderKeyId":1256883066,"senderChainKey":{"iteration":3,"seed":"hvrf8Y/MxF2KRcnZCDkq8u8hWMKFBObk0CmKB7CCXpA="},"senderSigningKey":{"public":"BbalFd9vBQMd3+o20QiReeEMSDo4YvxvUbNpEpSS+2Ae"},"senderMessageKeys":[]},{"senderKeyId":889354822,"senderChainKey":{"iteration":3,"seed":"EuUUbD4TICU6Z8JVHxnTVdclcX9Z6ob+W2rxShjSnW8="},"senderSigningKey":{"public":"BaxRAfaDv2o9CUxYjp1d9kSfbEzzacOQgiH6Nhte4wUo"},"senderMessageKeys":[]},{"senderKeyId":1792524213,"senderChainKey":{"iteration":2,"seed":"2QAAv6BBpBZtW7GjK6lb1HTLLqR92W7+xQgRy9Jvx/E="},"senderSigningKey":{"public":"BVZmGFyorYyUbvk6Lsmft1Ibpn6NfEu30nd6ISM9SxhG"},"senderMessageKeys":[]},{"senderKeyId":1363343727,"senderChainKey":{"iteration":1,"seed":"L5HOM9uRbXE3p+zEzVg8SEyUmGUIVvtI/PoGr5KZpBs="},"senderSigningKey":{"public":"BSEk1zaE8UUnPEOrJp8EhF5f5sXqiGrqFuidkF2rJJd7"},"senderMessageKeys":[]},{"senderKeyId":518900451,"senderChainKey":{"iteration":1,"seed":"lk0bsL803TDJuP9R+rdXpE+6nL9FWrCBfo2Te3UChX4="},"senderSigningKey":{"public":"BdVWbbQx5kK+XGovGQBTyIfACR/WzNS/Dlw7fZLlFhUK"},"senderMessageKeys":[]},{"senderKeyId":257336616,"senderChainKey":{"iteration":7,"seed":"hwF3+LoSAzmQNjpuuC2hCsqiz/1S7F5Lswi8D30YDQA="},"senderSigningKey":{"public":"BW+eAQFY7eNrEQVkCGZ68oqs3PgIM0s9mQYkJrDteh1T"},"senderMessageKeys":[]},{"senderKeyId":514616406,"senderChainKey":{"iteration":2,"seed":"ZAYPGDJ3PFfeiLTtRrLREcoMFpabtxDnZhqLz1HwLRo="},"senderSigningKey":{"public":"BQpzgCibF+hwlOdUvrmULXYNC48ZGWlqFS3gMO3zGqIY"},"senderMessageKeys":[]},{"senderKeyId":1100360525,"senderChainKey":{"iteration":11,"seed":"Qdg6nKke6N0jwr7pbukGmoh0+LLShAVlTl7vriyFtTw="},"senderSigningKey":{"public":"BbAkrNROKAk/xB8bMQVmjDJR5pjt9HSmC1d7E9YLk7YT"},"senderMessageKeys":[]},{"senderKeyId":1076408481,"senderChainKey":{"iteration":1,"seed":"UttU3dU7RH7ddcQUfsbwZrVtDfc25IVy/8dXV2mLy6k="},"senderSigningKey":{"public":"BZK2wroHFj2lBdNmJSmTm3jtNKirgOhYNEoerJKxW9NC"},"senderMessageKeys":[]},{"senderKeyId":1090855037,"senderChainKey":{"iteration":1,"seed":"j/dhxfl3G+3aPw4SdIp0sXhm3keMJkrNAYqMiHvbmkE="},"senderSigningKey":{"public":"BUqSCxG6El4Pr+oSGcyIdplUADoktlvPMCsUs67ISjhu"},"senderMessageKeys":[]},{"senderKeyId":1488989114,"senderChainKey":{"iteration":3,"seed":"2EZ4Xc4Z9oL64UpxeKx0xdAwXapThMAcwRYvx21yT7I="},"senderSigningKey":{"public":"BT/gyWayqTR/VJikrIyWR4esH6VRRCNXJznGbl6B+5xN"},"senderMessageKeys":[]},{"senderKeyId":1308388698,"senderChainKey":{"iteration":1,"seed":"9QrA7mRVBJRiuELP6UTJ4UivxJyrKIFrHl7zfLt+XYo="},"senderSigningKey":{"public":"BRbIkUBdaDF2rJUNHu/PIITBmnkGELx1eze+VMjaYWFv"},"senderMessageKeys":[]},{"senderKeyId":605830052,"senderChainKey":{"iteration":1,"seed":"ZYp1TX4SVEDdk+aX5KnnvY0YfePp3DTIDX6Z3enyHAo="},"senderSigningKey":{"public":"BQ+iWVAuZyShYgOD+nByoIotQoyQ1+HX7XfaADmbg9Fp"},"senderMessageKeys":[]},{"senderKeyId":454890446,"senderChainKey":{"iteration":2,"seed":"ABUh4ZtrvM/OqnLsNPFh0qmX5LZNI/VPVZ27Ptll9KE="},"senderSigningKey":{"public":"BZv5rVIGlHllTltIzk+t1vT+h7M2cJVycyIWpTFuol5x"},"senderMessageKeys":[]},{"senderKeyId":2040966958,"senderChainKey":{"iteration":1,"seed":"Ydb7PdK2zOFyc+BiC9p7uEg3ObZkNPt0zo2s/D7pvGs="},"senderSigningKey":{"public":"BY2PA7iMs58OTLUYVSA6S5SqaMv2PsmqcrEBf+D0uc4Y"},"senderMessageKeys":[]},{"senderKeyId":1184611390,"senderChainKey":{"iteration":5,"seed":"AZ/JRLU3FK5nkYdoZLzGKbsEQXe1xHE6rnHApV6tZXI="},"senderSigningKey":{"public":"BYkfjaStNDMvS2azsfFxC2rk8dfPb3aAW3RKB7sSt4Rb"},"senderMessageKeys":[]},{"senderKeyId":1184611390,"senderChainKey":{"iteration":0,"seed":"q2FmmvWJrEs3spxTQofS/nzgEx3awPFx/tVFDZtqDnw="},"senderSigningKey":{"public":"BYkfjaStNDMvS2azsfFxC2rk8dfPb3aAW3RKB7sSt4Rb"},"senderMessageKeys":[]},{"senderKeyId":904640272,"senderChainKey":{"iteration":2,"seed":"WU8y2v4D9UlPsRJOULPpjL9G1QlEG2Sd66Gb9oAtgNc="},"senderSigningKey":{"public":"BWGTDnMT3OH2LWj2GJoVy7RBZ6Ge6eB4aGKd86ULjOkx"},"senderMessageKeys":[]},{"senderKeyId":660772136,"senderChainKey":{"iteration":1,"seed":"UjrXYQ0wFZUzL0yYL+Z5oLjglAx95Ka9Ye9zbdqlXII="},"senderSigningKey":{"public":"BZ2XxDep9Jt6dRrgVxLnfRYUZorLHx1ujz5Q7iVu3F5+"},"senderMessageKeys":[]},{"senderKeyId":1219427858,"senderChainKey":{"iteration":1,"seed":"WuzIAHHDINd42cTQKRQhA+oh9gEYzHH0FHmbLmfrec4="},"senderSigningKey":{"public":"BW70JIbSSWB9IYlfJMdG6GnD0QCNM1Xe0At6dHXx0gQJ"},"senderMessageKeys":[]},{"senderKeyId":1971725784,"senderChainKey":{"iteration":6,"seed":"GdrKfO7NaASf8M6JzHSfbVMP93/6790sjmmFVtjCCWg="},"senderSigningKey":{"public":"BWgHlKmLLWkHpUpGhW4GL9qOt84QlvhNV9W78dKkZBUk"},"senderMessageKeys":[]},{"senderKeyId":642175805,"senderChainKey":{"iteration":1,"seed":"LKHoLvo2O1HA90sxoUVyV16HtR8rPkQdlb3juaSTV2w="},"senderSigningKey":{"public":"BWmBT5GmjEUpmXTkak5U2q8ZFo8fzAsHWp0kzPLkD7UD"},"senderMessageKeys":[]},{"senderKeyId":1491540819,"senderChainKey":{"iteration":1,"seed":"f1Dsk7kBAL0qBteB4aahvuMvq+zUDqLZZHhcmdOsQ+s="},"senderSigningKey":{"public":"Bako0adDBmtrFPcEAglhqAf4ES2zl6NU5I2syuT63vYM"},"senderMessageKeys":[]},{"senderKeyId":879511003,"senderChainKey":{"iteration":1,"seed":"msUPOfi9MoB63Sg2WreAi3MNPRX408IbETau1MJERoA="},"senderSigningKey":{"public":"BW7SMhDAVCkexowf4pIwZsfMj4SYzxzKHjzUqggC7sR1"},"senderMessageKeys":[]},{"senderKeyId":853661836,"senderChainKey":{"iteration":1,"seed":"OFsQNBtMdxlaHUZQY03ixvBcgZzS/X9Btz0guqNCYuE="},"senderSigningKey":{"public":"BSpom0OdmxzhEjRl1ylSF8ZE/QkidiV0KY6uMYI+IP07"},"senderMessageKeys":[]},{"senderKeyId":481903309,"senderChainKey":{"iteration":2,"seed":"w7mcsIW67j+u/kEjEozhA/QE+zKqsiMN0GqTzij0gdo="},"senderSigningKey":{"public":"BcyvtmJMLIH0rDdv6w7d/VxJeXMZl6wprpFcqZENrtUH"},"senderMessageKeys":[]},{"senderKeyId":346135917,"senderChainKey":{"iteration":1,"seed":"EK4R+K8ho5v3tvRZ0p0Z5R0QCTQzfkA5nLXiJA40uPo="},"senderSigningKey":{"public":"BXR7J3P/XqDvLKd2P5upSDrZZklEW9uGvx9T9eFkXvcj"},"senderMessageKeys":[]},{"senderKeyId":2144747536,"senderChainKey":{"iteration":8,"seed":"/VEnL8cIqDzvQ+no0Y75RA3HCbK2wYR6XxxyXSIEKuM="},"senderSigningKey":{"public":"BY0/U3dodBByiDIKgzOeisEXYLKiNJr74Pl2LgJoDQJ+"},"senderMessageKeys":[]},{"senderKeyId":7494301,"senderChainKey":{"iteration":3,"seed":"/AC0VECVmIBwMkpZCuo0uWfR4/skihJzoST6fVDH/1o="},"senderSigningKey":{"public":"BenpVltGbsui0Sv0CX9L6ZnDBpIJaTwqJ38fVp4hlH07"},"senderMessageKeys":[]},{"senderKeyId":274101213,"senderChainKey":{"iteration":1,"seed":"IAMh+c6H/g4JSNAol/zu9p3eMjNHrlZbomJ2aIwin6A="},"senderSigningKey":{"public":"Bb2wkDnBqM9SVup25JJYzpUxUB88ehTPZhHl8nzWlbg1"},"senderMessageKeys":[]},{"senderKeyId":2006798840,"senderChainKey":{"iteration":3,"seed":"U6R+5TcNaoIOzpXYyWe5JH+YGTOimugSluBEFEjKWRk="},"senderSigningKey":{"public":"BckDyAsbbcoRuIqXw3T05d/8/y72clw9NPyqiRCMnzVs"},"senderMessageKeys":[]},{"senderKeyId":884055701,"senderChainKey":{"iteration":4,"seed":"/oHtfMEOSbK+uVT2O9TvqgM8L7q56Sy3pXH64MQ4+IY="},"senderSigningKey":{"public":"BR0RghRpxFnkmkxg6/cpEcBsVIzmUm4EAq5i4SF0T5op"},"senderMessageKeys":[]},{"senderKeyId":189385001,"senderChainKey":{"iteration":2,"seed":"Bs0fB1kfLW2XEy62H0IKbwU+129Nv7UEaz8qLNxzJ64="},"senderSigningKey":{"public":"BcAwbNTpWu8V6ZOxawGtXIv7J3CLY2p06BDMHgyXTVMc"},"senderMessageKeys":[]}]