[{"senderKeyId":265810409,"senderChainKey":{"iteration":34,"seed":"B1KPQnqfDVoICkEBEaHaTpOrOKShzrznxqNUKjKFASg="},"senderSigningKey":{"public":"BVJuXg3qWbrmHhBDJ3iWZmiwIKRAw4pOp9gBFHUS2zpx"},"senderMessageKeys":[]},{"senderKeyId":1508865681,"senderChainKey":{"iteration":13,"seed":"CAneDW3KCUU53sPySX8wSOCXD5BMPlSbvBbcQJlMLv4="},"senderSigningKey":{"public":"Bd+uY1k1RwYOqlQJFKEo9aqn8Od8uzBm6bchG8onqh0R"},"senderMessageKeys":[]},{"senderKeyId":1508865681,"senderChainKey":{"iteration":10,"seed":"1NDpDFqf4F34r8nxSnQNyPHCuhX28TihdHN+Sq3XvKw="},"senderSigningKey":{"public":"Bd+uY1k1RwYOqlQJFKEo9aqn8Od8uzBm6bchG8onqh0R"},"senderMessageKeys":[]}]