[{"senderKeyId":1791688578,"senderChainKey":{"iteration":2,"seed":"Vd0bPjgh28EcdULw0lQMD41mSC4yaNZV+Mjqdm1l5QA="},"senderSigningKey":{"public":"BYljRdtTP/k3Ery//W5VJr7Jv+yAenCJZm45qpdNBEYJ"},"senderMessageKeys":[]},{"senderKeyId":1173416325,"senderChainKey":{"iteration":19,"seed":"MMuClHC3+HNiiw0Mdu+AAnZFJ5E6cD9c6zVOt4XGWRE="},"senderSigningKey":{"public":"BeKgR/LxuM6mWhqadTJKHBqN/c7vVftltkDP/2lkMfcG"},"senderMessageKeys":[]},{"senderKeyId":1173416325,"senderChainKey":{"iteration":0,"seed":"ggUs0VxT6o6nQvDsJnH3QoShzhTvxEcCr7JeiOGld7U="},"senderSigningKey":{"public":"BeKgR/LxuM6mWhqadTJKHBqN/c7vVftltkDP/2lkMfcG"},"senderMessageKeys":[]},{"senderKeyId":1173416325,"senderChainKey":{"iteration":0,"seed":"ggUs0VxT6o6nQvDsJnH3QoShzhTvxEcCr7JeiOGld7U="},"senderSigningKey":{"public":"BeKgR/LxuM6mWhqadTJKHBqN/c7vVftltkDP/2lkMfcG"},"senderMessageKeys":[]},{"senderKeyId":1734338142,"senderChainKey":{"iteration":4,"seed":"qlCYipB0yMKcq6eRbNnK0Ou/QixwUISUWO1SwsBp/7o="},"senderSigningKey":{"public":"BV1u2FAtLMHR5hyukpHmJXmEUafvTg4ToYEkb6P775A3"},"senderMessageKeys":[]},{"senderKeyId":1734338142,"senderChainKey":{"iteration":2,"seed":"HY+3UJF9prm5uHFOrQecAYD0Jec7uXRj6M8RM3gA6Js="},"senderSigningKey":{"public":"BV1u2FAtLMHR5hyukpHmJXmEUafvTg4ToYEkb6P775A3"},"senderMessageKeys":[]},{"senderKeyId":574959092,"senderChainKey":{"iteration":6,"seed":"+9eIxeCXvl1M7G+uIe+cNGJ+utn5MUE1Dz0tW4QBRuo="},"senderSigningKey":{"public":"BUxwNb7xbRD6RaW19J+WXk1GBDV8EWFbweqW9MWcTAp/"},"senderMessageKeys":[{}]},{"senderKeyId":574959092,"senderChainKey":{"iteration":1,"seed":"srGxZSEzdU20S1rez+Ovk1tYqyrOYMPOjfPyC5ktpCw="},"senderSigningKey":{"public":"BUxwNb7xbRD6RaW19J+WXk1GBDV8EWFbweqW9MWcTAp/"},"senderMessageKeys":[]}]