[{"senderKeyId":1526449668,"senderChainKey":{"iteration":749,"seed":"7GDj/s4OsadmDdLYyf66/jGFk1SFHJd9dCdLNHrRFsI="},"senderSigningKey":{"public":"BXEZItgOFPOaO9sivA1ZnnB6m5GrD8Yeq7JVCAWpnpdn"},"senderMessageKeys":[]},{"senderKeyId":1797336150,"senderChainKey":{"iteration":180,"seed":"LV6l50BJcNg4EhgKcVfHBCog25q8WIjMYVXZAEJzuSM="},"senderSigningKey":{"public":"Be3BsoFtxYJbaqom8+nfNUTzS4Y+4zypFPfNwwA1bgJ6"},"senderMessageKeys":[]},{"senderKeyId":1797336150,"senderChainKey":{"iteration":111,"seed":"SnJgBGTiQvE3rsN85tpLkxVINWa6RB9zHTFbXXsjbi8="},"senderSigningKey":{"public":"Be3BsoFtxYJbaqom8+nfNUTzS4Y+4zypFPfNwwA1bgJ6"},"senderMessageKeys":[]}]