[{"senderKeyId":2021917896,"senderChainKey":{"iteration":6,"seed":"OyKBtrfgiBXtiV5IAxuFCCOQ4gVQMmBAEaSlwo/J6As="},"senderSigningKey":{"public":"BUFq3gShKcENY+iYG4+aCdP9lAn/Gs49gWiJM9TTIigS"},"senderMessageKeys":[]},{"senderKeyId":313556540,"senderChainKey":{"iteration":12,"seed":"m64OED8oX9pxvXHRL9y/N94idYwvghwHC6qvtgQvvlU="},"senderSigningKey":{"public":"BQIEfsNPLT0VZYVIn7Mdqx2W3vSsqFGr3H26XFcnAQZK"},"senderMessageKeys":[]},{"senderKeyId":68687331,"senderChainKey":{"iteration":11,"seed":"40KP7YCwrewL0T29UelTGI0rjXM4kq9RzISpQD26Hs0="},"senderSigningKey":{"public":"BckcUljhf3AhL4QjlhGGHGWqtgnmBRjcxhWeM9VVAxoM"},"senderMessageKeys":[]}]