[{"senderKeyId":1171974758,"senderChainKey":{"iteration":7,"seed":"Xxe9fvSIh+9zrM1d07rSL5rllKpfBmw2LuAWvstw9Xo="},"senderSigningKey":{"public":"BTKPdH+aCCUPxbsgyf/fr70kMOqvAUrZHLbr3mPwvo4X"},"senderMessageKeys":[]},{"senderKeyId":1149906522,"senderChainKey":{"iteration":1,"seed":"AkxrMOxzzFbjZ1IgxyANilsjGg42fsh079hHxj4Do34="},"senderSigningKey":{"public":"BUNgjrdU0TQ60PgKTerEiJuKeo5maqL27bQIREdGasRw"},"senderMessageKeys":[]},{"senderKeyId":659458591,"senderChainKey":{"iteration":2,"seed":"g1R8oMEexhON2pJewrYOKykHbwaGjcr6varhhZcfNxs="},"senderSigningKey":{"public":"BVtXiZc/uVzT5W3zVfnWBSG55pa1Qw1eh3XIAYBGkcMq"},"senderMessageKeys":[]},{"senderKeyId":659458591,"senderChainKey":{"iteration":1,"seed":"WrioOEUcby1FPTGeVbUEzcYBRXUY6f82kB6rjYQzRaw="},"senderSigningKey":{"public":"BVtXiZc/uVzT5W3zVfnWBSG55pa1Qw1eh3XIAYBGkcMq"},"senderMessageKeys":[]},{"senderKeyId":1474556650,"senderChainKey":{"iteration":2,"seed":"sdR6UPrDf8wM7VqDwP1YQRzr/U/K4tL7FMDVGqBDomQ="},"senderSigningKey":{"public":"BfJ4XNXNo45YnPdYoPEnsDMQm2qNiHjOOwkJLf2K2Mw7"},"senderMessageKeys":[]}]