[{"senderKeyId":247526375,"senderChainKey":{"iteration":5,"seed":"8kKMdV7jQrVpNYDztJAd4yfs70QJF9XDEeRc36O5UfY="},"senderSigningKey":{"public":"BV09TSZePhOuinXvyrpY9mSYrW16mBALSWvdH3/pFNQT"},"senderMessageKeys":[]},{"senderKeyId":2019722996,"senderChainKey":{"iteration":4,"seed":"Pg5y2deM435zSLaI9Nkj8u/IpaJx24lXGF+krr4hU9w="},"senderSigningKey":{"public":"BUJmPYLymUMQ2HUU67BBdkSeWHqVuUGpuPyt6/fKnABY"},"senderMessageKeys":[]},{"senderKeyId":1350704822,"senderChainKey":{"iteration":1,"seed":"bQNNgAo1bL1QPavqpltv/NmtovG0iD9gAFLare5EcEc="},"senderSigningKey":{"public":"BRn1YcAubdrAeTvg4+HOSYhC2D3lbgUsl4mx7ticy7UW"},"senderMessageKeys":[]}]