[{"senderKeyId":562114112,"senderChainKey":{"iteration":1,"seed":"H/dM4GfzGjDtAv6mByNkFhoxRqDgFlTOwFtWSvSTSTk="},"senderSigningKey":{"public":"BVN4sMK/YK7z4mRJ/K7EJ4xFjTD2RcOjfsU5LgY20cle"},"senderMessageKeys":[]},{"senderKeyId":2069189095,"senderChainKey":{"iteration":1,"seed":"NisxOo2rrET1CXrP/aQz4VbdaifKhboKJ+xm/V1VnhQ="},"senderSigningKey":{"public":"BZi3kqWpqrkE1gFtexo9aPVHPHYfTOIWKW3ALyOeUn8a"},"senderMessageKeys":[]},{"senderKeyId":1823480266,"senderChainKey":{"iteration":2,"seed":"MZ3t2+djoH5yzHRd1+WPmN5PDY0bZOznGJNhztLMfIs="},"senderSigningKey":{"public":"BZMXsMJAv1PwlrJbtrbj+tfQhuMKuZrGiTMeTca3gY85"},"senderMessageKeys":[]},{"senderKeyId":945531703,"senderChainKey":{"iteration":3,"seed":"lMVFehorhho65EFWdMz5/1uCjgJ/T7z/Ifiq2v7bn+A="},"senderSigningKey":{"public":"BbMEVa/DfvcgogtXmTaPPIRc8zr2r8Qr4Xq8NtpEKx40"},"senderMessageKeys":[]},{"senderKeyId":945531703,"senderChainKey":{"iteration":0,"seed":"TvpxfVvZs0rfndJkOBQ53sS5WHvLHTCMWn2WA0LNpP4="},"senderSigningKey":{"public":"BbMEVa/DfvcgogtXmTaPPIRc8zr2r8Qr4Xq8NtpEKx40"},"senderMessageKeys":[]},{"senderKeyId":1574443323,"senderChainKey":{"iteration":8,"seed":"xUlKEulXc6ygvYCLri3hN1EAMr8YbWi8g/44t4gp//c="},"senderSigningKey":{"public":"BV3E0vuw5Lbo4ce6V+pVkivRych887dpFuKQQ+BJVZNy"},"senderMessageKeys":[]},{"senderKeyId":1574443323,"senderChainKey":{"iteration":5,"seed":"Hm8AdWTiUjCpMvZ1OeLcPld1ehoOa272H6EN8Tsgfjg="},"senderSigningKey":{"public":"BV3E0vuw5Lbo4ce6V+pVkivRych887dpFuKQQ+BJVZNy"},"senderMessageKeys":[]},{"senderKeyId":476185135,"senderChainKey":{"iteration":4,"seed":"raeA2V9TYdz7/eJGoPAeHRo7erYKvPTiNz7/xIyIQ54="},"senderSigningKey":{"public":"BRDSbdvoulPW66UROn8Q6hHuKZ6HubVYDhYUYJqRAghY"},"senderMessageKeys":[]},{"senderKeyId":210988348,"senderChainKey":{"iteration":1,"seed":"S7zatS/RmwafmiL40z/ld+76TC0heSyWHVwtRVUow3k="},"senderSigningKey":{"public":"BXvH3KCEwP3ftAvxrIzG7CfM9O+oDhZY2Akavzr17UQL"},"senderMessageKeys":[]}]