[{"senderKeyId":1520053403,"senderChainKey":{"iteration":1,"seed":"UWndHaSC6qXGaHA6XNvXuPA10M+8BDgWimpfFGUxJEQ="},"senderSigningKey":{"public":"BbLDhy6mwjQ/ivpMDQufLw9LLgspUh1DFWAD9iXs3vRW"},"senderMessageKeys":[]},{"senderKeyId":1520053403,"senderChainKey":{"iteration":0,"seed":"4ZyzmP6i9BN9OQXJRDSYS2bm9/JYZ/NbraWIephuTMo="},"senderSigningKey":{"public":"BbLDhy6mwjQ/ivpMDQufLw9LLgspUh1DFWAD9iXs3vRW"},"senderMessageKeys":[]},{"senderKeyId":1520053403,"senderChainKey":{"iteration":0,"seed":"4ZyzmP6i9BN9OQXJRDSYS2bm9/JYZ/NbraWIephuTMo="},"senderSigningKey":{"public":"BbLDhy6mwjQ/ivpMDQufLw9LLgspUh1DFWAD9iXs3vRW"},"senderMessageKeys":[]},{"senderKeyId":1520053403,"senderChainKey":{"iteration":0,"seed":"4ZyzmP6i9BN9OQXJRDSYS2bm9/JYZ/NbraWIephuTMo="},"senderSigningKey":{"public":"BbLDhy6mwjQ/ivpMDQufLw9LLgspUh1DFWAD9iXs3vRW"},"senderMessageKeys":[]},{"senderKeyId":1520053403,"senderChainKey":{"iteration":0,"seed":"4ZyzmP6i9BN9OQXJRDSYS2bm9/JYZ/NbraWIephuTMo="},"senderSigningKey":{"public":"BbLDhy6mwjQ/ivpMDQufLw9LLgspUh1DFWAD9iXs3vRW"},"senderMessageKeys":[]},{"senderKeyId":1520053403,"senderChainKey":{"iteration":0,"seed":"4ZyzmP6i9BN9OQXJRDSYS2bm9/JYZ/NbraWIephuTMo="},"senderSigningKey":{"public":"BbLDhy6mwjQ/ivpMDQufLw9LLgspUh1DFWAD9iXs3vRW"},"senderMessageKeys":[]},{"senderKeyId":1520053403,"senderChainKey":{"iteration":0,"seed":"4ZyzmP6i9BN9OQXJRDSYS2bm9/JYZ/NbraWIephuTMo="},"senderSigningKey":{"public":"BbLDhy6mwjQ/ivpMDQufLw9LLgspUh1DFWAD9iXs3vRW"},"senderMessageKeys":[]},{"senderKeyId":1520053403,"senderChainKey":{"iteration":0,"seed":"4ZyzmP6i9BN9OQXJRDSYS2bm9/JYZ/NbraWIephuTMo="},"senderSigningKey":{"public":"BbLDhy6mwjQ/ivpMDQufLw9LLgspUh1DFWAD9iXs3vRW"},"senderMessageKeys":[]},{"senderKeyId":1520053403,"senderChainKey":{"iteration":0,"seed":"4ZyzmP6i9BN9OQXJRDSYS2bm9/JYZ/NbraWIephuTMo="},"senderSigningKey":{"public":"BbLDhy6mwjQ/ivpMDQufLw9LLgspUh1DFWAD9iXs3vRW"},"senderMessageKeys":[]},{"senderKeyId":1520053403,"senderChainKey":{"iteration":0,"seed":"4ZyzmP6i9BN9OQXJRDSYS2bm9/JYZ/NbraWIephuTMo="},"senderSigningKey":{"public":"BbLDhy6mwjQ/ivpMDQufLw9LLgspUh1DFWAD9iXs3vRW"},"senderMessageKeys":[]},{"senderKeyId":1520053403,"senderChainKey":{"iteration":0,"seed":"4ZyzmP6i9BN9OQXJRDSYS2bm9/JYZ/NbraWIephuTMo="},"senderSigningKey":{"public":"BbLDhy6mwjQ/ivpMDQufLw9LLgspUh1DFWAD9iXs3vRW"},"senderMessageKeys":[]},{"senderKeyId":422015576,"senderChainKey":{"iteration":1,"seed":"99z93oGcCmEtOWOUfjwJHOLTN1nYhNalnAoCiBm9sh8="},"senderSigningKey":{"public":"BU0VBZaPs9ylHdO4OOmEOX5QctxUJLHi813F7BwG1cJB"},"senderMessageKeys":[]}]