[{"senderKeyId":1044254993,"senderChainKey":{"iteration":10,"seed":"mEIu2kDPdKe+268sSZwg+rToKKj6G1waTOKmnGuhVl4="},"senderSigningKey":{"public":"BUFvmDjiv8Z4AmcoYpZvQVLblOV3JYlZVxUP5C2JCtwV"},"senderMessageKeys":[]},{"senderKeyId":1053120302,"senderChainKey":{"iteration":8,"seed":"1R3LdlaLq993Pzb4uAk0/ZrRpMQ92lFmD4hfk1G5FNo="},"senderSigningKey":{"public":"BRmpKTRYhgr7p+lAumE5xSQKYkh0XVI68Krqbk5jyn9w"},"senderMessageKeys":[]},{"senderKeyId":1053120302,"senderChainKey":{"iteration":3,"seed":"Gs97u50xMs83M+C7qkRJDowt5W71E8SGcikiWcsOfIQ="},"senderSigningKey":{"public":"BRmpKTRYhgr7p+lAumE5xSQKYkh0XVI68Krqbk5jyn9w"},"senderMessageKeys":[]},{"senderKeyId":1053120302,"senderChainKey":{"iteration":3,"seed":"Gs97u50xMs83M+C7qkRJDowt5W71E8SGcikiWcsOfIQ="},"senderSigningKey":{"public":"BRmpKTRYhgr7p+lAumE5xSQKYkh0XVI68Krqbk5jyn9w"},"senderMessageKeys":[]}]