[{"senderKeyId":26687966,"senderChainKey":{"iteration":135,"seed":"sW7hcdy+kL+gSPYPxDGgkzSA59saW6ovBJ/Mi/WBeTQ="},"senderSigningKey":{"public":"BdHSOyxYEPTsd6vieJQJVwxOulSFSNmzvPg+LQCrzVEb"},"senderMessageKeys":[]},{"senderKeyId":26687966,"senderChainKey":{"iteration":130,"seed":"PgGn3R08wGqvbC1QkUUu+fPKp7zX4Skkun9fmSIfTKw="},"senderSigningKey":{"public":"BdHSOyxYEPTsd6vieJQJVwxOulSFSNmzvPg+LQCrzVEb"},"senderMessageKeys":[]},{"senderKeyId":26687966,"senderChainKey":{"iteration":130,"seed":"PgGn3R08wGqvbC1QkUUu+fPKp7zX4Skkun9fmSIfTKw="},"senderSigningKey":{"public":"BdHSOyxYEPTsd6vieJQJVwxOulSFSNmzvPg+LQCrzVEb"},"senderMessageKeys":[]},{"senderKeyId":26687966,"senderChainKey":{"iteration":130,"seed":"PgGn3R08wGqvbC1QkUUu+fPKp7zX4Skkun9fmSIfTKw="},"senderSigningKey":{"public":"BdHSOyxYEPTsd6vieJQJVwxOulSFSNmzvPg+LQCrzVEb"},"senderMessageKeys":[]},{"senderKeyId":26687966,"senderChainKey":{"iteration":130,"seed":"PgGn3R08wGqvbC1QkUUu+fPKp7zX4Skkun9fmSIfTKw="},"senderSigningKey":{"public":"BdHSOyxYEPTsd6vieJQJVwxOulSFSNmzvPg+LQCrzVEb"},"senderMessageKeys":[]},{"senderKeyId":26687966,"senderChainKey":{"iteration":130,"seed":"PgGn3R08wGqvbC1QkUUu+fPKp7zX4Skkun9fmSIfTKw="},"senderSigningKey":{"public":"BdHSOyxYEPTsd6vieJQJVwxOulSFSNmzvPg+LQCrzVEb"},"senderMessageKeys":[]},{"senderKeyId":26687966,"senderChainKey":{"iteration":130,"seed":"PgGn3R08wGqvbC1QkUUu+fPKp7zX4Skkun9fmSIfTKw="},"senderSigningKey":{"public":"BdHSOyxYEPTsd6vieJQJVwxOulSFSNmzvPg+LQCrzVEb"},"senderMessageKeys":[]},{"senderKeyId":26687966,"senderChainKey":{"iteration":130,"seed":"PgGn3R08wGqvbC1QkUUu+fPKp7zX4Skkun9fmSIfTKw="},"senderSigningKey":{"public":"BdHSOyxYEPTsd6vieJQJVwxOulSFSNmzvPg+LQCrzVEb"},"senderMessageKeys":[]},{"senderKeyId":340591098,"senderChainKey":{"iteration":4,"seed":"+HCmFISfdZ3urIZoJnjziihF1VSpURTXguQ6kjNVJnQ="},"senderSigningKey":{"public":"BTvzqV0OrA5AgsI2qEvnly8L338XQ9e8ChN0zXY8F6RM"},"senderMessageKeys":[]}]