[{"senderKeyId":303913126,"senderChainKey":{"iteration":6,"seed":"sCsf2dhM23uSZuWg5DlOQiG+nkmcG+Jy9oxwczm6P+4="},"senderSigningKey":{"public":"BVVQU7FlwAkieJ6PgURd8GbicHrSfJed4CdGPsLuuZ5f"},"senderMessageKeys":[]},{"senderKeyId":303913126,"senderChainKey":{"iteration":6,"seed":"sCsf2dhM23uSZuWg5DlOQiG+nkmcG+Jy9oxwczm6P+4="},"senderSigningKey":{"public":"BVVQU7FlwAkieJ6PgURd8GbicHrSfJed4CdGPsLuuZ5f"},"senderMessageKeys":[]},{"senderKeyId":303913126,"senderChainKey":{"iteration":6,"seed":"sCsf2dhM23uSZuWg5DlOQiG+nkmcG+Jy9oxwczm6P+4="},"senderSigningKey":{"public":"BVVQU7FlwAkieJ6PgURd8GbicHrSfJed4CdGPsLuuZ5f"}}]