[{"senderKeyId":1852011735,"senderChainKey":{"iteration":1,"seed":"OTFlEUB6cjzwZhzTXS9zgWg8M9J2Cr0+qERel7Az2OY="},"senderSigningKey":{"public":"BXFEX18AcDZ36yt5fzY94gp4X44ENHm+gjKnLDDwny8x"},"senderMessageKeys":[]},{"senderKeyId":1472885919,"senderChainKey":{"iteration":3,"seed":"orXWa1NvcCQD2apuer4rf8Cam3Vz/OlXrnseXkOoItE="},"senderSigningKey":{"public":"BR+nAGFtaA5TQc8M3IDR+jlxG3QYFFj7uzvxYOFDBKc0"},"senderMessageKeys":[]},{"senderKeyId":1780811927,"senderChainKey":{"iteration":1,"seed":"zLXHmKuGfuuXheuKf2EXMmU4oL0KzHnA6yzBi1smnxA="},"senderSigningKey":{"public":"BXk6fxZ4jjniE/tK+CWiSIqXHWL/jT8LMk44m/aPr991"},"senderMessageKeys":[]},{"senderKeyId":1704562933,"senderChainKey":{"iteration":2,"seed":"oh3vI6oOuXGOXnOqTQRCMOYFyritIdXYpXcI+LepnKI="},"senderSigningKey":{"public":"Be/peW3Wso3tX70YMcaVTSq62SKUfOBjdW3VOYiR2xhk"},"senderMessageKeys":[]}]