[{"senderKeyId":1947756107,"senderChainKey":{"iteration":3,"seed":"hwzwm6vBmcMsJjbnv1rh3utio/cYa8dA69b6bex7eEU="},"senderSigningKey":{"public":"BTVpIwRjwEwGJpaH1iugLeFweKKzGgfGm+gA0Zkl6rsU"},"senderMessageKeys":[]},{"senderKeyId":400617096,"senderChainKey":{"iteration":1,"seed":"O1qqxbMlTFP0VhoMkIZTEUEaVvzFMe56nVFZ4NHraa8="},"senderSigningKey":{"public":"BRlQp5Ff1IkukU1ut8T82GhjBqzqYgQbOGnNhtNkKpUx"},"senderMessageKeys":[]},{"senderKeyId":1735550116,"senderChainKey":{"iteration":27,"seed":"GQsbqSKTCZfLvKSSL60+ENg0aoiOY3+aWSzW5Tkxrls="},"senderSigningKey":{"public":"BU9flh4zCQ5nKDxyMqmelYJwoqSU8L5eZbnVMpqXgVBg"},"senderMessageKeys":[]},{"senderKeyId":1735550116,"senderChainKey":{"iteration":2,"seed":"6aK53ObSBtk78W5hIuudyCu8zjF6TMlXro/3brZeOMA="},"senderSigningKey":{"public":"BU9flh4zCQ5nKDxyMqmelYJwoqSU8L5eZbnVMpqXgVBg"},"senderMessageKeys":[]},{"senderKeyId":1273644726,"senderChainKey":{"iteration":4,"seed":"2GTKd8Sc9wNao5iHn4TLQt3EvfFqqlAKXId1LR74IXM="},"senderSigningKey":{"public":"BabcJ8f5UNZLME6zeKv5x8Ga8I1021NPo9vD3O87OlNm"},"senderMessageKeys":[]},{"senderKeyId":748487876,"senderChainKey":{"iteration":3,"seed":"mG3og1AzP5Bn7BuJXfyPlX+K9onfhNG8LyhpK5XMKuU="},"senderSigningKey":{"public":"BShXTruDh4z5euQZcWNx9HwtAv5otLGPMTAWyp65VY4z"},"senderMessageKeys":[]},{"senderKeyId":1762536351,"senderChainKey":{"iteration":4,"seed":"fzokvKeV/M2SaNbTkXtbfU0LaNp3HDv42+ZapEpXrwQ="},"senderSigningKey":{"public":"BbYTMHh4kgvfccQvlNw2jcNYZTCvO6+j+WdLnzA2YGQL"},"senderMessageKeys":[]},{"senderKeyId":1085519309,"senderChainKey":{"iteration":1,"seed":"KS9XsyxhVSVGEaZoHfKHerjMv45h4zXFAjgshw+iaCs="},"senderSigningKey":{"public":"BWIP8fCLOVmPEw2W6H+nwGQ4NdRqifrVRJulnCTZhKhf"},"senderMessageKeys":[]},{"senderKeyId":1589006032,"senderChainKey":{"iteration":1,"seed":"4L/yV3TyB8sV5qIA7IVN3lr2rrmlOh4DcFxXRaSwaLU="},"senderSigningKey":{"public":"BbYvckM+weY/dk+4VgVwgZklL6PJXgSPpF+fmCTzT2oa"},"senderMessageKeys":[]}]