[{"senderKeyId":402492825,"senderChainKey":{"iteration":10,"seed":"IAClpMZooxqX42vzfdKj0in1I/u2rsIYOe78LYYtglw="},"senderSigningKey":{"public":"BdUjTOvl5pstVi5LMp8kDujpVZYj/e0gXnh9feaCkula"},"senderMessageKeys":[]},{"senderKeyId":1425465653,"senderChainKey":{"iteration":1,"seed":"Cubm5XgmRiWVjbT/RZagAou4gValw/QuKn72FLKY2oU="},"senderSigningKey":{"public":"BfDRSEqn9NUTX0IQQCwwZprV+/ck0PO41t1tuFU52E4q"},"senderMessageKeys":[]},{"senderKeyId":1086939857,"senderChainKey":{"iteration":5,"seed":"bUj/xivEP4C0HQLp2+wkcLRvSWfa8an2eOEBt7AMTJY="},"senderSigningKey":{"public":"BelBrkLN39Wcxa47kuQ7QGjhNVs7zqsxyOI4PB9oySI4"},"senderMessageKeys":[]},{"senderKeyId":1086939857,"senderChainKey":{"iteration":4,"seed":"N0ie9VnbKbTeSh0zfhoglfUGFEqhNpZnjkTml39UUW0="},"senderSigningKey":{"public":"BelBrkLN39Wcxa47kuQ7QGjhNVs7zqsxyOI4PB9oySI4"},"senderMessageKeys":[]},{"senderKeyId":1919621939,"senderChainKey":{"iteration":1,"seed":"IPAXzdBgJ6c/KGTk+NYXg21anHvDpxPYYsHbYln66WE="},"senderSigningKey":{"public":"BbpZ+bjjvXpAV3/C39kQYrGJWuLijqdFXixu0OR6PkIk"},"senderMessageKeys":[]},{"senderKeyId":226005800,"senderChainKey":{"iteration":15,"seed":"knNQvDYjE3Nefqogu+QnJ9svPc6xJ2qy9K0grqkKDsg="},"senderSigningKey":{"public":"BTTCIxc8IT2t+bV+YBq90rHf4cInqp/oj3NZw+dIh4tn"},"senderMessageKeys":[]},{"senderKeyId":938987930,"senderChainKey":{"iteration":3,"seed":"Lrk70REWdt1yVDKclqNuPzob+NaMKbdejja8rfNyKO8="},"senderSigningKey":{"public":"BZCd7w+NX75WiLssbHgcIHZ+zEn5zx7VFKkFm2DRq6Qb"},"senderMessageKeys":[]},{"senderKeyId":938987930,"senderChainKey":{"iteration":1,"seed":"UCPbtltcHuGR5kx6nqVr4H/nMP3ywSKP1cjB0wyQ+oU="},"senderSigningKey":{"public":"BZCd7w+NX75WiLssbHgcIHZ+zEn5zx7VFKkFm2DRq6Qb"},"senderMessageKeys":[]},{"senderKeyId":891253835,"senderChainKey":{"iteration":1,"seed":"kHd8jvoebt9jWyiSc7EBhpbjtZLblLr1Fn7SDz4WQUM="},"senderSigningKey":{"public":"BTPENMx03poWJn7Wd1REw1qoCX5waJMJkbiWBHjMmK1h"},"senderMessageKeys":[]},{"senderKeyId":2071183179,"senderChainKey":{"iteration":1,"seed":"45tElzvcV5CSWdjFR6sYdc5waF5k0exz5QO/h+T4VEU="},"senderSigningKey":{"public":"BYpgG6erH5EIHMIz5p/uRmTWWK4WWRmxFk67sZeG3KN4"},"senderMessageKeys":[]}]