[{"senderKeyId":56408184,"senderChainKey":{"iteration":67,"seed":"W14+Qr/I8/sSOWonaqxG+Z/BsapolS5W4zW8cQnPTZ8="},"senderSigningKey":{"public":"BYQMsAPLuIUbgLvYJMYAYIQiscVLfBwaCShLMDdfxywe"},"senderMessageKeys":[]},{"senderKeyId":1707974871,"senderChainKey":{"iteration":22,"seed":"Nq/ZjhRawrEKe8fvyDsNghfSl0zgqzWGb4pvTqN6XxQ="},"senderSigningKey":{"public":"BUlHzOFaVg+1PGwpvCGFJJX8wrm39h49HBhLgwlf9Twl"},"senderMessageKeys":[]},{"senderKeyId":1707974871,"senderChainKey":{"iteration":1,"seed":"syWFrmXC4d6jtvZTRAmBUcleGtKjug7lSHGfU1M3d80="},"senderSigningKey":{"public":"BUlHzOFaVg+1PGwpvCGFJJX8wrm39h49HBhLgwlf9Twl"},"senderMessageKeys":[]}]