[{"senderKeyId":805970150,"senderChainKey":{"iteration":13,"seed":"TKr7Mh9MER/FcAR5cFSifgfmRIVGHfwXKh48yW2WiFE="},"senderSigningKey":{"public":"Bcgt6dBbHy2yv4YELfjqT3TC+k53LmWcFOd666BYlZgb"},"senderMessageKeys":[]},{"senderKeyId":805970150,"senderChainKey":{"iteration":8,"seed":"/347SS9elRdjitDcbGqsxDZ26aAdv9Y4KGM2mHHx6p4="},"senderSigningKey":{"public":"Bcgt6dBbHy2yv4YELfjqT3TC+k53LmWcFOd666BYlZgb"},"senderMessageKeys":[]},{"senderKeyId":805970150,"senderChainKey":{"iteration":8,"seed":"/347SS9elRdjitDcbGqsxDZ26aAdv9Y4KGM2mHHx6p4="},"senderSigningKey":{"public":"Bcgt6dBbHy2yv4YELfjqT3TC+k53LmWcFOd666BYlZgb"},"senderMessageKeys":[]},{"senderKeyId":805970150,"senderChainKey":{"iteration":8,"seed":"/347SS9elRdjitDcbGqsxDZ26aAdv9Y4KGM2mHHx6p4="},"senderSigningKey":{"public":"Bcgt6dBbHy2yv4YELfjqT3TC+k53LmWcFOd666BYlZgb"},"senderMessageKeys":[]},{"senderKeyId":1395213090,"senderChainKey":{"iteration":2,"seed":"qW/ttuBGLQKoKbsEWbt7x8c78f+tc9ws+WoH034quVg="},"senderSigningKey":{"public":"BVdgyukYUBfCZ5FyN6rAzbrMNzfpWpQYP08xdyFipmoy"},"senderMessageKeys":[]},{"senderKeyId":1918831135,"senderChainKey":{"iteration":2,"seed":"yyWVsFi5ymLZ64xPNvSxiLiyEqfOw+wgfbwqd2eSeBw="},"senderSigningKey":{"public":"BQazgJiUVzteCOjxiJM5e7UZSQ9iXUh3wuHk2vs1ARMl"},"senderMessageKeys":[]}]