[{"senderKeyId":338671376,"senderChainKey":{"iteration":5,"seed":"pInKkbgYAmB0YuxXEkjWJsex+h4+sTJ+W8tap5AE0uM="},"senderSigningKey":{"public":"BdJ8lHX5MxwqhU9m8SFJ5hfPerXiSM7g2OCNC39KtNJ8"},"senderMessageKeys":[]},{"senderKeyId":1756345713,"senderChainKey":{"iteration":2,"seed":"e5RRHDxZA1pYEbSzmGwaM0e5Wy/oiZOS1R+WZwifiyo="},"senderSigningKey":{"public":"BWdK8Wr7WSFQXLNNj4GVp60L6vb2Zqb7dW1WMzMhXhQ8"},"senderMessageKeys":[]},{"senderKeyId":775497880,"senderChainKey":{"iteration":13,"seed":"9BySr2YJVu7kvcqkQQSmWlKEfh9pTa0Jcc1oatsWLEQ="},"senderSigningKey":{"public":"BWLuaGB9wzP53Paip3PpZjSu5XmyI1X3HAkIqGoPuU1X"},"senderMessageKeys":[]}]