[{"senderKeyId":624816389,"senderChainKey":{"iteration":1,"seed":"GKcD6pBut6XORvhQBuVDS3y0dGcqyycOttGBO6nK1SM="},"senderSigningKey":{"public":"BcG82g3T5gOXqQtPVuWZhXp+S1uHCdhT/WuyciRYO3II"},"senderMessageKeys":[]},{"senderKeyId":396016324,"senderChainKey":{"iteration":4,"seed":"ULc52ANzS2/XDbProOG4MA9L5OG6tijEhXQHEj3YyZw="},"senderSigningKey":{"public":"BTUf4XL75baTXSu8Dv65LvZk2ZJ7IKoviuuRrE/z6VAQ"},"senderMessageKeys":[]},{"senderKeyId":1390883034,"senderChainKey":{"iteration":9,"seed":"9TF/ljmQ+wRFirDxLjcgQViivaH+7ifO1GyLn6LNpcA="},"senderSigningKey":{"public":"BQfUIHlnNC44oGLbhaYJoTIXC6MSftE86C4Fp7JF9z1t"},"senderMessageKeys":[]}]