[{"senderKeyId":404168107,"senderChainKey":{"iteration":1,"seed":"LOsxF7vcSbMYnfLR4c93fVNwNOGysMqsxa1Ee/zuGt0="},"senderSigningKey":{"public":"BUJs0IC4Qm2ytOJrTpblJqbXcRX6+FEP76f2ql6Zz+tO"},"senderMessageKeys":[]},{"senderKeyId":34782355,"senderChainKey":{"iteration":1,"seed":"mrch0XiMEcjHCW6/dpo1kBKh1NY//yJIhCaWvWCZGl4="},"senderSigningKey":{"public":"BaEEkr/rQ6dEx008PU7Huir9AcIA8N0MNX7xSf1XnLRj"},"senderMessageKeys":[]},{"senderKeyId":1589941236,"senderChainKey":{"iteration":4,"seed":"kkvcfs+USX9T9+jBR4tk3O3pO4ZkC0/rK2bDdD0Ayns="},"senderSigningKey":{"public":"BVFS2yny9i4mg4APBKb+erkvp8y6kE6CT8HUgVkdBi0Z"},"senderMessageKeys":[]}]