[{"senderKeyId":1059567210,"senderChainKey":{"iteration":1,"seed":"4cFppcYmhsSZflnuDWz6BvaIj010LcgJLkXb/YqKiFw="},"senderSigningKey":{"public":"BXggyU8XpNFoCgiJbynC0Zb1KZAvHSGwQCaT9JeE+AYs"},"senderMessageKeys":[]},{"senderKeyId":684322683,"senderChainKey":{"iteration":4,"seed":"UieNBTSg93HHlXxHyD7jAUizm1Vg5OrpMHWlrUvVtw8="},"senderSigningKey":{"public":"BcuH+h0Rqz5tBwbubs/rUX10zo28oAL49NyzHoxPA5xu"},"senderMessageKeys":[]},{"senderKeyId":684322683,"senderChainKey":{"iteration":3,"seed":"HF4BRbkquejH4gaw/iW3Zar2RVa2uQ/DSUza6Gh61Dk="},"senderSigningKey":{"public":"BcuH+h0Rqz5tBwbubs/rUX10zo28oAL49NyzHoxPA5xu"},"senderMessageKeys":[]}]