{"_sessions":{"BbpfgDsPVrR/LUAVzPIzm2WJ0fkPNYY1dQsf0FaHqsB9":{"registrationId":163868342,"currentRatchet":{"ephemeralKeyPair":{"pubKey":"BcrGzikD0OZBDrjzfEuHLPg7mp1SJsHf9b2DOpP+Jb4Y","privKey":"oOkmdny8Xq1UKB6ECcQ2LFQgmVC5lGKF2lHxvfaImnQ="},"lastRemoteEphemeralKey":"BXuBJ4VGoPrSy1PwWXOVNbUcn+Yd1oEnKnRq6le5LAk8","previousCounter":0,"rootKey":"kkxKdqryTgLB00SWhmYNxICcFtS7nktu8lY8g4grPEI="},"indexInfo":{"baseKey":"BbpfgDsPVrR/LUAVzPIzm2WJ0fkPNYY1dQsf0FaHqsB9","baseKeyType":2,"closed":-1,"used":1688299607827,"created":1688299607827,"remoteIdentityKey":"BebUy3Bla/yW/RlKrw6SY78TYxJVogOXIpk1vGWzOrMD"},"_chains":{"BXuBJ4VGoPrSy1PwWXOVNbUcn+Yd1oEnKnRq6le5LAk8":{"chainKey":{"counter":2,"key":"RzMc/4QexRyympl4hRHG57/PVvKheqfMe1tTmF8YitQ="},"chainType":2,"messageKeys":{}},"BcrGzikD0OZBDrjzfEuHLPg7mp1SJsHf9b2DOpP+Jb4Y":{"chainKey":{"counter":-1,"key":"rz06RoZzDX6tC5kfpH0hGyXpgqvDQRJdbI0T3PmzRPU="},"chainType":1,"messageKeys":{}}}}},"version":"v1"}