{"_sessions":{"BdcT2fF39iJTFiAXHs8lZssoYL9fOq3Jfv6vfR14EVsY":{"registrationId":1707884264,"currentRatchet":{"ephemeralKeyPair":{"pubKey":"BX8/cRygna3to1KEVbVeK5/WPuSz7cXT/8ln2vvIn5kL","privKey":"AEErkVEqFS7qwyGLBecIANOxq3LyAIIsQ6aJTwrCR0Q="},"lastRemoteEphemeralKey":"Bc6yeXmsufsqbxOaAgOAZMZNAbCTzpB9IWEAFZNs3O5h","previousCounter":0,"rootKey":"XuXMoQAfNcHnHteqKlEl+jMxbRiYR6QOmgZJHGrNOoE="},"indexInfo":{"baseKey":"BdcT2fF39iJTFiAXHs8lZssoYL9fOq3Jfv6vfR14EVsY","baseKeyType":1,"closed":-1,"used":1688299690861,"created":1688299690861,"remoteIdentityKey":"BdBc60Vh/ytm1gf5vXun9pm0ixLqDIKN9xo+WXow6c9p"},"_chains":{"BX8/cRygna3to1KEVbVeK5/WPuSz7cXT/8ln2vvIn5kL":{"chainKey":{"counter":1,"key":"z5GL70JKxpo78nz8dfaXHBipX2Mc4esAjSYPf/BrO58="},"chainType":1,"messageKeys":{}}},"pendingPreKey":{"signedKeyId":0,"baseKey":"BdcT2fF39iJTFiAXHs8lZssoYL9fOq3Jfv6vfR14EVsY"}}},"version":"v1"}