{"_sessions":{"BYwVLXh/QG+Wsitds6UH4bWEdRp/y+sg0O+CEqPbN1Ys":{"registrationId":1079671727,"currentRatchet":{"ephemeralKeyPair":{"pubKey":"BTflp/d93mnWefLpuYdEHqt5yMfbf3+rT6SgVZHC+Wlh","privKey":"eFlgGVPWt6T+akEu+BsVzG3CjwGvqjDF1DHQp4EMEF8="},"lastRemoteEphemeralKey":"BbnWgBtWa6lWbWMn+1c1I9zNWhUdlDtN4tQRl8L+vMwy","previousCounter":0,"rootKey":"Sk1FcnLG/MnNWpL8ieKgfu8HsOuJs756B5izi1KJCUE="},"indexInfo":{"baseKey":"BYwVLXh/QG+Wsitds6UH4bWEdRp/y+sg0O+CEqPbN1Ys","baseKeyType":2,"closed":-1,"used":1688299638646,"created":1688299638646,"remoteIdentityKey":"BZSF432rtAK/pR6L66rk/sMvYhOIYeCC6os3n0WxXrUI"},"_chains":{"BbnWgBtWa6lWbWMn+1c1I9zNWhUdlDtN4tQRl8L+vMwy":{"chainKey":{"counter":7,"key":"UR6M6+Qm4sLOdPOEdgbWiPcm+CpuHPwx5l7+/wCoWCM="},"chainType":2,"messageKeys":{"0":"m+KaD7f0jW7XhMVGIwKkGFaD9VRLYfBUQYjS8WcQMmA=","1":"7qi7BQZPHP7zALogj7/6HAe27r5csQLX1k05j8FPutA=","2":"tCeshxufWs3wIlK8J7Cb3amwa+V+3YLH4wZEbTVLnrg=","3":"D1jM5Z9w75wf0Gy2pf1ZoJmM3VufF84pFVjLJ6IYiXU=","4":"fIRlvLu0II+qomkwN+05j9vcQ23Y8/llm22W9RoXHTU="}},"BTflp/d93mnWefLpuYdEHqt5yMfbf3+rT6SgVZHC+Wlh":{"chainKey":{"counter":-1,"key":"kpvOzv3ghIa+rNT9K0glapwSmQK+7z/vyqJlmlfX/JU="},"chainType":1,"messageKeys":{}}}}},"version":"v1"}