{"_sessions":{"Be8JQ5jtXEZuJCpQJzsTWm0Em4ofXjTq6kX3y0DjUUdU":{"registrationId":1314350941,"currentRatchet":{"ephemeralKeyPair":{"pubKey":"BcnhP0xSNzgfhpys3toK9A7AWVaqbKyXlt68ynNTd/s3","privKey":"uMBdHp5HYoPqprxIJxudHwCOiv67/Gzo94eI9OzUkHE="},"lastRemoteEphemeralKey":"BfMe2wPWy72c6e93R3hI2T01ZqDzLygDA19W4yxB5mR/","previousCounter":0,"rootKey":"zM0Bc7dKaIv/ixAUuf9HROEiHr9mUwVOaCYVOd3QSeE="},"indexInfo":{"baseKey":"Be8JQ5jtXEZuJCpQJzsTWm0Em4ofXjTq6kX3y0DjUUdU","baseKeyType":2,"closed":-1,"used":1688348006974,"created":1688348006974,"remoteIdentityKey":"BaZjVcxijpynSbrbucfnbpk0ACUZSu5RWLHVoL4nl7hk"},"_chains":{"BfMe2wPWy72c6e93R3hI2T01ZqDzLygDA19W4yxB5mR/":{"chainKey":{"counter":4,"key":"j/1eXNwKOVCYcWKur07iYk9zUFWEf+QdMpNV0hXbqco="},"chainType":2,"messageKeys":{"0":"I9N4L8AqjjM8dfW+ur3tAQXconv5+EwzWNU3p85PHLo=","1":"2fsU2sMQU08XRsa8UpVBuxFladCz6cyCf0nn0cZ0uGI="}},"BcnhP0xSNzgfhpys3toK9A7AWVaqbKyXlt68ynNTd/s3":{"chainKey":{"counter":-1,"key":"DqLSnrlaQTCajKdVQEqC5HBWuzUqXc66an9OROc/U8c="},"chainType":1,"messageKeys":{}}}}},"version":"v1"}