{"_sessions":{"BZ9QXB/AeE34Tx1VS+w/5dbYGoFg277FFegrmwzzupBw":{"registrationId":1669110673,"currentRatchet":{"ephemeralKeyPair":{"pubKey":"BV2E51/zZQiYv6h0r0aVZ+0bpWr9TZCb1j19P9ICrfM6","privKey":"IEvYt9wVCBQ3muVhk7YP9UT5rMIaAN4n+rivl6Cs1Us="},"lastRemoteEphemeralKey":"Bd5PPKEPB67kqryO7KDxcaE1qWdvaMVZHgwhe3Fz9pwy","previousCounter":0,"rootKey":"SojKdAOXvs2s6oD3iOv5eKYwfti0tQ4Qq6vWXRHRS7w="},"indexInfo":{"baseKey":"BZ9QXB/AeE34Tx1VS+w/5dbYGoFg277FFegrmwzzupBw","baseKeyType":2,"closed":-1,"used":1688299598982,"created":1688299598982,"remoteIdentityKey":"BWi3yZUxKVmUFgkZV3NVFpV+GVp/78wRBrbxvTG8ng1Y"},"_chains":{"Bd5PPKEPB67kqryO7KDxcaE1qWdvaMVZHgwhe3Fz9pwy":{"chainKey":{"counter":4,"key":"nRRX6UPOC9Fy+cJCebjwE+7QUNDTNrUC2bqBckYfRrk="},"chainType":2,"messageKeys":{}},"BV2E51/zZQiYv6h0r0aVZ+0bpWr9TZCb1j19P9ICrfM6":{"chainKey":{"counter":-1,"key":"pelYpsXwwnY2xHDf16WFwhUrrukPG5XL5+g1OmORfOk="},"chainType":1,"messageKeys":{}}}}},"version":"v1"}