{"_sessions":{"BXLjRy1dtO6BYtN7tQqpqgE+pc5W+0XXZfunOxfm3Eom":{"registrationId":1351689866,"currentRatchet":{"ephemeralKeyPair":{"pubKey":"BQmjBXUrsMVgB9q+RifO0kU1+C5bwl7eZ+lt0ZC81S8d","privKey":"mH+udtJeHe0wsiZWMS8ijTamUfG/Efat2lL04kj3Z0s="},"lastRemoteEphemeralKey":"BSEYusKeoiacFeqJL9X0mwArxzUZnB4D/pQHkMoPG4EL","previousCounter":0,"rootKey":"mBstI8Wy1lgUJ5lDgEX+VvdOGy7N93xtm4hTq4NxDM8="},"indexInfo":{"baseKey":"BXLjRy1dtO6BYtN7tQqpqgE+pc5W+0XXZfunOxfm3Eom","baseKeyType":2,"closed":-1,"used":1688299564263,"created":1688299564263,"remoteIdentityKey":"BaGXdIFd4rPtbbzKJD9/FsnuU60D2/FAbL6sO9xoUUtJ"},"_chains":{"BSEYusKeoiacFeqJL9X0mwArxzUZnB4D/pQHkMoPG4EL":{"chainKey":{"counter":12,"key":"nLXHbE5JaYfIeHbX8qplQfWjaEziLOck2VSzpVlUbFI="},"chainType":2,"messageKeys":{"0":"deQ7raD3x2So/7SmprF0fg8xDDrxVjAB3lhUP/gDK+c=","1":"PyqY/XGhWK+zB/Z3kG/zAF0mUWlzrtAnLejpkSGQYWc=","2":"wqFkM9oUKp01qE8PHkjWgPq/KC3XHxU3eusuBgFMagw=","3":"ZsyKKoBBJwwGTJVwhGmPWygzprLljYWY85biOhwp2KE=","4":"c56Y81kigq/5FV/P14G4QrujnYjuR925KaS5J9m6tZw=","5":"UzOM2Qp7o9hVduy4AZar7ULQ9xmSmwgS+VhY7aBeH+o=","6":"03QpdhguLjMb8zn0NGkmztxScl2qliX9Efa3N6NDHmY=","7":"Zv/THnjTBi0L31wrKgzc3Kl9PR83Bmt5ICQ0nPsQL9U=","8":"He0APxojK7sa/d3gPCOeD+UOG4hSRB2+4Ws8A8feUdM=","9":"35Zhg3YOFj1faicWgJKVg9IJ/qwmL2onvsoOEaH4Njo="}},"BQmjBXUrsMVgB9q+RifO0kU1+C5bwl7eZ+lt0ZC81S8d":{"chainKey":{"counter":-1,"key":"V8tKfvjnx7APCqhNmbWQ612TAuNi1OVG62EOVkuPF/o="},"chainType":1,"messageKeys":{}}}}},"version":"v1"}