{"_sessions":{"BagupA9ybdq2yqwuKNx3aSpq5Gu1duqO8Zj3lIyPCoh7":{"registrationId":1384147970,"currentRatchet":{"ephemeralKeyPair":{"pubKey":"BXcwoPP5isHXXlMSoUxtNbQjoAEmbpx9QtYfRE5lJKYg","privKey":"kF9mRxVKfAq9/fprPqoUT8yVi36twiyU7sJhENCKYXE="},"lastRemoteEphemeralKey":"BcSeWQ7+1liGb5DgFym+FjR4W9W4Z/tFRQCxxS5TuIcE","previousCounter":0,"rootKey":"bX/ET5gF4fnVzU+Q/2RPU0RRMe+OhCBshzsETMEyzl8="},"indexInfo":{"baseKey":"BagupA9ybdq2yqwuKNx3aSpq5Gu1duqO8Zj3lIyPCoh7","baseKeyType":2,"closed":-1,"used":1688399725252,"created":1688399725252,"remoteIdentityKey":"BYtQ9aOSRagVGU119mA7DhqTbWaAmnZ4t9DFv0zcDMo0"},"_chains":{"BcSeWQ7+1liGb5DgFym+FjR4W9W4Z/tFRQCxxS5TuIcE":{"chainKey":{"counter":2,"key":"UfxSube/QtP1xGGVHd9aQbaS/kRmyxu5bheChk2bRV4="},"chainType":2,"messageKeys":{}},"BXcwoPP5isHXXlMSoUxtNbQjoAEmbpx9QtYfRE5lJKYg":{"chainKey":{"counter":-1,"key":"5/UiDqbtcEw/LefeBuGFISpsLvaxHO2CpzKDP6at+vs="},"chainType":1,"messageKeys":{}}}}},"version":"v1"}