{"_sessions":{"BZ7F7rfAAdgWComebqAX19x6trfqrwpEKevjDX4dgRE6":{"registrationId":1488635395,"currentRatchet":{"ephemeralKeyPair":{"pubKey":"BVJPvEQ4GOqpe8lusZ4t40/xcfrtYORwHdhIb8wv4WBS","privKey":"gAq3YzRo3i92YkZdGgGQZ7CMPAtbcmbxYwJhGQqVGEE="},"lastRemoteEphemeralKey":"BaaK7JvERgcDVftOlKm9OyNzwd0DY1AHT14w2JPllGoG","previousCounter":201,"rootKey":"cTIs1PfDvWFgY0vRvwAFqFWhNUcgNFSAreAGFgynucA="},"indexInfo":{"baseKey":"BZ7F7rfAAdgWComebqAX19x6trfqrwpEKevjDX4dgRE6","baseKeyType":1,"closed":1688402256452,"used":1688401897943,"created":1688399427567,"remoteIdentityKey":"BQ+GwzaAe96/5hR/6PCSd0QS/KFcVx+2co1atLHJ2cRf"},"_chains":{"BXzlPeEqFPT3+qfjqgUCMsmzLUFmUNhotITs+dqOTOlq":{"chainKey":{"counter":0},"chainType":2,"messageKeys":{}},"BQE9ajxyUApJoFyu/EbLgAZLfoM35O/+LEd1CuiRX3Fx":{"chainKey":{"counter":1},"chainType":2,"messageKeys":{}},"BaaK7JvERgcDVftOlKm9OyNzwd0DY1AHT14w2JPllGoG":{"chainKey":{"counter":3,"key":"VmsG9ki0geIMYzG/JgW1/TwRROZSqu6z12vgDMgqKec="},"chainType":2,"messageKeys":{}},"BVJPvEQ4GOqpe8lusZ4t40/xcfrtYORwHdhIb8wv4WBS":{"chainKey":{"counter":-1,"key":"BPcDLR65coQmtw+oYGoTCbplXY3yktf/VuRtHO7R/xs="},"chainType":1,"messageKeys":{}}}},"BeFJ0zNXCgmI6tEaTBTfIBJJZhz0V1MjzEtlyeYfjH44":{"registrationId":296170752,"currentRatchet":{"ephemeralKeyPair":{"pubKey":"BVfhZWYY5hMP0NDD3fZIktYfbHRm22aD64X+7MgQTaw1","privKey":"KIzQb547Emhtj1ORK8TCREviEnvImZRRuF4cjLRl7E0="},"lastRemoteEphemeralKey":"BUVKgU9IYJi/YW/yW7mghs+pGzZ7IzU4I1tWWoBJQPUK","previousCounter":0,"rootKey":"QFtuAl/HW6XYr7PhSy2OdeIrxHOq7he0YGM+oONXP1w="},"indexInfo":{"baseKey":"BeFJ0zNXCgmI6tEaTBTfIBJJZhz0V1MjzEtlyeYfjH44","baseKeyType":2,"closed":-1,"used":1688402256484,"created":1688402256484,"remoteIdentityKey":"BbqAoGD2sv0RzxB1pk+ti3KsQxDHJIWtaKL3jpqkGsIP"},"_chains":{"BUVKgU9IYJi/YW/yW7mghs+pGzZ7IzU4I1tWWoBJQPUK":{"chainKey":{"counter":0,"key":"kjOR4SsVYysSnKmFVCrykyntiua4u3cdtQJfoiVZAe4="},"chainType":2,"messageKeys":{}},"BVfhZWYY5hMP0NDD3fZIktYfbHRm22aD64X+7MgQTaw1":{"chainKey":{"counter":-1,"key":"qSYCB9XehnRc1iNh/VO6HH/QD36RyQB8yoeiRD2x+nk="},"chainType":1,"messageKeys":{}}}}},"version":"v1"}