{"_sessions":{"BY6bDMA4zFsRoo9G5CTHWt/M0LFdgpDKHgyPUCeR7rln":{"registrationId":1726417543,"currentRatchet":{"ephemeralKeyPair":{"pubKey":"BTW1aMAOw9OZvd4PDZg9QqGxnDqvJ/oEkXwOp2d976d4","privKey":"KKFvJzaRG4MT5jo6Mo4DzaT3gTaB+lRJYOMT/lAy7U4="},"lastRemoteEphemeralKey":"Bc1ZW3zqdnowGdqN9Amxk4bEkD0Y5SD5YFW9ksEP5cEx","previousCounter":0,"rootKey":"rCdIv/OumHVHOGCjqtezYW0qNj+YQgXSFh817Bzekv4="},"indexInfo":{"baseKey":"BY6bDMA4zFsRoo9G5CTHWt/M0LFdgpDKHgyPUCeR7rln","baseKeyType":2,"closed":-1,"used":1688299565610,"created":1688299565610,"remoteIdentityKey":"BasZplSqjjNCm/gkE35QFCaDvOgs7nmDXg/tokblWfJ8"},"_chains":{"Bc1ZW3zqdnowGdqN9Amxk4bEkD0Y5SD5YFW9ksEP5cEx":{"chainKey":{"counter":0,"key":"h2d6QONT1i21kPVaswAiZd34eyXRk8aKxJQZzl8+WA0="},"chainType":2,"messageKeys":{}},"BTW1aMAOw9OZvd4PDZg9QqGxnDqvJ/oEkXwOp2d976d4":{"chainKey":{"counter":-1,"key":"BnTeSMLp+GoAaru7wjkkVh6aOzDr9ZXVJuVk+i3IP8k="},"chainType":1,"messageKeys":{}}}}},"version":"v1"}