{"_sessions":{"BYfXqVIGznqtmrdjgXC4M7U3EOh9pISRIJeZF2WZKoYw":{"registrationId":678895186,"currentRatchet":{"ephemeralKeyPair":{"pubKey":"BcUe4Y3O4nMj3Gu+ysZWv+f2LPEXg0GRuM+aV82t+Qd9","privKey":"gA6VovP8k8UbVoHpHMY30MWcfDRe9Fauub44sLbpZXM="},"lastRemoteEphemeralKey":"BYYt/QxaNBpV3TZMgCY/0aLgBCKQmIxLDdReDD0VdRIO","previousCounter":0,"rootKey":"s8t/coQwVMQVFV3cQrcFeQoC3AXaPdNgQYxp4kftxl4="},"indexInfo":{"baseKey":"BYfXqVIGznqtmrdjgXC4M7U3EOh9pISRIJeZF2WZKoYw","baseKeyType":2,"closed":1688299585983,"used":1688299565250,"created":1688299565250,"remoteIdentityKey":"BQO1qnA/yDHDcTRWgLEFFvuHUCLDbBj4/43oPWCOxCBv"},"_chains":{"BYYt/QxaNBpV3TZMgCY/0aLgBCKQmIxLDdReDD0VdRIO":{"chainKey":{"counter":5,"key":"6L82bxaIOUnV5RZ1/vPqfYWqT+jnhK75p6PuqNsEMUY="},"chainType":2,"messageKeys":{"0":"lnunArUA4TYnaRYaiND5JkdGsTEtYN7XlF/sM63e4vM=","1":"KvOVmMPwD10cgqWK/sdhDD6X5wsb673vBhQmrT03eVo=","2":"n5bjGU0ZKxCfDTSwmvJh1xKvqNmxh/vAXLtx5iW8PB8=","3":"Zx1Gezd2XWphrLWNBcHqEZUJoDOWem1fA/GxJSIMoJM=","4":"ktQTWF2eqLz/2IuvcfoLo/QmT7K7Pyalag94qoL2jPo="}},"BcUe4Y3O4nMj3Gu+ysZWv+f2LPEXg0GRuM+aV82t+Qd9":{"chainKey":{"counter":-1,"key":"UNnN6g+O5+NK8eJCzJmcoPQhsWFFNqhpOe/foBJXy3I="},"chainType":1,"messageKeys":{}}}},"BbGObCyhe+ahkRCzfsVl0ZEPhbAW4IXcH++3se4iXAlG":{"registrationId":780512242,"currentRatchet":{"ephemeralKeyPair":{"pubKey":"Bfj4BghZSDoyuilrsBzdc57wWkFR3ODbLL2qofiTCI8h","privKey":"APufL5NigNQ5Yn43FOxGgR2CbGsDpXCFi+g1hVEJ5UU="},"lastRemoteEphemeralKey":"BaKDNliwyEsfZwPY+ww17u1mHw443Ki2aBbrbhRCR6se","previousCounter":0,"rootKey":"Csl8nUwqLh1ktTDF4hB7kq5sxdhxFXIO2yanhJlSC2Q="},"indexInfo":{"baseKey":"BbGObCyhe+ahkRCzfsVl0ZEPhbAW4IXcH++3se4iXAlG","baseKeyType":2,"closed":-1,"used":1688299585991,"created":1688299585991,"remoteIdentityKey":"BVVWvSL6BF0EuwUQpCyveta/I9vEUrdXzeVZQLh+WrAf"},"_chains":{"BaKDNliwyEsfZwPY+ww17u1mHw443Ki2aBbrbhRCR6se":{"chainKey":{"counter":12,"key":"r6xSxTbySVeftOrYJhVaJWYtqgMkkVEnvabhFINllOw="},"chainType":2,"messageKeys":{}},"Bfj4BghZSDoyuilrsBzdc57wWkFR3ODbLL2qofiTCI8h":{"chainKey":{"counter":-1,"key":"M/dpsm/84HzhjJkbz0hfRGgNB4TwtSBqwI7atgSqPhQ="},"chainType":1,"messageKeys":{}}}}},"version":"v1"}