{"_sessions":{"BU6F4Va9e4wxfm8KyaB5YOrV3aR5AHIezQJUFrn0XRRL":{"registrationId":237397197,"currentRatchet":{"ephemeralKeyPair":{"pubKey":"BRTiiTqMj1405Wmpd/jaE0tidM8HjBCjHHPmQMZ9ohJE","privKey":"UI4ZG6MFjKfnoVVtN6wCM/eqItbzbXMGrbPRZaVY20k="},"lastRemoteEphemeralKey":"BZ9nZRKcN8YrGdqR2wkXjn/aX3MyVUTXFbTCgMhudpN6","previousCounter":0,"rootKey":"QdihCVvzBTtp5A9pkdZv0lEyXnNLigPIdPjyytRYvQM="},"indexInfo":{"baseKey":"BU6F4Va9e4wxfm8KyaB5YOrV3aR5AHIezQJUFrn0XRRL","baseKeyType":2,"closed":-1,"used":1688415890078,"created":1688415890078,"remoteIdentityKey":"BdHIT0nOMItXdu1s3inwZFa3RA22yOXbcdNFqVvec0Y/"},"_chains":{"BZ9nZRKcN8YrGdqR2wkXjn/aX3MyVUTXFbTCgMhudpN6":{"chainKey":{"counter":5,"key":"KGmyPuNIN4+liQ58mA2oehdMaM4tFoGyZJ6+vfsGH4I="},"chainType":2,"messageKeys":{"0":"F6v7ZePFXFzrUiTMzJDTVQE9h21v9eKhrlI86Q7Qrj8=","1":"wQxuUI1wbqYBkDBqfJxGADW+ZBS23YpzJtnq3EEkq00=","2":"PQxF4UIdgtp8CjFOYiEx2aQAKAsg+rlqUlA2b0jsuD0=","3":"90a82w8b+sW/zjswIoNaPNzDb37tJfwDacXfNeTiyT4="}},"BRTiiTqMj1405Wmpd/jaE0tidM8HjBCjHHPmQMZ9ohJE":{"chainKey":{"counter":-1,"key":"2j3FtBczjOuInfhTNneHjYyIKgMCzpxkVwjvDswStc0="},"chainType":1,"messageKeys":{}}}}},"version":"v1"}