{"_sessions":{"BSC+5hYEBAh24VOjCuYL14qmmkUEhYDyZRQbPpqypsVH":{"registrationId":299152677,"currentRatchet":{"ephemeralKeyPair":{"pubKey":"BQEq/953ktyWtWWYlBH+e39FdyYgtJ57MHlYJh0WXqsw","privKey":"aMtlbh+I6jgN5xDEMyZJiepbQOQ+gKLV9x8uOU4w90w="},"lastRemoteEphemeralKey":"BRzRq6v+Jj2h5IJ4j5Mk4QmL8Tb+Bi8gp4AHs5TJtC0l","previousCounter":0,"rootKey":"/S/eTvqjL4V63qrnx1e7YX0WUQxx2xxJxi3XxdMf9fQ="},"indexInfo":{"baseKey":"BSC+5hYEBAh24VOjCuYL14qmmkUEhYDyZRQbPpqypsVH","baseKeyType":2,"closed":-1,"used":1688404217238,"created":1688404217238,"remoteIdentityKey":"BX8SjSYbmzDcvrB3QIgH16+kxpSC/8MBwsRTiMdxsSBT"},"_chains":{"BRzRq6v+Jj2h5IJ4j5Mk4QmL8Tb+Bi8gp4AHs5TJtC0l":{"chainKey":{"counter":1,"key":"NM4+DVntQ69sCb+9f33edsTcMSaz1taLd/GrSOl8+Ds="},"chainType":2,"messageKeys":{"0":"9uJV9FFnyM6m6atx6aMwxrHvSoCqyOLXkFqt9cpVgfE="}},"BQEq/953ktyWtWWYlBH+e39FdyYgtJ57MHlYJh0WXqsw":{"chainKey":{"counter":-1,"key":"Ha6y/b4tp0jU9qmz7K7TGDzpkDcK6EdGDV6hxvfL1g4="},"chainType":1,"messageKeys":{}}}}},"version":"v1"}