{"_sessions":{"BUZW5pd9T0XChrEDnQMFpLs3QRSnsE4YKXrwhplhZOcc":{"registrationId":244373858,"currentRatchet":{"ephemeralKeyPair":{"pubKey":"BX+O7qmvCT8yfrslqJWe6uRs/x3CkOJsmYvYFxS7zGFA","privKey":"2OCEqYtQm4W2Zi0m863bCUWNv2IuNC7HUDfjueZgWmU="},"lastRemoteEphemeralKey":"BZNTzZyvRY62Jk24briQhmMP95KbLW1XiQ+grTjPztwm","previousCounter":0,"rootKey":"9twFu4iTwenGBDxhjHLdribXojSDkqUf07ZCN1PQzL0="},"indexInfo":{"baseKey":"BUZW5pd9T0XChrEDnQMFpLs3QRSnsE4YKXrwhplhZOcc","baseKeyType":2,"closed":-1,"used":1688299635709,"created":1688299635709,"remoteIdentityKey":"BYuQi0qIQ1ZfVN7mU0apZFFyZfLuz5R3FV1vF1MzkxUN"},"_chains":{"BZNTzZyvRY62Jk24briQhmMP95KbLW1XiQ+grTjPztwm":{"chainKey":{"counter":1,"key":"ixOuabefyuyuAhb1/Zi/tyUgkDpV/Sj/p2B1OGbHNa4="},"chainType":2,"messageKeys":{}},"BX+O7qmvCT8yfrslqJWe6uRs/x3CkOJsmYvYFxS7zGFA":{"chainKey":{"counter":-1,"key":"O/oDc3pws6j+a1ZO5Xcak5ew4CC6+Py6VB8gP4MYEUE="},"chainType":1,"messageKeys":{}}}}},"version":"v1"}