{"_sessions":{"Bfys8RnSx46mZ/8PKBi0nIlGt9VQ3gAiuJL5zPOeN6V0":{"registrationId":590833271,"currentRatchet":{"ephemeralKeyPair":{"pubKey":"Be3QjmpgHVWH7YHq05M9o3K+ulUh5glpotqzrwRV9Fko","privKey":"uGFdVQD406W1ATBKZcdqZ7gOZ/1fmhqmnAM4vxx+fU4="},"lastRemoteEphemeralKey":"BY3MPeFrrx0+z35pjWKx48RBD6AKGEecApGNtMgyjTcZ","previousCounter":1,"rootKey":"kyEIN04KAN+7/6WBNIdymrhWANl/rvCznP+rBFsb7no="},"indexInfo":{"baseKey":"Bfys8RnSx46mZ/8PKBi0nIlGt9VQ3gAiuJL5zPOeN6V0","baseKeyType":2,"closed":-1,"used":1688402098115,"created":1688299566110,"remoteIdentityKey":"BZzOHfdkFJ4sSqmBfrk9wDrhU6wSgUnJN4nSFfjefPpR"},"_chains":{"Bb0XMBeD2Uu73q5QAmu89Il7ayEkxBB+5WnYeu7a6RZV":{"chainKey":{"counter":3},"chainType":2,"messageKeys":{"2":"9t2Vl3qZEnZ6y8z0sqAQrXX1aALZNxnHypZIo5Qp9Rg=","3":"1+vA6eG66058AOPVtS+uiViX2Yml+4inC7zZowj4uz8="}},"BY3MPeFrrx0+z35pjWKx48RBD6AKGEecApGNtMgyjTcZ":{"chainKey":{"counter":4,"key":"fVDSHm6GHyQ2mt2dr1okPuCl4fxbtqWy50VMHVViVxg="},"chainType":2,"messageKeys":{}},"Be3QjmpgHVWH7YHq05M9o3K+ulUh5glpotqzrwRV9Fko":{"chainKey":{"counter":-1,"key":"jnlebLakCJPWpqR/fVNlSSbAwgOHXW42NPAkGzJI2lM="},"chainType":1,"messageKeys":{}}}}},"version":"v1"}