{"_sessions":{"BSm4FsxqAw3ntbF8lpsb9JasgDxI6QOLVAedhN9P3gET":{"registrationId":1333454919,"currentRatchet":{"ephemeralKeyPair":{"pubKey":"Bbbt2C60aANnrEJsX5OsFX4kEKGzChdbkfuFL+vCNaYM","privKey":"6NxMcZmG8xZpWa28bk20wMoRdPgn+m/jPXlOX0auLks="},"lastRemoteEphemeralKey":"BT67C9MXvAjSRMoj0ImWSiph2G4qLqbUFcl1YeDUUXtw","previousCounter":0,"rootKey":"Ok4+uK8BKKelixUQ9it6IupEIyvnQRL7CanFvWYMYHc="},"indexInfo":{"baseKey":"BSm4FsxqAw3ntbF8lpsb9JasgDxI6QOLVAedhN9P3gET","baseKeyType":2,"closed":-1,"used":1688348216908,"created":1688348216908,"remoteIdentityKey":"BdcAamU43Yr+ZzxY6AEcZDheHoQM1T9aQoGVhCnSnokf"},"_chains":{"BT67C9MXvAjSRMoj0ImWSiph2G4qLqbUFcl1YeDUUXtw":{"chainKey":{"counter":3,"key":"+yAN5xSyYtSSD+wt5XueSD5GIkIvUpRNLcN0v1fcnT4="},"chainType":2,"messageKeys":{"0":"aWYGaLeE0BuysvMUmAP/YcfOH6aSHXD28ZI6o5o8HU4=","1":"ed1n7ztEQmTuM+cObXmTQOG8nR/OxgoV7NQ1/fLtouc=","2":"0TXbNUx3/59IAnDZ2fRgjCqjKHcD4ziavb9idF7V+Wk="}},"Bbbt2C60aANnrEJsX5OsFX4kEKGzChdbkfuFL+vCNaYM":{"chainKey":{"counter":-1,"key":"9tnsKn4mlyMe5Nin3n/wQ6Bk9+PzdhW+AQax1aE1Njs="},"chainType":1,"messageKeys":{}}}}},"version":"v1"}