{"_sessions":{"BQYeacP50qU5GWz9Dn60pMGKqi6zT7UJ4shq9aLY+3ov":{"registrationId":424041239,"currentRatchet":{"ephemeralKeyPair":{"pubKey":"BdXpL2nahRhvlD//UhxPT7LEMOMwFcZ9UBbSgYwS16c5","privKey":"QLi750EQnNNPGiE1/OL5Xpcwsc+s+7owxmsKnWpW4Vw="},"lastRemoteEphemeralKey":"BTbopveSnPhqVyqQxWB2hUoBSPOjJNN6jVrkgrvZdipd","previousCounter":0,"rootKey":"DpQn0cOfuHXVnIj084kOdKpzIJ0FSRR+Kv3QLlU3R3M="},"indexInfo":{"baseKey":"BQYeacP50qU5GWz9Dn60pMGKqi6zT7UJ4shq9aLY+3ov","baseKeyType":2,"closed":-1,"used":1688345452549,"created":1688345452549,"remoteIdentityKey":"BTasgmzePvdWu3K0v8CQMO5eYC8tdcLkG2zYNCxX43UB"},"_chains":{"BTbopveSnPhqVyqQxWB2hUoBSPOjJNN6jVrkgrvZdipd":{"chainKey":{"counter":1,"key":"aVZekQynZLqoy5rLkS07uCknc6Ebk999BlLfRgEDjuw="},"chainType":2,"messageKeys":{"0":"sSzbhna8PBXuNz1mY/axvpV7mM4mCuP0bKh08Ep1LTA="}},"BdXpL2nahRhvlD//UhxPT7LEMOMwFcZ9UBbSgYwS16c5":{"chainKey":{"counter":-1,"key":"AgbhQmU2LYWhu4Y6JAklLyc1R0mXQXhj6shnWe2u+kc="},"chainType":1,"messageKeys":{}}}}},"version":"v1"}