{"_sessions":{"BVKs105mEkdkh7wioP5jalhRioOa1GUripBZQ8aWeJsz":{"registrationId":1197112984,"currentRatchet":{"ephemeralKeyPair":{"pubKey":"Bfx6UVaJUFgHA0W4yEdPUUS5fP353xgSj75lNREbkFhs","privKey":"uHfuOm5rLcvgcLqYUl1e+Cfk5a4v05e3tLpWRR6IslI="},"lastRemoteEphemeralKey":"BdwzYNKWsCGP7gC8/7ZUo8ukTgZp8myZ9EJTQhbCtsMn","previousCounter":0,"rootKey":"7iHGbFqXM0okouaVqEEf4ZMoHW02y+oBkjw+5aFsyMQ="},"indexInfo":{"baseKey":"BVKs105mEkdkh7wioP5jalhRioOa1GUripBZQ8aWeJsz","baseKeyType":2,"closed":-1,"used":1688419883835,"created":1688419883835,"remoteIdentityKey":"Bcud3eGADjLLrzsRszSjjdNstRhwyDZPDxF1YVHSPXsB"},"_chains":{"BdwzYNKWsCGP7gC8/7ZUo8ukTgZp8myZ9EJTQhbCtsMn":{"chainKey":{"counter":3,"key":"oh2ubsxNznqn/dhlxdm4t8WpAb+WBUOj/ErqbLrXHno="},"chainType":2,"messageKeys":{"0":"ELw5BlB43a/ypHUDbsqrLUFQgGLdmmewvLLLBiOuCFg="}},"Bfx6UVaJUFgHA0W4yEdPUUS5fP353xgSj75lNREbkFhs":{"chainKey":{"counter":-1,"key":"xoDSfMXfteOL+Nw1oobh/kFphmxQQw0qrHb2pdtCcUc="},"chainType":1,"messageKeys":{}}}}},"version":"v1"}