{"_sessions":{"BTlqi0USDQdHL+sao+7o4wFFx4/1hCJ+0b8DNAhygoY1":{"registrationId":432086369,"currentRatchet":{"ephemeralKeyPair":{"pubKey":"BRoFNy1Ghi3orCyynPYaBXWjkaCTSpYrOigtD/QQcu4r","privKey":"+O28YgD0ryD3dIkxwRp7+h0IR1wrpY+M36yYdUBTlWw="},"lastRemoteEphemeralKey":"BXQSvrIeeTqBLPRXh4gkJW/u10b8ZTD4gUeXR8S1hp1P","previousCounter":0,"rootKey":"yVtiL2ZrLqiDDb5aE4s9j5tiLaIWpAEwE6iHhE/2QzE="},"indexInfo":{"baseKey":"BTlqi0USDQdHL+sao+7o4wFFx4/1hCJ+0b8DNAhygoY1","baseKeyType":2,"closed":-1,"used":1688399292877,"created":1688399292877,"remoteIdentityKey":"BfsMWGYkB4E/XJ2CuBP+D25FkUziPXCCsjJOJuOqrmFW"},"_chains":{"BXQSvrIeeTqBLPRXh4gkJW/u10b8ZTD4gUeXR8S1hp1P":{"chainKey":{"counter":5,"key":"G0CB+EruJjJ3H1INEalCKAGWlRitcZOM5vl77H71smY="},"chainType":2,"messageKeys":{"2":"Q/8b+qBpPcgF+v1C/Pl9FEPryiGbm/ittJb+m4AYkgk=","3":"4nI7MK/1Vc6KyXdOBlU8F1eyd4RqJXJNwXlMRw2gwNo=","4":"VsQUx/kgFadR0DcHV0ifuuMXGnYB6k1RgCXclAACSAg="}},"BRoFNy1Ghi3orCyynPYaBXWjkaCTSpYrOigtD/QQcu4r":{"chainKey":{"counter":-1,"key":"RCGF3tVgDp2RM/2dj6BZeQ+Vs5MZwuqwTn2poKAqslM="},"chainType":1,"messageKeys":{}}}}},"version":"v1"}