{"_sessions":{"Ba/RWlI0eW20i+LgqcgWBPF8c3K8xC1rekX5gEUT69YB":{"registrationId":676203710,"currentRatchet":{"ephemeralKeyPair":{"pubKey":"BV3mAirGL1zRL1Fxs1vmdrBXf1n6dpLQlgNepu0zuFkl","privKey":"uD40XJJ2DKaShMvA2/q6kD7B99eAWsnSpe1jtp/yF3U="},"lastRemoteEphemeralKey":"BSTMsVD9pCbeXiEGEpJtE0pveickauW6Gdjbz2wTNjAu","previousCounter":0,"rootKey":"vpLkAzX1jTCCDOaWbGuwk0K1F3ROb030qKpYfS4hCOY="},"indexInfo":{"baseKey":"Ba/RWlI0eW20i+LgqcgWBPF8c3K8xC1rekX5gEUT69YB","baseKeyType":2,"closed":-1,"used":1688399301639,"created":1688399301639,"remoteIdentityKey":"BUw5mkLBDU3dlBth+y0LnoKrdgZOc+V375boDBhKy8ww"},"_chains":{"BSTMsVD9pCbeXiEGEpJtE0pveickauW6Gdjbz2wTNjAu":{"chainKey":{"counter":1,"key":"6MMgV+seTPd9GZ7bZNhGFdC6LokkUCaNhMBS63l35W0="},"chainType":2,"messageKeys":{"0":"Ly8EuTt3P80z0EK9Q482sBk47piqXCmtk/otfucErcQ="}},"BV3mAirGL1zRL1Fxs1vmdrBXf1n6dpLQlgNepu0zuFkl":{"chainKey":{"counter":-1,"key":"eCtW+UEVVO4dqIymR6ibWLDokOFMqV2RRv1rsDy9+0A="},"chainType":1,"messageKeys":{}}}}},"version":"v1"}