{"_sessions":{"BaemuWoppil4pIw7Yfu3pOBOODbkMm+zhUqr/Si2qOJb":{"registrationId":1307385871,"currentRatchet":{"ephemeralKeyPair":{"pubKey":"BRd4TMI5kNBVXG18ollHX++KKhU9c8Qk0vOcrsf6qmZj","privKey":"8FfemYLWaFfKEpEc8FfS4vy4xP4kwNLaahMQmqedcnA="},"lastRemoteEphemeralKey":"BUG0gt53WGokcOgGq6J36cUUV13gqZh8yX2fA+nHkfda","previousCounter":0,"rootKey":"kc/UJLX2IN7BVe6HgCMazoMPOURTVpXdDpHVXBN84tU="},"indexInfo":{"baseKey":"BaemuWoppil4pIw7Yfu3pOBOODbkMm+zhUqr/Si2qOJb","baseKeyType":2,"closed":-1,"used":1688299584315,"created":1688299584315,"remoteIdentityKey":"BW09m7xRZslO8Lnf1WVzxz3le34iITmUy73dxTQOrswy"},"_chains":{"BUG0gt53WGokcOgGq6J36cUUV13gqZh8yX2fA+nHkfda":{"chainKey":{"counter":9,"key":"dKh7yC73UrWi3SXIMPWDh9b2c4wNX7KyeBlHK9tF0m8="},"chainType":2,"messageKeys":{"0":"XUs3nSkKedp3ko52k11zSLzCJgJLUc792zau1xgHsjs=","1":"b5f1VdyCT2vSt5H1YL/MJLYwZbmPriuvfk7fimuMmig=","2":"m5f4eyf2diatgT0PM5MTVK1mntkNGdkzQRCiP7v3pYk=","3":"dnJpifI6cbPGzoZI/0+ZQvmHoHmw0KgbUaDfiEk4kf8=","4":"7hMy42aV4KKuIRUDnQjNRLLE5htAHmLxZlLc7cCf8AU="}},"BRd4TMI5kNBVXG18ollHX++KKhU9c8Qk0vOcrsf6qmZj":{"chainKey":{"counter":-1,"key":"3XgSrtdsOPE3Fssii/uxlOGC9EGM62R80jbHhDnl870="},"chainType":1,"messageKeys":{}}}}},"version":"v1"}