{"_sessions":{"BQ4hFUyodAbTHdpAjHNN0y860Ug+vyTQL1p94GZJPxx3":{"registrationId":776338570,"currentRatchet":{"ephemeralKeyPair":{"pubKey":"BY16wrnWnzEKjkWnGCUgRAyu3JRd8T1N+Vzd36fdDV8T","privKey":"eEO9j/Cvl9YoowqJnCpKQjO4yWnyI5c6cJDUeGq6Q1o="},"lastRemoteEphemeralKey":"BZiaON/N+H1cNG388ZHay8EZn45EVXOsdrshHr3f43M9","previousCounter":0,"rootKey":"PkaBa+XbzH8UY1o0wwMQEOT4ciNGH233zHN0qypiQIQ="},"indexInfo":{"baseKey":"BQ4hFUyodAbTHdpAjHNN0y860Ug+vyTQL1p94GZJPxx3","baseKeyType":1,"closed":-1,"used":1688415902384,"created":1688331280141,"remoteIdentityKey":"BYicY1JIymnxLosDN0WY3WsGzy1c2tCpeOIIBIQ8ZNgp"},"_chains":{"BWVS1ZZJk/uRfneOv+MrIkVA1K4DxpPY3nsFe6fsgXhw":{"chainKey":{"counter":1},"chainType":2,"messageKeys":{}},"BZiaON/N+H1cNG388ZHay8EZn45EVXOsdrshHr3f43M9":{"chainKey":{"counter":0,"key":"9nvm5IO9NW9PKIhtRGtDFPnrHDMeukdv5hJwJqd4YgQ="},"chainType":2,"messageKeys":{}},"BY16wrnWnzEKjkWnGCUgRAyu3JRd8T1N+Vzd36fdDV8T":{"chainKey":{"counter":-1,"key":"nsDgPhhzbfWFY8d980Sf6dAYUTr1RdozSgP8ycExCiI="},"chainType":1,"messageKeys":{}}}}},"version":"v1"}