{"_sessions":{"BS1cvbjoXjwLl9AFvlHec1iIErDJ+o8I5/BBmY/PnE5I":{"registrationId":577520082,"currentRatchet":{"ephemeralKeyPair":{"pubKey":"BU8H/hR5ok+uTMIJkPkor8Mhra3O1XcbAhl3Z/PtOrFc","privKey":"wJTkpJHimRnEI7/Wa7/J6/A0jNzCXFHK5989yp2+Gmw="},"lastRemoteEphemeralKey":"BRUE/DbQSNBfJpnb9T09dQZAlI6MajtXOrImMNordOMN","previousCounter":0,"rootKey":"CDAka0XeIwXNDuq5ppRGMPUYqAPJPVDugql+8W9MJ1k="},"indexInfo":{"baseKey":"BS1cvbjoXjwLl9AFvlHec1iIErDJ+o8I5/BBmY/PnE5I","baseKeyType":2,"closed":-1,"used":1688419881986,"created":1688419881986,"remoteIdentityKey":"BY8RWcokAJNEZLQEJFZhLujZAxnl9rjhQOc8jRUeVT8x"},"_chains":{"BRUE/DbQSNBfJpnb9T09dQZAlI6MajtXOrImMNordOMN":{"chainKey":{"counter":0,"key":"hblih8yqyM2UwPYXG3owm/BNMQmbHF6IyLtvCWwLab4="},"chainType":2,"messageKeys":{}},"BU8H/hR5ok+uTMIJkPkor8Mhra3O1XcbAhl3Z/PtOrFc":{"chainKey":{"counter":-1,"key":"EUnrEsRKuCO4KwNTnD4H52iyYE0r3L1wzZTDUvKKyh0="},"chainType":1,"messageKeys":{}}}}},"version":"v1"}