{"_sessions":{"BRGifmL7KLauVD2wV6+2XlVWJofYx9qkiAfZZx2imesz":{"registrationId":109454361,"currentRatchet":{"ephemeralKeyPair":{"pubKey":"BXVINz3r8rhPvYKVFKi4v/foD1EReUR55TLolyWig/Jd","privKey":"QPRCSqqPTMWMyT9GQXd7AMhAU4/Slr3Nn4SwRp0IDE4="},"lastRemoteEphemeralKey":"BdUIrTrCrbKN39MGj7sWL4jRPl0aqwcajhCt6SHe8IJk","previousCounter":0,"rootKey":"FGuwn6bmx0JX4atmelNJ6bSU9vsIM8We2VCAStGPY7s="},"indexInfo":{"baseKey":"BRGifmL7KLauVD2wV6+2XlVWJofYx9qkiAfZZx2imesz","baseKeyType":1,"closed":-1,"used":1688419879297,"created":1688331280304,"remoteIdentityKey":"BepjdbzCb1rn31yPwELpvxEUKVVJUJpkrxjvAkotuhtw"},"_chains":{"Bar/MjJbOjh59LEI2wevSK2/7PwUNDpwk9ROY/VpvxFF":{"chainKey":{"counter":1},"chainType":2,"messageKeys":{}},"BdUIrTrCrbKN39MGj7sWL4jRPl0aqwcajhCt6SHe8IJk":{"chainKey":{"counter":0,"key":"7WJyfqH6S9aYOUYIGFeywmY+lWZkpKh4raE8lEcK1L8="},"chainType":2,"messageKeys":{}},"BXVINz3r8rhPvYKVFKi4v/foD1EReUR55TLolyWig/Jd":{"chainKey":{"counter":-1,"key":"YHoHkO4tiaW4zPPxQudrc1vSIXgSYCKSxs4t2eSVS3E="},"chainType":1,"messageKeys":{}}}}},"version":"v1"}