{"_sessions":{"BdF1RdcHoeADr3YkaeFEGrPj+QU3WeFwb3Xr0A8N2mAB":{"registrationId":436771427,"currentRatchet":{"ephemeralKeyPair":{"pubKey":"BV3bR0t45x1XFT9wUnSq7dt1PrKhzbJYAVqlYNV7cJdT","privKey":"eDCPhp6QqTqIocBmOUY4jwXBxnSd0MQa0ajHiwW55FU="},"lastRemoteEphemeralKey":"BWCTBkhVW4gEuseXSZsPtGJXJkOuvwTJ+9/TuwjhAOZM","previousCounter":0,"rootKey":"9TArBfd7d9Mh6Mp73xtYgOsAJPxsGyC5A6/BhvQlHKA="},"indexInfo":{"baseKey":"BdF1RdcHoeADr3YkaeFEGrPj+QU3WeFwb3Xr0A8N2mAB","baseKeyType":2,"closed":-1,"used":1688299565922,"created":1688299565922,"remoteIdentityKey":"BfnyAv83Wk50VeVDxrJRgMO7dg061tFCq0JY2QG/5v0d"},"_chains":{"BWCTBkhVW4gEuseXSZsPtGJXJkOuvwTJ+9/TuwjhAOZM":{"chainKey":{"counter":23,"key":"8KbQC2nzaDLKWftl3xttIRBaUkwD6soJBFy49iMz964="},"chainType":2,"messageKeys":{"0":"XdusuMVQ9xgnZG0vnkmAUEseEOYRXV5WWyjbeSCrzDY=","1":"ZaN+NVcB75T1bZm8eIdYx1mbYdZ0B1FuicxuyPHWDzA=","2":"RVPVwzkv26P3Hvd4+nUK8sseZ7PR4tI5SOYOUInASdY=","3":"4WvsF7q5ur1tIYOsbMpVSx62jcTQWYojZ5EWIdkBFEA=","4":"6XbSGeOYoeHmTcKeNcAPEXeae4EbeHiCEuTNP6Y8gPY=","5":"ohkVIX0JgatgBdxejMJsi2a+K/c0iBLZit7ZIyBNbs8=","7":"C8edHjjx22WrSbh3+t+VXpPxH4PjVqjTecKylvBvbEo=","8":"6+EXP2BUmflOucomfLlkJvBV9uHtFrUE03QxAQIIXps=","9":"vzBCXoRqXYXmbz2pS0VKZDOAO2EnASWccILOAjL2xGI=","10":"PDdvHBpUU0CNDgXDYvtewF+Xvm7c87Ha9xoQY2NKu5g=","11":"FoP3mU5xMEjM5kmkVmmW3JmKIp7o7PAQdlUD2IYGKoM=","12":"ee4O85sld4IVGgZI3imDus8BzSCbc5hNFUZamqk2NEo=","13":"CJd5M3mdHWwltbDIKR+/rU7lkIIjZbGour00vzH3Ki0=","14":"11T5DMtUDRPADITHQiaQxbGkLeoBe4HZC+xeLntsQpo=","15":"HCAoUbdx0awJh2eHGxu1+KKX+2QyHo5X4qAdTj06s08="}},"BV3bR0t45x1XFT9wUnSq7dt1PrKhzbJYAVqlYNV7cJdT":{"chainKey":{"counter":-1,"key":"UirCmgjoBu9qAQG97c1VXT/VrNE8XQCCCwGGRZevEMw="},"chainType":1,"messageKeys":{}}}}},"version":"v1"}