{"_sessions":{"BWCXK+qnQKGt6i84uvGOIXyC1tRB3xVE2SxZzYGo4ucB":{"registrationId":2117186770,"currentRatchet":{"ephemeralKeyPair":{"pubKey":"BYYQX9GFqOy+DzlmWG45yVUNgG9BYXNO4OwDMbiyRD4/","privKey":"sDK3bMqegGcZwTUHOIzt0RKZSJIRYTQ8eArpCdxsV2g="},"lastRemoteEphemeralKey":"BWLamf8Qlq6nrEPtIP3MYYjRlvhd1cPzb4CCMGVFIQY0","previousCounter":0,"rootKey":"YfH4xjifLsboybeiD9Pnww1ENK/p7bVhuE0k2zA+k/c="},"indexInfo":{"baseKey":"BWCXK+qnQKGt6i84uvGOIXyC1tRB3xVE2SxZzYGo4ucB","baseKeyType":2,"closed":-1,"used":1688299568953,"created":1688299568953,"remoteIdentityKey":"Bfe7Iz8PJqewJWn0cDfvBApXlxWPHwBiNuJxUOcuAK9c"},"_chains":{"BWLamf8Qlq6nrEPtIP3MYYjRlvhd1cPzb4CCMGVFIQY0":{"chainKey":{"counter":1,"key":"KbSV7Yl00gJGVgByj1HkwBzr2iQt/9sRgp5/n1DNo8c="},"chainType":2,"messageKeys":{"0":"XJLEjtOllMXA/d2+5kgOLOMCtRDz4YmHLzpx9jH3g+o="}},"BYYQX9GFqOy+DzlmWG45yVUNgG9BYXNO4OwDMbiyRD4/":{"chainKey":{"counter":-1,"key":"IJbZ95WlA1pEAXCOl+AamCE03rwcF1u50TMehZgXQ3c="},"chainType":1,"messageKeys":{}}}}},"version":"v1"}