{"_sessions":{"BePq16cHy3kG88538ghYiWfeut9zlRn+tR5QmBVMmw9i":{"registrationId":1235861417,"currentRatchet":{"ephemeralKeyPair":{"pubKey":"BeWUeGI1lMwX3fB9tsYypNa11/leRYkBGuedrXomTdxR","privKey":"gMRNnkOravKDP48/iecJE28eysOqWcxRO5+7fBfOWn4="},"lastRemoteEphemeralKey":"BcCvIjX5m9eCK3pnggXaKKYsiJ0HFuvYI7BTX1d6+LIr","previousCounter":0,"rootKey":"XBYmPmXOmmniegKMqNjlMvJz5FN2pVutcoEO2j2MTPo="},"indexInfo":{"baseKey":"BePq16cHy3kG88538ghYiWfeut9zlRn+tR5QmBVMmw9i","baseKeyType":1,"closed":-1,"used":1688299690896,"created":1688299690896,"remoteIdentityKey":"BfE7vs7Ll4JNXF1Z+ilT8XsQ+TKWVqQ+UKRRkFRDYPRv"},"_chains":{"BeWUeGI1lMwX3fB9tsYypNa11/leRYkBGuedrXomTdxR":{"chainKey":{"counter":1,"key":"ki3Ng8SV+TkrJ4hDiTcW7WDZJqzHsY44anwiA4xjr1g="},"chainType":1,"messageKeys":{}}},"pendingPreKey":{"signedKeyId":1,"baseKey":"BePq16cHy3kG88538ghYiWfeut9zlRn+tR5QmBVMmw9i","preKeyId":6531971}}},"version":"v1"}