{"_sessions":{"BbaZpy1hQXE5BSWWfyBcmc3joK6wRRua3hvNAXXFj5wt":{"registrationId":1086463031,"currentRatchet":{"ephemeralKeyPair":{"pubKey":"BapuujfimkaPkjD9S9KVJFCs4BhqBulGPJQ36OwdCuBS","privKey":"4HNSjs7+m+7i8QBAn14AMmqTTJUHSSzWVhgpUUv7NHQ="},"lastRemoteEphemeralKey":"Bb2myBA690lxjCMOq0aHJtYlkkxnVZDjyPqnktlUpChX","previousCounter":0,"rootKey":"VS9UaEgBB8l9sml5ZlwRhMMA0HVBzcUImJFvJjb0UzI="},"indexInfo":{"baseKey":"BbaZpy1hQXE5BSWWfyBcmc3joK6wRRua3hvNAXXFj5wt","baseKeyType":2,"closed":1688299647745,"used":1688299595966,"created":1688299595966,"remoteIdentityKey":"BblfHvaet9Gt6ng80NCLQmX4tGivDpaz159LjYDB3jkf"},"_chains":{"Bb2myBA690lxjCMOq0aHJtYlkkxnVZDjyPqnktlUpChX":{"chainKey":{"counter":2,"key":"vxA0J5DdYfmL5W9QBw87HVlB7Z+3GIde+auvedyF2qQ="},"chainType":2,"messageKeys":{}},"BapuujfimkaPkjD9S9KVJFCs4BhqBulGPJQ36OwdCuBS":{"chainKey":{"counter":-1,"key":"ZH/yNdOnrcL/ciNp1TSCQkG+Y6DV4XyM2uwzYVA7I7I="},"chainType":1,"messageKeys":{}}}},"BQO7AjL3Q1Q52+j+jvVTglorUIC7RPSP9cCdeMSBN0pH":{"registrationId":1086463031,"currentRatchet":{"ephemeralKeyPair":{"pubKey":"BbVBkCpnfIF6ZDPJwVPnLbISbuKf183DFZBlL2ekOrkk","privKey":"IBeuArZZlfOHADzqO86pd7X/rNXhGrAxmL/dIVOQ+E0="},"lastRemoteEphemeralKey":"BV7KdlxijCaiEl6CboTkWdYzsLiNRO+05jS+r+fEymFz","previousCounter":0,"rootKey":"BDpSnk74QjWhO8uObp2RmCmo+Po367MG5b/4W6uhDEg="},"indexInfo":{"baseKey":"BQO7AjL3Q1Q52+j+jvVTglorUIC7RPSP9cCdeMSBN0pH","baseKeyType":2,"closed":-1,"used":1688299647758,"created":1688299647758,"remoteIdentityKey":"BblfHvaet9Gt6ng80NCLQmX4tGivDpaz159LjYDB3jkf"},"_chains":{"BV7KdlxijCaiEl6CboTkWdYzsLiNRO+05jS+r+fEymFz":{"chainKey":{"counter":0,"key":"Il4rZE8JlP41mWTKMDkh7JjqTQsYHLlKaSywtRf8ckk="},"chainType":2,"messageKeys":{}},"BbVBkCpnfIF6ZDPJwVPnLbISbuKf183DFZBlL2ekOrkk":{"chainKey":{"counter":-1,"key":"xNvAZhLuYM66I8yRjyRphXdsjfZgRB0WlUlvvStDFcg="},"chainType":1,"messageKeys":{}}}}},"version":"v1"}