{"_sessions":{"BVXaJgDjo0p9YMBV3XpousP+OsgKJknZQlLu4DzDHexb":{"registrationId":2105199482,"currentRatchet":{"ephemeralKeyPair":{"pubKey":"BZfcNcTyqsN0hpb8JFoxPKdhT4yDA1hXaB//IViwX1NT","privKey":"gAtmdwlrViWy1cjZ2fg5HI0v4/OsaZ8ObCnR9BRY9HU="},"lastRemoteEphemeralKey":"BZOkTMsB1CCdgWIzcFbnGzG2Ss7PFZNSMXfKz7dykGRE","previousCounter":0,"rootKey":"hLp3YLrmj4m0eqC5+FMUS01oZis+Hr2OwYus3b6KUBA="},"indexInfo":{"baseKey":"BVXaJgDjo0p9YMBV3XpousP+OsgKJknZQlLu4DzDHexb","baseKeyType":1,"closed":-1,"used":1688331280172,"created":1688331280172,"remoteIdentityKey":"BSVOcf1rn14oA8ZBPTljuD8lnbYVa6GNiSYjQz9fYE0N"},"_chains":{"BZfcNcTyqsN0hpb8JFoxPKdhT4yDA1hXaB//IViwX1NT":{"chainKey":{"counter":1,"key":"vHFpwOaA+YDeEe+Bst7YSEJePjQ7nf7KUxm7NbntmeY="},"chainType":1,"messageKeys":{}}},"pendingPreKey":{"signedKeyId":5,"baseKey":"BVXaJgDjo0p9YMBV3XpousP+OsgKJknZQlLu4DzDHexb","preKeyId":7361950}}},"version":"v1"}