{"_sessions":{"BaWmYZcc9syPnqFck6/hm2K/V7JtPMCP5wzsnSmYo1Ee":{"registrationId":1560128911,"currentRatchet":{"ephemeralKeyPair":{"pubKey":"BacRN5rtcqdtNjJjDCKC0IrSgJg+bomU9D+FXcGmqFgQ","privKey":"GAz9Vd6NXBTOPCLl47mhMRVW4ppNme60/UnJkzjJfVs="},"lastRemoteEphemeralKey":"BYlyi94yfNnuzZyTCCBMbf7JD695Vrd6l1rKMc3XcGwe","previousCounter":0,"rootKey":"VPcqBQMpS48h19fSpzR9pIudcZhOukhVYvUFbdk1ABk="},"indexInfo":{"baseKey":"BaWmYZcc9syPnqFck6/hm2K/V7JtPMCP5wzsnSmYo1Ee","baseKeyType":2,"closed":-1,"used":1688299645992,"created":1688299645992,"remoteIdentityKey":"Bdljxl6V+1y8dYdwduNyIXHXEwViBBaH3dw8xD3Iuh06"},"_chains":{"BYlyi94yfNnuzZyTCCBMbf7JD695Vrd6l1rKMc3XcGwe":{"chainKey":{"counter":1,"key":"NX1pjLYAIFWWDKcNJz7Hi21Dow1ehxo4YddVs0ego04="},"chainType":2,"messageKeys":{}},"BacRN5rtcqdtNjJjDCKC0IrSgJg+bomU9D+FXcGmqFgQ":{"chainKey":{"counter":-1,"key":"1vpAVue7qJGtOlaFDfN9eI7iD4hiAlM2sSwa7fsd/sU="},"chainType":1,"messageKeys":{}}}}},"version":"v1"}