{"_sessions":{"Be03KEZUYqpcW4IkwhyvbMGbdl9xddCp12SgW4QymTlK":{"registrationId":2086097737,"currentRatchet":{"ephemeralKeyPair":{"pubKey":"BfN6axj1MdGLDMoHykzq1+TDXpUVv/XZROgyWgMQVCoy","privKey":"gLh6WDqcUYodDWzv+swhp1D+2VcRQqweioPm+UI0GGA="},"lastRemoteEphemeralKey":"BZn2YK92dD58CPbob7Udgk3M7M6HxIID5yUGtC+gxB4M","previousCounter":0,"rootKey":"G1N5PvJ199F5NYVcknuboU/MgF4MYcY/Irn0EElRNHo="},"indexInfo":{"baseKey":"Be03KEZUYqpcW4IkwhyvbMGbdl9xddCp12SgW4QymTlK","baseKeyType":2,"closed":-1,"used":1688299596409,"created":1688299596409,"remoteIdentityKey":"BdNzf3y9DQG1IKkqhKJdYcg7GlqcbcxtkAHKTEJnfik9"},"_chains":{"BZn2YK92dD58CPbob7Udgk3M7M6HxIID5yUGtC+gxB4M":{"chainKey":{"counter":4,"key":"Px0KAfZjcvEU5kaoEdv6PmYkt05kYFuv7aA9X+9Ejig="},"chainType":2,"messageKeys":{"0":"pkklONjXiDMmWfKeOzr+qexBtoAXtrq6117uy++TyGI=","1":"o1tkKgle68HDxkgfCga/5mm9tjXOBY8oWoSl/Tc5wcQ="}},"BfN6axj1MdGLDMoHykzq1+TDXpUVv/XZROgyWgMQVCoy":{"chainKey":{"counter":-1,"key":"KqOQTF6f/M8ldhUpQJbI9Pr5tjwIcz8ETjPeBYcLavI="},"chainType":1,"messageKeys":{}}}}},"version":"v1"}