{"_sessions":{"BQXDQHd9h/dg0s3IVgODuywdlNU9N2NgMpiyBKIZZpIV":{"registrationId":885083516,"currentRatchet":{"ephemeralKeyPair":{"pubKey":"Bc6F0EiGKN9z9PFk/LOOUrXTXQOdgWS3dujX9OLoKAkQ","privKey":"GNH173IHoDNx5RS1Lx6AD9VA2LQG1cgL+CBxQQy+0G8="},"lastRemoteEphemeralKey":"BdghjIb/kWiawcMJVa6WREz4VH8Ti/ruCDGRGxLOoBUB","previousCounter":0,"rootKey":"C5LOAafG8OFSqXX3gPs8g2kgbF8VZ3BhHkgQU8jU9Og="},"indexInfo":{"baseKey":"BQXDQHd9h/dg0s3IVgODuywdlNU9N2NgMpiyBKIZZpIV","baseKeyType":2,"closed":-1,"used":1688348009873,"created":1688348009873,"remoteIdentityKey":"BSUPKSEYGnUEEVFqqU/Y1+43Giy9zQn3CDKZFDdAOtdj"},"_chains":{"BdghjIb/kWiawcMJVa6WREz4VH8Ti/ruCDGRGxLOoBUB":{"chainKey":{"counter":0,"key":"wFNUmOWKZxlWu4gzD7xZLltppPN0NwOmw3M98LJI/9A="},"chainType":2,"messageKeys":{}},"Bc6F0EiGKN9z9PFk/LOOUrXTXQOdgWS3dujX9OLoKAkQ":{"chainKey":{"counter":-1,"key":"plIXGAFx8+d1JwayaO8BEcerwiMKDGxlO4AzuPPNb7c="},"chainType":1,"messageKeys":{}}}}},"version":"v1"}