{"_sessions":{"Bf8d6Gsx4KW8NrKZ2VFUUoIR6Z+Sodlx9eZnOU0OUrg6":{"registrationId":1798064070,"currentRatchet":{"ephemeralKeyPair":{"pubKey":"BS1QdmZpG94DVJpxTisL8q4rniiE3WzOEAUR5jdWnZ1r","privKey":"CEqabgdxg75aJhHA2s42B/8gtdu8BEIc8wTTlZGsc1k="},"lastRemoteEphemeralKey":"BcT9nUp9871m5Bl7nkbFsIoMY353JoSGfPG0nBZoZyEF","previousCounter":0,"rootKey":"GfBNkxanlf/NEYFbG916dNmi4FBn/bF/xC5n3LZ+2Nk="},"indexInfo":{"baseKey":"Bf8d6Gsx4KW8NrKZ2VFUUoIR6Z+Sodlx9eZnOU0OUrg6","baseKeyType":2,"closed":-1,"used":1688075695299,"created":1688075695299,"remoteIdentityKey":"BY/SLA0S0+4QCBllpliTowSveHXGFNv3KuADzn0vDPN1"},"_chains":{"BcT9nUp9871m5Bl7nkbFsIoMY353JoSGfPG0nBZoZyEF":{"chainKey":{"counter":0,"key":"WA3AIBAYw7VFdkfjjCTuyZb5aJ2xAiF/3K+gYGb8H1w="},"chainType":2,"messageKeys":{}},"BS1QdmZpG94DVJpxTisL8q4rniiE3WzOEAUR5jdWnZ1r":{"chainKey":{"counter":-1,"key":"4zvo/v4ap83ZsbjaMKrVTjpvkB6VRK+cMrGzL6Ve0b0="},"chainType":1,"messageKeys":{}}}}},"version":"v1"}