{"_sessions":{"BWrVxjgf2tIzBnG4/ALa9C2HmZuN8ooQn7Yj6eLfGVN8":{"registrationId":1920706382,"currentRatchet":{"ephemeralKeyPair":{"pubKey":"BfYEB9rOENQG8JW8s4TaNMYHoObif+7h2tHigmBsDbwl","privKey":"8NEau7oU+8UiE14EL/1tP0pCArwjcyhSChDfO2hAC3w="},"lastRemoteEphemeralKey":"BUH7BU8KS8R/DIqnbPGj5s3Pl93q4DibdLG0i45dZ6gD","previousCounter":0,"rootKey":"+6p16zhDw2VGlu5SEz8uihGmRvyWclj6EiNlXjOwhQU="},"indexInfo":{"baseKey":"BWrVxjgf2tIzBnG4/ALa9C2HmZuN8ooQn7Yj6eLfGVN8","baseKeyType":2,"closed":-1,"used":1688299575041,"created":1688299575041,"remoteIdentityKey":"BcHMRnrJ4xY9+PekGOusbb5lQ55ZLyFUAaFICRUvjZ0j"},"_chains":{"BUH7BU8KS8R/DIqnbPGj5s3Pl93q4DibdLG0i45dZ6gD":{"chainKey":{"counter":3,"key":"WeamhT0bVe+v+p2CHrel7M8+5aAk1j/DrpjSwmHG9e4="},"chainType":2,"messageKeys":{}},"BfYEB9rOENQG8JW8s4TaNMYHoObif+7h2tHigmBsDbwl":{"chainKey":{"counter":-1,"key":"bKekq2Aa4GRzT76BQwi9UHcO++5saUhBxvWjKqYH5iY="},"chainType":1,"messageKeys":{}}}}},"version":"v1"}