{"_sessions":{"BR41msA3Oa2RP94Xb6KMHfMLheUkSZqRoPwHEySsq/RR":{"registrationId":1060426851,"currentRatchet":{"ephemeralKeyPair":{"pubKey":"BR0QnKKQBCiqyrANqb0eWbelacXMAJKqLvstM9Sq2fJj","privKey":"6GzZWsSNtM/MR2w71/TVkqFGJJOthh92AcB9bLv56Vg="},"lastRemoteEphemeralKey":"BcuoBs+FQg4+X+6pLZS/cvwyqVK6wMgvidwu45Mc+rRN","previousCounter":0,"rootKey":"j52DnoXs1NoP6eTo1x5ckZP8zDOG68WacefSXPhZN9g="},"indexInfo":{"baseKey":"BR41msA3Oa2RP94Xb6KMHfMLheUkSZqRoPwHEySsq/RR","baseKeyType":2,"closed":-1,"used":1688299566826,"created":1688299566826,"remoteIdentityKey":"BerTEOxGgyZDwN5QaUvWLpbw54pEXOXSZBA9L3n+zJZy"},"_chains":{"BcuoBs+FQg4+X+6pLZS/cvwyqVK6wMgvidwu45Mc+rRN":{"chainKey":{"counter":13,"key":"KCdU/ADEZlUfCHxtLIhu1WjfezcjpDp3iZ9zFJg+HYA="},"chainType":2,"messageKeys":{"0":"3YWm0zfIPp2Tt9ED+/aDLOj0ERogutOVae3/UDvT0pI=","1":"jjVmgbCTZmApadPsHJ9j4bZb6YbHh+EdXDVqutMZKos=","2":"qvcIU/z0FiYsLKI43exZ1zrcsdXnZoBZedXvTuytrNE=","3":"/feXGpgXxN0veALVdH+tVjjK8WYmPcdNZPWADobLSeE=","4":"37cjHK3SAXxjWUqu/DlzL+Vu+7N8k6z38tcsgPZumIs=","5":"IwW3UEFtldCvaUPF+axJ0VAHVnYah7ZFSKHTK6s76mA="}},"BR0QnKKQBCiqyrANqb0eWbelacXMAJKqLvstM9Sq2fJj":{"chainKey":{"counter":-1,"key":"HwVLujTmy7M8BNEbMRKj2GWgTDFOhbZK9+hfTeGgbiA="},"chainType":1,"messageKeys":{}}}}},"version":"v1"}