{"_sessions":{"BahnlgpmiIz8BG8SOMqqMqL6bX4c2b2QZZ4eaZ+PTtgh":{"registrationId":249,"currentRatchet":{"ephemeralKeyPair":{"pubKey":"BeeEHsL/X+oISpkAZ/o/8qfbO/L8hIK1YsCBQLVjfVQo","privKey":"cOjesEoLaQDXt5WoQ3nraCVEBich6lK3p3EBnnWBD3g="},"lastRemoteEphemeralKey":"BXB3ZD++iDprNlUwv7eo8pvecjakS7RLwWFyJwQ/cG0l","previousCounter":0,"rootKey":"yK+ur3P/n2er1raPF0WDWvK0Glk36Wmwwjh6VvvnPTU="},"indexInfo":{"baseKey":"BahnlgpmiIz8BG8SOMqqMqL6bX4c2b2QZZ4eaZ+PTtgh","baseKeyType":1,"closed":-1,"used":1688331280045,"created":1688331280045,"remoteIdentityKey":"BVR6hVDN+E5EtKLSWFGw425hxEZU6j9UEVQM4FiCarIj"},"_chains":{"BeeEHsL/X+oISpkAZ/o/8qfbO/L8hIK1YsCBQLVjfVQo":{"chainKey":{"counter":1,"key":"r0VEcNQEvgi919GaFwryA9XaDRQMY98UELym7QzE2TU="},"chainType":1,"messageKeys":{}}},"pendingPreKey":{"signedKeyId":1,"baseKey":"BahnlgpmiIz8BG8SOMqqMqL6bX4c2b2QZZ4eaZ+PTtgh"}}},"version":"v1"}