{"_sessions":{"BQu52Cpz62xy2fcbqURpPc/8ANYjMVYYvw3lPCavAxVC":{"registrationId":1433692524,"currentRatchet":{"ephemeralKeyPair":{"pubKey":"BZCLOEes2iyvuhjzuLUxRMNUSG0bVPFCQdgOK+u4KDgJ","privKey":"8BAIO0FlZSetV4WoWU/goaHFqBK+x3eOnGmICjiEL00="},"lastRemoteEphemeralKey":"BcZId/jndIjtj/W7entPhr2Krlcjh+Wzox7mcUi2HAld","previousCounter":0,"rootKey":"XRIqAovqIqIF5BG8nqlzlk8YVHET1Mbs1lZVSOOdSSY="},"indexInfo":{"baseKey":"BQu52Cpz62xy2fcbqURpPc/8ANYjMVYYvw3lPCavAxVC","baseKeyType":1,"closed":-1,"used":1688419886496,"created":1688419886496,"remoteIdentityKey":"BSrUkoc8qsx4QxWOQwTMB+U93ji1Dshob4NecxuWA3FY"},"_chains":{"BZCLOEes2iyvuhjzuLUxRMNUSG0bVPFCQdgOK+u4KDgJ":{"chainKey":{"counter":16,"key":"3aclID3P+HUYHABOES03qndc+k2+hAJ5UIxg8m7luDg="},"chainType":1,"messageKeys":{}}},"pendingPreKey":{"signedKeyId":0,"baseKey":"BQu52Cpz62xy2fcbqURpPc/8ANYjMVYYvw3lPCavAxVC","preKeyId":1757843}}},"version":"v1"}