{"_sessions":{"BcG7nUVm33bI+sD3js+AUYSKOsXlXqcsDTXB6UctIPE/":{"registrationId":150921529,"currentRatchet":{"ephemeralKeyPair":{"pubKey":"BYvNDco861EsGDUj4TlUueCAprR1H9gLtOG4KaZ5ZA1H","privKey":"wB1Xy7h9ryqneLFc+2WM1MAPGzvroyUdfprLxswAyGo="},"lastRemoteEphemeralKey":"BU2d2yNbCdAEfV4B5cW2632p15jdjDR0G7pU49aesiYE","previousCounter":0,"rootKey":"sR/9FRCp1UNfgYhSmYKZ2Y4zvtEb2t1nHFXbeh3JrW0="},"indexInfo":{"baseKey":"BcG7nUVm33bI+sD3js+AUYSKOsXlXqcsDTXB6UctIPE/","baseKeyType":1,"closed":-1,"used":1688331280220,"created":1688331280220,"remoteIdentityKey":"BebILFmdsZWWYIx1V4ZEE3z25+SfYQEnj8dmMYJGWIRZ"},"_chains":{"BYvNDco861EsGDUj4TlUueCAprR1H9gLtOG4KaZ5ZA1H":{"chainKey":{"counter":1,"key":"CNMpQJoIajnS8Mu0HPUEQxlFttPmAnYVVZhxPDcPLJQ="},"chainType":1,"messageKeys":{}}},"pendingPreKey":{"signedKeyId":0,"baseKey":"BcG7nUVm33bI+sD3js+AUYSKOsXlXqcsDTXB6UctIPE/","preKeyId":14028967}}},"version":"v1"}