{"_sessions":{"BZuV+L9KoCk923Tuvvw9c5/cKVSupmqNFIKvbcHJ5+hS":{"registrationId":60024074,"currentRatchet":{"ephemeralKeyPair":{"pubKey":"BZSMys+KcgYoSwo+XkW1r7r+JNEcAwi3pQF8siEpfaAE","privKey":"4JyANe1JoLPUILd+rT77CEpmdVVuGXlL2159bMEN6l0="},"lastRemoteEphemeralKey":"BaYd4orCwneuTfMn3t3vbHXOAvr6OamEOMZ/DrHWafUN","previousCounter":0,"rootKey":"3eTH4GgyHVDcBKr+wGq13Fra3ps5JvxBnx+ZRQSmJ6w="},"indexInfo":{"baseKey":"BZuV+L9KoCk923Tuvvw9c5/cKVSupmqNFIKvbcHJ5+hS","baseKeyType":2,"closed":-1,"used":1688299607010,"created":1688299607010,"remoteIdentityKey":"BRCzzyJQh2SQsVQqjkWfeFceqR+iM6rMR6TjQXN8fylm"},"_chains":{"BaYd4orCwneuTfMn3t3vbHXOAvr6OamEOMZ/DrHWafUN":{"chainKey":{"counter":8,"key":"q0cx9LqctpEaDVkRMUxAzjb86Pw/6aI+nDbKJlHa/ec="},"chainType":2,"messageKeys":{"0":"V/rMUA+3r3a1ZidtUVyxesNWQu/bXCqBJxcjDHNndHk=","1":"CC8Vi1j2GY71lENpbmaMGaEN0DBN3XyJgksi695Go5U=","2":"JlBzdrjQ5EGSIsD/zCuIVzCj0Xput02dVglm9Zyx7io=","3":"hI0miNhGcGxPjaDaHTntGGoXsMAN/t9haVRTB2tJ5so=","4":"oHV1ldzb4nUuzdsqr735CQTEp7MdwUiIsqrUnFpa/Ps=","5":"apYiZ0f37YnK8lmb9e68NrwcMtKxUJnPK/pUABpsq14=","6":"qt5N6l4RjOxBC+AoBSvmAoCEPo5AbYjNu0LB3mmP2HE=","7":"FSLk5a/6Pxahy9bvL+Nhbsrtv5JGv0u3ZuzeXFuWQSM="}},"BZSMys+KcgYoSwo+XkW1r7r+JNEcAwi3pQF8siEpfaAE":{"chainKey":{"counter":-1,"key":"M1H6/3koA7E4UEB8uFnxOHUI8F8qFYNOxgcf65W/bx0="},"chainType":1,"messageKeys":{}}}}},"version":"v1"}