{"_sessions":{"BW7FTQd+w+dCgm0qtPBMoSpkz26mjuirq61/Ara/UxUc":{"registrationId":935980044,"currentRatchet":{"ephemeralKeyPair":{"pubKey":"BYOjDx8JuaKpJDhhE0meMmbWMAQn070gdmJE6AttYcZt","privKey":"4K+/hBiHuIOQn75g3PPVuAds5uX4EgKequNDY+cfZFE="},"lastRemoteEphemeralKey":"BcFdLJ/e1WVZsGqzyrKkbx0VYO8T3hxhveoCFXv5/qQ3","previousCounter":0,"rootKey":"UVhW6X4cl1Pt1uhBGhjaXVjMRxGQdgnvRgGZ5mFLJJg="},"indexInfo":{"baseKey":"BW7FTQd+w+dCgm0qtPBMoSpkz26mjuirq61/Ara/UxUc","baseKeyType":2,"closed":-1,"used":1688299576479,"created":1688299576479,"remoteIdentityKey":"BVcrdbsYJlBMSbs1DC48cO1ck1v9rwqPQLoTzNHh6EUS"},"_chains":{"BcFdLJ/e1WVZsGqzyrKkbx0VYO8T3hxhveoCFXv5/qQ3":{"chainKey":{"counter":2,"key":"tfF8vwXoGzepI9ThXMbqPw5PPmQBBl4ZjRF6VoeUnL4="},"chainType":2,"messageKeys":{"0":"gHkZKdcBR2KpwsJlnEd5xryEOm8Lt80dtBVELFkuIKY=","1":"sQTM1H/euJozosRLcikQTZftib3XLOKzfQbwCH60lLQ="}},"BYOjDx8JuaKpJDhhE0meMmbWMAQn070gdmJE6AttYcZt":{"chainKey":{"counter":-1,"key":"7ialWORG4VHnjHZc9ZJ0jzdudz7/o64qN6ZVFOBd20s="},"chainType":1,"messageKeys":{}}}}},"version":"v1"}