{"_sessions":{"BcjH2XotK9mpAv4MbBtcJagsNfHUDiav8weGQcT9sjEL":{"registrationId":1470648374,"currentRatchet":{"ephemeralKeyPair":{"pubKey":"BVVgcu+8QcZszr4V3MxNRNxwxPyIpckXuAQ1r81PtpcU","privKey":"ADuLK9q7lob28Pey9p3Ig0+45nIfQF31PTY8AUZXPVI="},"lastRemoteEphemeralKey":"BdNTftuixJacY2StFl1p4xWIiT5tcWyc2L8uOIz0JiYE","previousCounter":0,"rootKey":"IGv6zgdbT5Ci0dZN+rdwBLEppyQ50MG6M+zGYk4vrIc="},"indexInfo":{"baseKey":"BcjH2XotK9mpAv4MbBtcJagsNfHUDiav8weGQcT9sjEL","baseKeyType":2,"closed":-1,"used":1688299592960,"created":1688299592960,"remoteIdentityKey":"BVE+9fHaVlcyUOfPi7ImnASZXDcmAfTaQnRlxDoZHUIc"},"_chains":{"BdNTftuixJacY2StFl1p4xWIiT5tcWyc2L8uOIz0JiYE":{"chainKey":{"counter":3,"key":"NIO0n6UUW4YrKKlVgi8sICjcDPQ1qjJPmsiQsoAFTLU="},"chainType":2,"messageKeys":{"0":"LDG3kwruajf0pJwDyKk/psmAlVpcx2LNP2oXk1i0FPk=","1":"p7wKYIb1X+1NDe5nMTyrQlS14I5NtiPOJOktvwFC6JA="}},"BVVgcu+8QcZszr4V3MxNRNxwxPyIpckXuAQ1r81PtpcU":{"chainKey":{"counter":-1,"key":"BzH+wwkl2wQenmI6BcOBUPi3C8a2iJpzZOQpWdCUzdY="},"chainType":1,"messageKeys":{}}}}},"version":"v1"}