{"_sessions":{"BcKNIOkuSxYpMmPEsZpuNpv9VfmGPTtIPMEJmds6uqtA":{"registrationId":540528841,"currentRatchet":{"ephemeralKeyPair":{"pubKey":"BZGyOwrlabIo5LnhZ8gKJbUW4bb3G2lylS26s9rYbxFF","privKey":"yBzlURlUiila+9caRdiiquWQojUWOj0/ljWb/xwkGGA="},"lastRemoteEphemeralKey":"BU9aYjx/ChzHEGdhxw7nlx+wW6+Um6yjAKcn/zCGGfJF","previousCounter":0,"rootKey":"Q82vWyqSR5MyTe8/CB8wE+xqzy28CaWWzxknQOt8nMM="},"indexInfo":{"baseKey":"BcKNIOkuSxYpMmPEsZpuNpv9VfmGPTtIPMEJmds6uqtA","baseKeyType":2,"closed":-1,"used":1688304106753,"created":1688304106753,"remoteIdentityKey":"Bf+S6ThXDA9uERGuq07wzdYFn1/K8nbRIa0D58jWYIB0"},"_chains":{"BU9aYjx/ChzHEGdhxw7nlx+wW6+Um6yjAKcn/zCGGfJF":{"chainKey":{"counter":20,"key":"c/N3qCa0l6OAhAs/PxgYoe5d6AZrWEYJQcu4pLkX2Ck="},"chainType":2,"messageKeys":{"0":"gKLwgiL51u9a5vONQ7Qu4VcigZQTvzb+JVCRIPgZB/A=","1":"y/ztsLOAKdgWTcxZf51SXv8T/Q9InmwUtp5n2q+T+0I=","2":"Uq+hsw0ZghXsy6DJZq7NABl9HUqSRqqEsnOxM7Mrzb4=","3":"tjIQI1YA3YWyyVRbe2YmU4kNxUdkBXpjU+p3zaTc0cY=","4":"RowvPiQaDtyPkD2sYK1LwcggjHieoupexD7WDHtLiEs=","5":"5emjBzQ3/kt67CuPn+78jVYRavWDX+0X35lyMDp2s2w=","6":"82N49NOCiQpj/7yFhfW9OKrkRS4UMsHghUBcwP1CXL4=","7":"yPqXwP3BhZO8CXqulol7C6JewrNxbgFkYM3O+fztfH4=","8":"YQQ/rmLS4HSvkcjw8yMHQQUMumi4k9Arf6UpBPjCnzM=","9":"FMToASUdRBameAOhUVZz9RMgxOeHZ4ghkTQ5pzJg4cU=","10":"rYAE4H5YbKBrZItbPABJKQ8wY1WxPOnaaUvkNbCm2TY=","11":"czv8T7vId6V7816lqa/5nUf2LbkbcpoBPDoUgtC7o7Y="}},"BZGyOwrlabIo5LnhZ8gKJbUW4bb3G2lylS26s9rYbxFF":{"chainKey":{"counter":-1,"key":"21kmXthYYd/hpVZ8MRnCfLB55gbVZedHfeullWmVxi4="},"chainType":1,"messageKeys":{}}}}},"version":"v1"}