{"_sessions":{"BdNdMxenMl9zrn3pUdE40OGMm6jCxUh/CD1UUQzSuZoH":{"registrationId":1862913426,"currentRatchet":{"ephemeralKeyPair":{"pubKey":"Bbb+ThZhb4Eu72ln16sVRZgcM832vEcO1dideYPsZfx9","privKey":"yGLaVN5jGp6z5RWAheISYzRLx8aAY08rtYcDEL7rZXA="},"lastRemoteEphemeralKey":"BUHxwSxeYZCrn2Am3qa7pXLlK3FRlpPtEOvmEYMAc6EM","previousCounter":0,"rootKey":"ax3oHRiHaGm3uJULrmJSflEWExsbgLm00B9Jmb35sCc="},"indexInfo":{"baseKey":"BdNdMxenMl9zrn3pUdE40OGMm6jCxUh/CD1UUQzSuZoH","baseKeyType":2,"closed":-1,"used":1688299583650,"created":1688299583650,"remoteIdentityKey":"BQYUM5d0VznGJrLrunLX3idnLGFi41y41z+iRt0WP3hM"},"_chains":{"BUHxwSxeYZCrn2Am3qa7pXLlK3FRlpPtEOvmEYMAc6EM":{"chainKey":{"counter":20,"key":"i+5x7+cW2frQKOZ8/kDlX3P8DzfJryfb4xbciJn3ww8="},"chainType":2,"messageKeys":{"0":"hPlIeixcHVex6wQVMY+3jAmE6ciHZ6MkiMSb2zQWdAk=","1":"5HTHd3Df7HS8lOziMm01N4WvLd4siot+TvfoDW0tER4=","2":"+IFkbBnm7xy2S+/A+BCxQu1XPbSDIkWO0YPx4JeiCNg=","3":"kWGatD725/zgSCVlIn0KawbocGTzJPLUHSycQqr1cJ0=","4":"LGEiYKskJ05R/779w3Y9VqTpWGlA4qnMXoIL61A4BsE=","5":"cuz1eOZl0CgAXY0sdwo7EW1yCM6ItkBYc+COyfFt06s=","6":"hgODqF0lKClo+oFFJxwDqpyAbaV0REueyLWQZqgvlvY=","7":"vFF1QMXNhKVTFGOcXobd7VhGn9Hjx4iotI1GN91plu8=","8":"2lDoJgMtAct2Oy7hTgNqBz+kIhwV1edFmsRyPW61JLc=","9":"yAA6ZY1SnaN+s7ahY0la9dM1ZEfZdvLL/aTd5Vbj31U=","10":"QrUnGI8b8Dfv4Ls1jzUErL5jcMiGYaB5vwpQmlc6YAU=","11":"70eb9J43umMkxqCD0VxxJxUYaSzccppwM8A3w7bBFq0=","12":"x36nqN/Y7NuXy4xUUHpD2eCYmZ/YOWnKFQRk5KF6+K0=","13":"5eSzAkYvccOXlBXaZuPDrg0Vjsglg0lXoY7CZ6biUwI=","19":"8/fc47QHjUlYBopksyBgFcuEa2b7lLto3j1R32Fz2oM="}},"Bbb+ThZhb4Eu72ln16sVRZgcM832vEcO1dideYPsZfx9":{"chainKey":{"counter":-1,"key":"07qaMegAj8JGhZIpD/Wg2+EqRQmn5ONjSYbOmus9Bwg="},"chainType":1,"messageKeys":{}}}}},"version":"v1"}