{"_sessions":{"Begi4WeFgq267rs5VkpxQZmX6UsdeGD5h5MsMdXXBz10":{"registrationId":1685855307,"currentRatchet":{"ephemeralKeyPair":{"pubKey":"Bd2pJjpgYuv6tsfwygn+K3Q2+QbdivF94JSKlnNmGyRN","privKey":"uFRegeh8vuux258njzEd0gl0VrS3UE2g9wyd0mDQlEg="},"lastRemoteEphemeralKey":"BRp64XwI+4kElqoFd8Cixg5My2M5V/2B0AbCP6ODYu4l","previousCounter":0,"rootKey":"xL30HR9Dc2RDMJQYc0RWrL/O8/Wy8lSHc/0TQS3Figo="},"indexInfo":{"baseKey":"Begi4WeFgq267rs5VkpxQZmX6UsdeGD5h5MsMdXXBz10","baseKeyType":2,"closed":-1,"used":1688328974440,"created":1688328974440,"remoteIdentityKey":"Ba5ixJndiXJQZ3j1AigT58TUxEwhzXavJtuPXhlnqdYG"},"_chains":{"BRp64XwI+4kElqoFd8Cixg5My2M5V/2B0AbCP6ODYu4l":{"chainKey":{"counter":1,"key":"MkM5/Ro5HgAkmiORbAFGa7rp9Izk9371/rVcp4UXQzs="},"chainType":2,"messageKeys":{"0":"FYBQoRVkYq3YVFSmcPr/JaICdExZI3tKALm38TrSJyI="}},"Bd2pJjpgYuv6tsfwygn+K3Q2+QbdivF94JSKlnNmGyRN":{"chainKey":{"counter":-1,"key":"KmJQHuIrD6Zz1Vl5YTcKFCY7gA49zg/4onlNn14rdSc="},"chainType":1,"messageKeys":{}}}}},"version":"v1"}