{"_sessions":{"BYtFKtBPJY2S+AGy1LFPe8E/1EUbSu+2TDST2Bp05Spo":{"registrationId":1470586682,"currentRatchet":{"ephemeralKeyPair":{"pubKey":"Bb5QvQoxm9w5GmIRlSBfDHS0SfEHMdn8W/SzmxY3Xltr","privKey":"qJoX3CUnOiI7/wQOy+FrmMz1f45zFyIhIDWFaVgfOnU="},"lastRemoteEphemeralKey":"BQZtewuQjjgPRbj2VxfDgmd+3iMyCU7izRKkoSPeKEZG","previousCounter":0,"rootKey":"Y8t1m9eOlAyeyKT3DV1yUlirMZKvw1Y4E9WSwyCVD9Y="},"indexInfo":{"baseKey":"BYtFKtBPJY2S+AGy1LFPe8E/1EUbSu+2TDST2Bp05Spo","baseKeyType":2,"closed":-1,"used":1688415890862,"created":1688415890862,"remoteIdentityKey":"BXv6hfCsLqGDnYdku024V5KsbfyEeZIAESflVtifiJAe"},"_chains":{"BQZtewuQjjgPRbj2VxfDgmd+3iMyCU7izRKkoSPeKEZG":{"chainKey":{"counter":1,"key":"8jZ6oDlEMP2+Rv9fM6SbvHLElbfn6rVKaeYA/QdyTDA="},"chainType":2,"messageKeys":{"0":"ezAoNMaCviQGUXIqIzAALll4ngR/RAhv4XE2wdlS3mw="}},"Bb5QvQoxm9w5GmIRlSBfDHS0SfEHMdn8W/SzmxY3Xltr":{"chainKey":{"counter":-1,"key":"3iqWh39m7wduUTcyoIdDokmey9BYZJ+RDrEjo1kKmKk="},"chainType":1,"messageKeys":{}}}}},"version":"v1"}