{"_sessions":{"BUZCuuHfXbhFRxLdeRyofM8POi0urT74a66TDrriAm1S":{"registrationId":71,"currentRatchet":{"ephemeralKeyPair":{"pubKey":"BW3GDch/Ew8HHs+4m/6Guuvt1C7f5yJCMDA8S8CckNpO","privKey":"KDOTmKu9PVVfOsmNgx+DtN42QPjNvuYMojfaiYE28nk="},"lastRemoteEphemeralKey":"Ba94j7iUVQJE8RkWkiRfYZjNras4W29+8P1Z3Lm+kHo0","previousCounter":0,"rootKey":"NS0m4DBzAxR/4ZR61Z1WD69GEpJZ6iWZ3WBmJLkSmCI="},"indexInfo":{"baseKey":"BUZCuuHfXbhFRxLdeRyofM8POi0urT74a66TDrriAm1S","baseKeyType":2,"closed":-1,"used":1688299573895,"created":1688299573895,"remoteIdentityKey":"BXJjuirDf/adyOuCxlkUX6dR7DPEE7NWp+9L4wIMcoZd"},"_chains":{"Ba94j7iUVQJE8RkWkiRfYZjNras4W29+8P1Z3Lm+kHo0":{"chainKey":{"counter":10,"key":"enQNTaJZsvDk5lIw0GQvY16itE3ht+XjiruFyvRsf+Y="},"chainType":2,"messageKeys":{"0":"7U+4ZIqJMjIUXUg5RrKw6Kl1JTbd0QzwCSXZVdx9WYA=","1":"eHAIYeSbLXH1HR0FTrJ2hjeuXmm3G+nF+G+i+sL0l1k=","2":"toMFWY0Vc8/MRbBGSAIqekGL5XYvukDD0HoUYY/txj8=","3":"efSa/Cp3iKvKWUzEDk7JaIfCartUhcEDhw4IkHAyrTE=","4":"VQ8WQWOpNO0OAOeL0O0yByeJmU34PnywOKceWvnGeTU="}},"BW3GDch/Ew8HHs+4m/6Guuvt1C7f5yJCMDA8S8CckNpO":{"chainKey":{"counter":-1,"key":"inoTdk7PgZmvoRA7eJapERZqey5DhiHqrRuVwngbCIQ="},"chainType":1,"messageKeys":{}}}}},"version":"v1"}