{"_sessions":{"BVl79Bg98omc4wwPdXBVHGvXe+rfeoIUJi+w5rbuW7Vs":{"registrationId":1086925298,"currentRatchet":{"ephemeralKeyPair":{"pubKey":"BejrApehDAe/1UyTXPSOCZlcCiBcIxj2QT15rgUc6kxC","privKey":"kOOwkj2mE+ZaInN48mk0hu0AsQ6DWS+vDV7JZfpgqG8="},"lastRemoteEphemeralKey":"BeMZlnUAgJw9n/sUvmkjOd//H5Z74Vd+YJWU/YGPVHAo","previousCounter":0,"rootKey":"DD10kIdmKR2uIqOmpLMdgM3NCFmVylwzhh4Vko8lRiU="},"indexInfo":{"baseKey":"BVl79Bg98omc4wwPdXBVHGvXe+rfeoIUJi+w5rbuW7Vs","baseKeyType":2,"closed":-1,"used":1688328975680,"created":1688328975680,"remoteIdentityKey":"BeFeNnEQQC3eeXgI/S5WkSxFpFs0gzdLLvGvZj0njMAL"},"_chains":{"BeMZlnUAgJw9n/sUvmkjOd//H5Z74Vd+YJWU/YGPVHAo":{"chainKey":{"counter":3,"key":"gCLXGDu+/QzYvJ0TBtfXShaUU0155VfY9FWUS3I/6iA="},"chainType":2,"messageKeys":{"0":"+Y4CRWgSTU6X4onmCvTXV3hLeroqpDrlLHAOqI24n9g="}},"BejrApehDAe/1UyTXPSOCZlcCiBcIxj2QT15rgUc6kxC":{"chainKey":{"counter":-1,"key":"tVmE3Qd+poFkg2XaM0zUzDj0e/X66XlGlfNrEXR/JRw="},"chainType":1,"messageKeys":{}}}}},"version":"v1"}