{"_sessions":{"BaA3+I8/LdQ7LMiEMxZrTcjooPyjp0D6ZzcR/yeT4vdB":{"registrationId":1806703638,"currentRatchet":{"ephemeralKeyPair":{"pubKey":"BSOjJpD38jAU+OtclalvLlfnQxM0Mrg9RhD0COKuxRIW","privKey":"wAJVuYmLqqU8ds/Ppoa3LmX4Pp9dCh0MkiT607+f82Q="},"lastRemoteEphemeralKey":"BT0IiW8PFYc7vXTgDHcb8eo9i6x6f0ItOgzgz9n4Wq0P","previousCounter":0,"rootKey":"TB2/z0mhy59z7mFk55gpMxvPMj1G8RR+RzaxprAmPRA="},"indexInfo":{"baseKey":"BaA3+I8/LdQ7LMiEMxZrTcjooPyjp0D6ZzcR/yeT4vdB","baseKeyType":1,"closed":-1,"used":1688331280156,"created":1688331280156,"remoteIdentityKey":"BYw5T3TtquastLT5EbU1Q2zfSJjjbcCwh4wPy+SRoHdL"},"_chains":{"BSOjJpD38jAU+OtclalvLlfnQxM0Mrg9RhD0COKuxRIW":{"chainKey":{"counter":0,"key":"2p0rz964YAVJzvKPn1nEHl6bZnry/ToF5R168XlE9hk="},"chainType":1,"messageKeys":{}}},"pendingPreKey":{"signedKeyId":0,"baseKey":"BaA3+I8/LdQ7LMiEMxZrTcjooPyjp0D6ZzcR/yeT4vdB","preKeyId":12801111}}},"version":"v1"}