{"_sessions":{"BRwWZw/pGPVYorjdxqRLggTbSmvrJ+l0tNEGYHaDx6Vj":{"registrationId":918361405,"currentRatchet":{"ephemeralKeyPair":{"pubKey":"BS2NG1rjJFVsolMDUJqA1a2CyUZbWkzfRTXaiAqz8PJ7","privKey":"qFgvzo1zg8rImgipmMNHeoavCFUwxoVSSy0SyWO14Xo="},"lastRemoteEphemeralKey":"BcqrHtb3s+zWWo431aWeKDbBwbnawkDSnwsjiP5EsA08","previousCounter":0,"rootKey":"x9rDnubD5NFLJCGksSjIxVRgZtZ5qHYR9KbUfAufCI4="},"indexInfo":{"baseKey":"BRwWZw/pGPVYorjdxqRLggTbSmvrJ+l0tNEGYHaDx6Vj","baseKeyType":2,"closed":-1,"used":1688399302853,"created":1688399302853,"remoteIdentityKey":"BchxJHF3txz4OJDg1GS7K8JV3ZjCD3Dz6ub8WDMqBEUf"},"_chains":{"BcqrHtb3s+zWWo431aWeKDbBwbnawkDSnwsjiP5EsA08":{"chainKey":{"counter":1,"key":"+XsymELNneWznNaX+QZD48tx2MA407XNYlV2XT7EUwM="},"chainType":2,"messageKeys":{"0":"z4+xInTuMC50DoJBWtIEhxFLdQ89gTdH4Cgg9xlueOg="}},"BS2NG1rjJFVsolMDUJqA1a2CyUZbWkzfRTXaiAqz8PJ7":{"chainKey":{"counter":-1,"key":"bXJi/Ap0W6KbsEh9YFkSu2Ps63HEjaBv34oEbswNh/8="},"chainType":1,"messageKeys":{}}}}},"version":"v1"}