{"_sessions":{"BQFMP0s6sBONjop6sVBmlvTfOx/c2vks3+7Pb4KDW4JK":{"registrationId":684722244,"currentRatchet":{"ephemeralKeyPair":{"pubKey":"BZ6n24XdVljJ+JMmLiBG2hOmaOcNYUCvvES/7CZkgQtT","privKey":"ANKGgdY4xY/VxZXGv/USCZUGptSo+Go7eK/Q9kKKF3U="},"lastRemoteEphemeralKey":"BcC2ASPSyWaEleNKAO0CB0StF/renYXk6zAWN7pAn9k9","previousCounter":0,"rootKey":"GrYVCiha6aHbWkTQktoB/zaG3dDzukhWAPLsaTFEQLs="},"indexInfo":{"baseKey":"BQFMP0s6sBONjop6sVBmlvTfOx/c2vks3+7Pb4KDW4JK","baseKeyType":2,"closed":-1,"used":1688299575182,"created":1688299575182,"remoteIdentityKey":"BSkNnmQd8DfAhKDuX2+GGgnkNApJ7OBKGyGBtvBcqbtn"},"_chains":{"BcC2ASPSyWaEleNKAO0CB0StF/renYXk6zAWN7pAn9k9":{"chainKey":{"counter":14,"key":"pdmct9xJD1rYZNQK0JLik8AYse4OVx45QosLgYlhFjI="},"chainType":2,"messageKeys":{"0":"xPJt/hwZINgQYdTNg7EdAG3l9ft2SDK0sLEbyJr9BDs=","1":"/RmHZdLtkllAYrdco4b/FPxqE9hT86Du7lW6oUrPcvY=","2":"JfeZx7BsgOca7Y+up6uXFIY1njtEmtSPZcMwZE4d8dc=","3":"f5NiBA76jaZQ1dIHk+LlrZzFJJKQqpv4SukpruPWjA8="}},"BZ6n24XdVljJ+JMmLiBG2hOmaOcNYUCvvES/7CZkgQtT":{"chainKey":{"counter":-1,"key":"KatXGNAJKhG2f5W0yMK5TO6gIE7PDTySBJOBKDeDcSo="},"chainType":1,"messageKeys":{}}}}},"version":"v1"}