{"_sessions":{"BaL/Lw0664KYJ+KuXSvX4YMDwkSjlQmTm9XV0TrbCC1l":{"registrationId":307140791,"currentRatchet":{"ephemeralKeyPair":{"pubKey":"BTRR2/E2J50iMyTZROgavZnH8sJ+E8850c+U82rzjPh7","privKey":"CDzIrotB/1I26P6Ud1yh2u7uv+a1jR9qvkGmqk1lwXg="},"lastRemoteEphemeralKey":"BSpDdSpLBmRDhaeqwqZE/1caEL+c1pqpuvJv5wjI+nd9","previousCounter":0,"rootKey":"dqEEF9GuL5dxA+b8LoxOptpDLJ0dvb2tV59zRxU2lXM="},"indexInfo":{"baseKey":"BaL/Lw0664KYJ+KuXSvX4YMDwkSjlQmTm9XV0TrbCC1l","baseKeyType":2,"closed":-1,"used":1688075213904,"created":1688075213904,"remoteIdentityKey":"Bc1O/eMQQyOp4U4cn31oTx1s68njYj4IsJ4Mc2UtHAJ0"},"_chains":{"BSpDdSpLBmRDhaeqwqZE/1caEL+c1pqpuvJv5wjI+nd9":{"chainKey":{"counter":6,"key":"yGczCeIdF89Kq7hqYxXo/eBVw3o3MMPPIjMY5c2HDoo="},"chainType":2,"messageKeys":{"1":"VfM2kUJG9dDuHvv1enl+Cf1tlKlsAd5okl+RjUFKo0k=","2":"Tar2vs+VImbjltDK4oT0tkOTNEcDFgDXiBoq31yLR0M=","3":"NBIOHH9XFiCOewJo6gFvyIaDjud5Hw5IyWkZlcsNNUk=","4":"c0EddTTzF2RLbve9PzQXgwMjpFqrJr4sPfwZLkovYKo="}},"BTRR2/E2J50iMyTZROgavZnH8sJ+E8850c+U82rzjPh7":{"chainKey":{"counter":-1,"key":"EWFKEGocVR9Cv/L1xuhudLKBFbeIHBZ+NQdBCW1Z460="},"chainType":1,"messageKeys":{}}}}},"version":"v1"}