{"_sessions":{"BZA4wkB5Y0SsyV9QKp2yIdD3UBpS+2brZUHfww+bptIU":{"registrationId":970566121,"currentRatchet":{"ephemeralKeyPair":{"pubKey":"BSQ/45GeD1qW3Z8OLL0Y1JKDpsUVnyVy7abK2nNaa2M9","privKey":"+A0WyFRKpe6Dvy3/NWbNd+ONz3Y3N7tbsVv5l56oFFM="},"lastRemoteEphemeralKey":"BU14qLYurDdgtupfYz5yJSnGSD6hVTZ+dsApYbuDj1wz","previousCounter":0,"rootKey":"XWghfg8L2pGBFvqQJgm7IZDVwbkg6SZNINgHqJgopIY="},"indexInfo":{"baseKey":"BZA4wkB5Y0SsyV9QKp2yIdD3UBpS+2brZUHfww+bptIU","baseKeyType":2,"closed":1688399293978,"used":1688299639449,"created":1688299639449,"remoteIdentityKey":"BZdkboIvgDabE+qOjcItZMnu28J2XlmWAImolealF41j"},"_chains":{"BU14qLYurDdgtupfYz5yJSnGSD6hVTZ+dsApYbuDj1wz":{"chainKey":{"counter":3,"key":"IVu6FaW+KMfu2OvK3q/Pb2aNjCsNMmTuRFyRDrKP2Ro="},"chainType":2,"messageKeys":{"0":"ThXSKHhq1796/E5Uj5AYqI/4FvwW3IOxqujG8T0sJh4=","1":"sz+Ttr1GzCbmB6uq2phggsrW9w/JImCK4v2bkjanyBE="}},"BSQ/45GeD1qW3Z8OLL0Y1JKDpsUVnyVy7abK2nNaa2M9":{"chainKey":{"counter":-1,"key":"KA37OGvxJAiowegQ79qqLmZNaEY00LtrnYW48dTV/+c="},"chainType":1,"messageKeys":{}}}},"BQbupIWxFtziY4Wdexc7I1l5nRViFfVvys/CKnIBL2UK":{"registrationId":1421557793,"currentRatchet":{"ephemeralKeyPair":{"pubKey":"BQwx1QESksxVRg6BV71m1L/XR4cWacPLMnMlWw526qJz","privKey":"UDUzG8cPMk3Ams35e/ikvVfU8YhyxznjyyBSNTlvo3Y="},"lastRemoteEphemeralKey":"BUf+6U0VTCTNfR9z3em0eQJLND9vhRkS4327LwXiTz0+","previousCounter":0,"rootKey":"5L/semDLVBmMut+94C00FYisUD0p2AdIcSXmMJlgudg="},"indexInfo":{"baseKey":"BQbupIWxFtziY4Wdexc7I1l5nRViFfVvys/CKnIBL2UK","baseKeyType":2,"closed":-1,"used":1688399293988,"created":1688399293988,"remoteIdentityKey":"BRUJM+PjH2S6q3udvhU5r+gmGUkmJCryX7mnz4V3sXY7"},"_chains":{"BUf+6U0VTCTNfR9z3em0eQJLND9vhRkS4327LwXiTz0+":{"chainKey":{"counter":0,"key":"zp0ss4Xk9/BGkoG8XafkHJa+izZoZBHILMS4Mj7DVc0="},"chainType":2,"messageKeys":{}},"BQwx1QESksxVRg6BV71m1L/XR4cWacPLMnMlWw526qJz":{"chainKey":{"counter":-1,"key":"B0yI8vRRGezwM7c4cld/lMmvnt1ZB19mZ7X0XlVha3U="},"chainType":1,"messageKeys":{}}}}},"version":"v1"}