{"_sessions":{"BSt2iGh9FChVa0KxQZL50TesitqVQQZtspZRuY5ip/5o":{"registrationId":1202179296,"currentRatchet":{"ephemeralKeyPair":{"pubKey":"BYrQFhxenczWvBF+PgcMxpyai8pbqQ8u667KSGtKxsEg","privKey":"YDRhgzjbJVhoz1HS7p+6yl0mZh2V3tUJCXrjolkAUHY="},"lastRemoteEphemeralKey":"BVreuzmTTIfMU/7/t/cg7qyvE2oCNI1vfaJ9qY4BQqY4","previousCounter":0,"rootKey":"VRge8QS8D1sYr6vlOitRSlSyJxmWUNPuTD3DaZES/sc="},"indexInfo":{"baseKey":"BSt2iGh9FChVa0KxQZL50TesitqVQQZtspZRuY5ip/5o","baseKeyType":2,"closed":-1,"used":1688299636218,"created":1688299636218,"remoteIdentityKey":"BTiYJUTuZb/eSCYljm17+REaJjuCqr/Ctvv+QWZFIO9h"},"_chains":{"BVreuzmTTIfMU/7/t/cg7qyvE2oCNI1vfaJ9qY4BQqY4":{"chainKey":{"counter":23,"key":"NJHXCTT1BIeqv3wSYhGAK3BQ4mFOGFkYUR1Xh3BwkDA="},"chainType":2,"messageKeys":{"0":"y95+iPwmsm2adio+Akq7DMeoDRl8+Kf9h768k5H/j/U=","1":"TFP12ZBbupBvEx/76z+CYjtesr02LkjI4SHUo0AGTAA=","2":"TXeQx1Ykygzyn0PKmcClzDtyySXPKu1lX+uH3+THCeY=","3":"TQSwauH50EgiCnzNhBw6a/9CJJA40jeGMwOlFV97cWo=","4":"4Nb8d18x6TIPYE1Uk9HNPTyDxC1zYpmQCfRd/rVkews=","5":"mwHRu/HStjrMDrBvX+wN8DuXgSBkiE0H5bZMVEnc3Xk=","6":"nlgkfFp8e/K+WbAnTtWp+yXvbFCHgT2oOvEoGuhqSyU=","7":"TBX6UB/bp7CjlR+dH45mHKt3flzlqQwy/odR5JiZ9b4=","8":"+/K450WbOQ3nwqzRK6HalSSe61ezpSax20SwKKjP3rM=","9":"g3a6GFkAqBDewFQF/8G+zFp8uuKabSTPWXy2aekMkF8=","10":"oOgRZgO7vn3Wb19rsSF1dKkB/SnxXD7mp/8uodg3O0E="}},"BYrQFhxenczWvBF+PgcMxpyai8pbqQ8u667KSGtKxsEg":{"chainKey":{"counter":-1,"key":"BA9zgD6X81oHGlndkwTPoYA6uN3FCyGUVrsWWSptD/g="},"chainType":1,"messageKeys":{}}}}},"version":"v1"}