{"_sessions":{"BRosWYor/gzOk68M0yAhsWiSthUlqst4iHmQG3D46tF1":{"registrationId":1925913050,"currentRatchet":{"ephemeralKeyPair":{"pubKey":"BQDR72BVudtJSOFvUF5Ar5BlXtyeWDXZDakRSeB/Vfw2","privKey":"wJRiqDfl1bPQseHwQ6xSGGZGXxLf6dmuc7SQaz7c/1w="},"lastRemoteEphemeralKey":"BQgBbG0I7jZFb8bOiuCReWx2eBuxZg4s+egX/yaZScB0","previousCounter":0,"rootKey":"1cx5mQsoiTi9ahdZ8KugX7LyXSKQ35jqWEkyMT/Prmk="},"indexInfo":{"baseKey":"BRosWYor/gzOk68M0yAhsWiSthUlqst4iHmQG3D46tF1","baseKeyType":2,"closed":-1,"used":1688328996185,"created":1688328996185,"remoteIdentityKey":"BR/HyQKX8y6zNlDQj4rtQ0xdBVR8mjg/L28VfqMql211"},"_chains":{"BQgBbG0I7jZFb8bOiuCReWx2eBuxZg4s+egX/yaZScB0":{"chainKey":{"counter":1,"key":"Q6obHdReLMQuOu5gc2o9Lr7DpSz6vehU7t++s5nCYvQ="},"chainType":2,"messageKeys":{"0":"5bTVTBY0nX9PtMrPhVC/rc7lGZr2WRkYzDYoDzgicBE="}},"BQDR72BVudtJSOFvUF5Ar5BlXtyeWDXZDakRSeB/Vfw2":{"chainKey":{"counter":-1,"key":"n5qB90YeYflamexz/k2FwzZa63apxu4GbY1ZtMwqbk0="},"chainType":1,"messageKeys":{}}}}},"version":"v1"}