{"_sessions":{"Bdb/9Z+nzhhmGKmXA5joT7AVNzRxPbeUOZTURqKS9Fc2":{"registrationId":280188783,"currentRatchet":{"ephemeralKeyPair":{"pubKey":"BYmbwzMhsddYNGtc6u76nGCLVI/ZsDvlODXIUhW2sBJX","privKey":"kOuRWiiTpX1kapwSePyv+Sc6u1BgZcHkCqJH5sBv6m4="},"lastRemoteEphemeralKey":"BWq7QrQ9/sorgoy4Vdw3BH4iJDzT2nU56LTjXrNWSHU8","previousCounter":0,"rootKey":"sHSwttg3y1Ifd/c9PYIbRuj7EjALPbxDcFlVVKRTn64="},"indexInfo":{"baseKey":"Bdb/9Z+nzhhmGKmXA5joT7AVNzRxPbeUOZTURqKS9Fc2","baseKeyType":2,"closed":-1,"used":1688406160257,"created":1688406160257,"remoteIdentityKey":"BQEluo3ceoUIk6n4L9v3ddnqgoSZ/2GDwl+D/LsZfTg4"},"_chains":{"BWq7QrQ9/sorgoy4Vdw3BH4iJDzT2nU56LTjXrNWSHU8":{"chainKey":{"counter":1,"key":"kaCm/jVTxu+Jenruj12bLYDJfcbadVITb0lPWXa+P4c="},"chainType":2,"messageKeys":{"0":"B+eN9xMm3RkJyqybRTlwQC3cMcz2L7rEzGjCA5ZcfAU="}},"BYmbwzMhsddYNGtc6u76nGCLVI/ZsDvlODXIUhW2sBJX":{"chainKey":{"counter":-1,"key":"VXVdM4+DmaFf7Ea74ChaymbZJrTRkCFNai85uZvFy+I="},"chainType":1,"messageKeys":{}}}}},"version":"v1"}