{"_sessions":{"BXH7irdv6BNXGGPah0FySJS4cNfLmJLiPlCsRSCKTEwb":{"registrationId":727888696,"currentRatchet":{"ephemeralKeyPair":{"pubKey":"BaXiF4pCmzVXRRg5dnUVr6dEY81AwkMJ+VKxvQZuROZk","privKey":"QPT/RsxDeATWReGOuO0FFdJaHirFJJJPuy6Qdp8nXkg="},"lastRemoteEphemeralKey":"BUdo+ZhRKQzdifPuOADjYLkeyZBr1abVxiL9WHeHXv0f","previousCounter":0,"rootKey":"vEnzBxGnvcqOGBuyYOukTWZoiIcsMoFrfPbhQFDP5s8="},"indexInfo":{"baseKey":"BXH7irdv6BNXGGPah0FySJS4cNfLmJLiPlCsRSCKTEwb","baseKeyType":1,"closed":-1,"used":1688331280264,"created":1688331280264,"remoteIdentityKey":"BWTFxpg8sMDYtH06SC/gJvYmxhGPZwfVsczJ9Yq4leIZ"},"_chains":{"BaXiF4pCmzVXRRg5dnUVr6dEY81AwkMJ+VKxvQZuROZk":{"chainKey":{"counter":1,"key":"7p1MEArgEUylitdeYfbsOD/rA062QoGaE1RrVQPGzrU="},"chainType":1,"messageKeys":{}}},"pendingPreKey":{"signedKeyId":3,"baseKey":"BXH7irdv6BNXGGPah0FySJS4cNfLmJLiPlCsRSCKTEwb","preKeyId":12328522}}},"version":"v1"}