{"_sessions":{"BccM7f8+/WuG6GhK7tYZwisHg3R06KYnTFw2XypLS4IT":{"registrationId":1526788951,"currentRatchet":{"ephemeralKeyPair":{"pubKey":"BRMLmWm1/Xp2PyQCzGX8tEsSRCJc2zOe9FkcUrGVdxlH","privKey":"wDpkNLtDs686N41CIXOKMKmEFW80vN1Ib5LXYMAaZGI="},"lastRemoteEphemeralKey":"BVxdf0RoxFL0TjBwUOx276TTkCKV3ApU7sMRs9lZITku","previousCounter":1,"rootKey":"cVADSev5KjlkERNbz3CVvpxwNSbRcRfViRHR+2r0zB0="},"indexInfo":{"baseKey":"BccM7f8+/WuG6GhK7tYZwisHg3R06KYnTFw2XypLS4IT","baseKeyType":1,"closed":-1,"used":1688409718153,"created":1688331280126,"remoteIdentityKey":"BdV/11tu8lQ5n9/EY94uenzBv9hRXj06hQi8E6IEi6gW"},"_chains":{"BVxdf0RoxFL0TjBwUOx276TTkCKV3ApU7sMRs9lZITku":{"chainKey":{"counter":0,"key":"IqEjCvgnocFpDAngG2HdpFPjeOlBxDOTrIyHv/uin9M="},"chainType":2,"messageKeys":{}},"BRMLmWm1/Xp2PyQCzGX8tEsSRCJc2zOe9FkcUrGVdxlH":{"chainKey":{"counter":-1,"key":"GkAiq7DMwFkl7LosnhyEVxj6CZsetc/t2z9nwMaid6c="},"chainType":1,"messageKeys":{}}}}},"version":"v1"}