{"_sessions":{"BR5AG2TOsXF1Ak2xqd7XzG3g+gyXmYlBRrWebG/8gnsl":{"registrationId":520672801,"currentRatchet":{"ephemeralKeyPair":{"pubKey":"BW9gyu2G7zhkbcU/vzEaR5UiawNLQun3wvqlQppcxiR+","privKey":"wLqN9ONqX1dFX41rofQ3CCKUk86k4+9MIYedtgyRNmc="},"lastRemoteEphemeralKey":"BX98eZsWV+OCk6qZg1DsUdmNQArrNRIsPBuOhVJmPRI9","previousCounter":0,"rootKey":"TK4YpQZBSWXREzvVBeGFB6ORIYHT1R5VsACDFX7WPr4="},"indexInfo":{"baseKey":"BR5AG2TOsXF1Ak2xqd7XzG3g+gyXmYlBRrWebG/8gnsl","baseKeyType":2,"closed":-1,"used":1688299582941,"created":1688299582941,"remoteIdentityKey":"BaA1XI06wgq048vmpM5rp88cEkYJ7ZOZmojw4F2LJdFJ"},"_chains":{"BX98eZsWV+OCk6qZg1DsUdmNQArrNRIsPBuOhVJmPRI9":{"chainKey":{"counter":1,"key":"FPt6Rb/AZ00SVhLfZUPZJDEfnPuTOWE7u85r+rlO9Uc="},"chainType":2,"messageKeys":{}},"BW9gyu2G7zhkbcU/vzEaR5UiawNLQun3wvqlQppcxiR+":{"chainKey":{"counter":-1,"key":"VrzsFkEek/B9JJfbfP0+yT9sjPXY9qeSajcDZ1L9fUE="},"chainType":1,"messageKeys":{}}}}},"version":"v1"}