{"_sessions":{"BfF+xx1U0iAiO32JMMOReSLmLpKmFloxM+WTNP1LWv8P":{"registrationId":537756344,"currentRatchet":{"ephemeralKeyPair":{"pubKey":"BdHrEjim4s8oaBQXn1eo2LrU/1IyAPXWx3GX4zkElaIy","privKey":"SHAJPz2RynA7YANOI9ov/JekOl9VbA5fDzyvr+3xL1Q="},"lastRemoteEphemeralKey":"BbP4O/Y8A3Jn8bUJaZFvxlNT8dFDr4eRdV1UC/0AwD1I","previousCounter":0,"rootKey":"EstSYDjift3hBsw05PC/Ey6cHFSNA3iKovpbM0FcPxo="},"indexInfo":{"baseKey":"BfF+xx1U0iAiO32JMMOReSLmLpKmFloxM+WTNP1LWv8P","baseKeyType":1,"closed":-1,"used":1688348008874,"created":1688331280234,"remoteIdentityKey":"BXC/BJ01a3Kbd56IfZk+GaURVIQZX4Y1uXnwEfd2lXdT"},"_chains":{"BbP4O/Y8A3Jn8bUJaZFvxlNT8dFDr4eRdV1UC/0AwD1I":{"chainKey":{"counter":1,"key":"/3dwCAyUym+9pb4y66tzezqLu5JwZkO30P6vm5U1xZY="},"chainType":2,"messageKeys":{}},"BdHrEjim4s8oaBQXn1eo2LrU/1IyAPXWx3GX4zkElaIy":{"chainKey":{"counter":0,"key":"T68icvJ3gbm0q3rHbmvZ3uJJpcyzHX7aAskE7SzoTQ8="},"chainType":1,"messageKeys":{}}}}},"version":"v1"}