{"_sessions":{"BTOafG923q7qE0ChSQR17jt+21wj9r+1740NVPmLF9Ug":{"registrationId":1482436219,"currentRatchet":{"ephemeralKeyPair":{"pubKey":"BQFiBf9hJG2HIyf76iSLU6HQUwawvUvdQ7y/NoXfVGgm","privKey":"wLCAtoMyf2oOtND92xKK7weSWKRdICQG5Na1iJoClm8="},"lastRemoteEphemeralKey":"BfC6vQ/eevrRz6YGVwcWG1Td2/s6M+jIU5tcvI5Qp7FJ","previousCounter":0,"rootKey":"+8dO/Ndwz+Uj0Dj6+Uo1lFA9YQAtMFxUmiVKRjLCn5s="},"indexInfo":{"baseKey":"BTOafG923q7qE0ChSQR17jt+21wj9r+1740NVPmLF9Ug","baseKeyType":2,"closed":-1,"used":1688299641696,"created":1688299641696,"remoteIdentityKey":"BRl+sg5W1KKt9VXo+cWR805GTdz7YvoV8FP+KgNj94Iu"},"_chains":{"BfC6vQ/eevrRz6YGVwcWG1Td2/s6M+jIU5tcvI5Qp7FJ":{"chainKey":{"counter":2,"key":"rHjzIF1W6zSaXLcXZZVLF1U2uI8D9GlzLLWCxg7EQvM="},"chainType":2,"messageKeys":{"0":"5PhtyxAs5dGxlI2KAMZvJUr8sdxioBW2emCxdjXOjvA=","1":"bPRPP8H51Ra8NTyBMWQvxAbZdEb8Rm+ZUyPHsY7winU="}},"BQFiBf9hJG2HIyf76iSLU6HQUwawvUvdQ7y/NoXfVGgm":{"chainKey":{"counter":-1,"key":"Oc10pIrDHDvvCcICsQQSXKgPg4hdz94A7bLpW2oF0Bo="},"chainType":1,"messageKeys":{}}}}},"version":"v1"}