{"_sessions":{"BdpfUN9pRM43hGD7qvGtTPPF1z6i6nzTryi/pno2gQtM":{"registrationId":933715359,"currentRatchet":{"ephemeralKeyPair":{"pubKey":"BW80BeNPsiAtBNrKqVh9OTTW5I76xscFFlgivAIIaehp","privKey":"mCtT2g2P9o705uP1BkeyksQcVe1mWe+7/MlJKzJpKUM="},"lastRemoteEphemeralKey":"Bf6o2vy8+aGnM6wwjc7ElNEYg/NXk/kGAlDwmbuPf0Fr","previousCounter":0,"rootKey":"ZAVatGD4CBDSqRoXCsRZQUmCwq1j3C/uMigvSFXKHpk="},"indexInfo":{"baseKey":"BdpfUN9pRM43hGD7qvGtTPPF1z6i6nzTryi/pno2gQtM","baseKeyType":2,"closed":-1,"used":1688074878535,"created":1688074878535,"remoteIdentityKey":"BdoG0LXHdA4pIcsuo7GrH1mbdm1Z3CJnMwKIrN6ISeIb"},"_chains":{"Bf6o2vy8+aGnM6wwjc7ElNEYg/NXk/kGAlDwmbuPf0Fr":{"chainKey":{"counter":5,"key":"IlUSFju26+fAtI2B5DxO1DllAieoKxBeCURcCN615X8="},"chainType":2,"messageKeys":{"1":"9zaFQ8xjSjaveQAuDr1LW+XX5RzYkdMRUxe0dm04j1Q=","2":"FjciDbsm1p68CMyyXdUlInpicuq9KJLtZImi3qTeaxQ=","3":"N0Y4b46iFVOuuG1CCzdCFiRObXezniaTNunSSxX1Y9A="}},"BW80BeNPsiAtBNrKqVh9OTTW5I76xscFFlgivAIIaehp":{"chainKey":{"counter":-1,"key":"p8e9ppFy5MD2HqRROShAeRfLaJ0wR3uwXyRQfOf7cjA="},"chainType":1,"messageKeys":{}}}}},"version":"v1"}