{"_sessions":{"BfCupYnp4JgRv1cvo4qO5PDAtom2yhmbzji/TnXLTZYs":{"registrationId":265538183,"currentRatchet":{"ephemeralKeyPair":{"pubKey":"BbLI/1ZeOdwqljKUrzNdTDWfPVy/wmKDjD3FgTeIvT5l","privKey":"2F0Q8B9eHgreLSBUDi6cWyWambWnXCGPtDtfhoiheH4="},"lastRemoteEphemeralKey":"BbwdXqtlxKrU5WvoS1ISLaAtRO2JZ4e73xnuz9vXNOcJ","previousCounter":0,"rootKey":"hLFdRUg7bVO0ev3KHftNirY2tECjk6+lTPcGiG3RhnA="},"indexInfo":{"baseKey":"BfCupYnp4JgRv1cvo4qO5PDAtom2yhmbzji/TnXLTZYs","baseKeyType":1,"closed":-1,"used":1688331280198,"created":1688331280198,"remoteIdentityKey":"BZnwXu/UEoepkY2luaXBmj/UU3ZqWeqgoeiXnV5fCx9c"},"_chains":{"BbLI/1ZeOdwqljKUrzNdTDWfPVy/wmKDjD3FgTeIvT5l":{"chainKey":{"counter":1,"key":"NWb6k3hEMDEeq398ktJVCWrdQ8eHeNIbohxmKFBCcTk="},"chainType":1,"messageKeys":{}}},"pendingPreKey":{"signedKeyId":3,"baseKey":"BfCupYnp4JgRv1cvo4qO5PDAtom2yhmbzji/TnXLTZYs","preKeyId":5727403}}},"version":"v1"}