{"_sessions":{"BZwVcDGkLNNa8xmQGePXVASQ7eHsCNgOldv3UlLMoVYP":{"registrationId":259866278,"currentRatchet":{"ephemeralKeyPair":{"pubKey":"BaqoLzqOJpuGHmmWo1OAvQE7FB0chRsB2z0EqVssdfVG","privKey":"CPEiTXDIxmmYrBysh36qVWXfBZATGgFLaEA+CUYgpXc="},"lastRemoteEphemeralKey":"BdGcZWON8ks+JLo7l001WEjExxrp6Q69IYYJikZJ54w7","previousCounter":0,"rootKey":"GiwwtMLBtWVQ7gtmPNuNp5V/86fHNuRtaWIbJ3/m+U8="},"indexInfo":{"baseKey":"BZwVcDGkLNNa8xmQGePXVASQ7eHsCNgOldv3UlLMoVYP","baseKeyType":2,"closed":-1,"used":1688299589803,"created":1688299589803,"remoteIdentityKey":"BWlNijLSBNMMRzSEbIdKWn154V87U7CpABHYqF7hnu0j"},"_chains":{"BdGcZWON8ks+JLo7l001WEjExxrp6Q69IYYJikZJ54w7":{"chainKey":{"counter":3,"key":"xRBgwN+j84uG5sfEcGsfJ9ixU52e41zQExoUldCFqVk="},"chainType":2,"messageKeys":{}},"BaqoLzqOJpuGHmmWo1OAvQE7FB0chRsB2z0EqVssdfVG":{"chainKey":{"counter":-1,"key":"kXND7aRNksI27h6zQPc2JbXOOYf1/PpCp1XqlhOHqH0="},"chainType":1,"messageKeys":{}}}}},"version":"v1"}