{"_sessions":{"BcodVf7pyj3Uob3DMqgtzvdKmkRtxEjaee0KC+GxYYk9":{"registrationId":2061016075,"currentRatchet":{"ephemeralKeyPair":{"pubKey":"BS2dUnGbPkoRo0UHIJ+zr189LeXdj+L2i/9nPyILZuck","privKey":"sGMPlxA97u/i/uKfZMwcW+TJyUloMMPQnN0YB1QMN0o="},"lastRemoteEphemeralKey":"BWIfodwMDjV33A4boUBLohVvCFMhGHOF9nVtgvjPPKMh","previousCounter":0,"rootKey":"CL03b4AWN7FZSS57j8p7eX8ja0PtmW/WtGgMJtwjCCk="},"indexInfo":{"baseKey":"BcodVf7pyj3Uob3DMqgtzvdKmkRtxEjaee0KC+GxYYk9","baseKeyType":1,"closed":1688404214562,"used":1688348267226,"created":1688331280112,"remoteIdentityKey":"BTWS7DG64PcDCevrjf8/0tm5YaW2vK8crQ1lcVDDWzcA"},"_chains":{"BWIfodwMDjV33A4boUBLohVvCFMhGHOF9nVtgvjPPKMh":{"chainKey":{"counter":0,"key":"SG/cvXtv59mkrlkCB5gkySysbzXe1LJ0Xsa0ZlXv3Sg="},"chainType":2,"messageKeys":{}},"BS2dUnGbPkoRo0UHIJ+zr189LeXdj+L2i/9nPyILZuck":{"chainKey":{"counter":-1,"key":"d0NSlJZwBKXMzJed72DgGSFMy4qIU5bor69y34n+YpM="},"chainType":1,"messageKeys":{}}}},"BfaVYbSq4PavfoIEZeodHohBGvzDY9OPpiR3vRDEaB0n":{"registrationId":89604715,"currentRatchet":{"ephemeralKeyPair":{"pubKey":"BTi0lMWnC0RRsn03Hk2bD1ZZLrAcMCEGibflbmekoZEI","privKey":"ME+7zdhttn50YsDkdcjk+nn6MoCO5Jwaw1439HGDJ3Y="},"lastRemoteEphemeralKey":"BYSXiRRSeq5BjOJEUvt3QyvaCDrIyGr+4ky89B5+wgYI","previousCounter":0,"rootKey":"8aPpIva1uAf2lI/RPAiouUba4L6ZdJfV9LXWLazV3gY="},"indexInfo":{"baseKey":"BfaVYbSq4PavfoIEZeodHohBGvzDY9OPpiR3vRDEaB0n","baseKeyType":2,"closed":1688408208346,"used":1688404214581,"created":1688404214581,"remoteIdentityKey":"BbX/Vj+TpJZOCuUoUtCX3LqjbI801HMirJrw0wk3TQld"},"_chains":{"BYSXiRRSeq5BjOJEUvt3QyvaCDrIyGr+4ky89B5+wgYI":{"chainKey":{"counter":1,"key":"00662XI35bCZoVX9nLWHkyDtPRnA10ZhIDQx13jJC3A="},"chainType":2,"messageKeys":{}},"BTi0lMWnC0RRsn03Hk2bD1ZZLrAcMCEGibflbmekoZEI":{"chainKey":{"counter":-1,"key":"RsRDV3FskLamys6U9AjpjZ9+qSvjFKre3MngDnC1KnI="},"chainType":1,"messageKeys":{}}}},"Bby0aHLahJjK9PTJU0RbmK9Huk4OYD+XyV6hT0kILjwi":{"registrationId":89604715,"currentRatchet":{"ephemeralKeyPair":{"pubKey":"BadTKDJRP5vExPZX5MHRbD0wBPtrJusKJfxiKsq4cLAP","privKey":"ILkTlv0Mx8qtqCcxDoRIZKW19qjEmPBwImodvA8RvmU="},"lastRemoteEphemeralKey":"BWLh5mmacuURohmNrTrVyv0ZjXOOZjNEXe7GTCFJ5a1A","previousCounter":0,"rootKey":"xf9dnU2MhM/4niJhWO2I7i52cz7PwZptUTHn8j7nivA="},"indexInfo":{"baseKey":"Bby0aHLahJjK9PTJU0RbmK9Huk4OYD+XyV6hT0kILjwi","baseKeyType":1,"closed":-1,"used":1688419881532,"created":1688408208287,"remoteIdentityKey":"BbX/Vj+TpJZOCuUoUtCX3LqjbI801HMirJrw0wk3TQld"},"_chains":{"BWLh5mmacuURohmNrTrVyv0ZjXOOZjNEXe7GTCFJ5a1A":{"chainKey":{"counter":0,"key":"X0GK7EN6pNhMhukLEmzJkvTyBBO5tIiNv7B79XbdmrA="},"chainType":2,"messageKeys":{}},"BadTKDJRP5vExPZX5MHRbD0wBPtrJusKJfxiKsq4cLAP":{"chainKey":{"counter":-1,"key":"EpfojYK/7h52UyIShJ521FOvSEFwpC+ScWLLm+pezME="},"chainType":1,"messageKeys":{}}}}},"version":"v1"}