{"_sessions":{"BcDOVtKnkT2jRFxey6aIHTD4XL1anLfbAtLCMaQFdgZ6":{"registrationId":1253980434,"currentRatchet":{"ephemeralKeyPair":{"pubKey":"BQr/Q4lOfCC+4Pd5HxVfjZ4bog/yibODkp65I9iNdGFZ","privKey":"0MGFdcLHhLpRTrdamdp/hxY7v7J1l6uyNvaiAj8tuWY="},"lastRemoteEphemeralKey":"BUECIzAbXtMaDWLePMeDR+G1CxcoTsbIPvL+hr/V2BxE","previousCounter":0,"rootKey":"KJyLr/owsYHk/eDs7wTXsNfB+R/vOixE9M7MJwZeTO4="},"indexInfo":{"baseKey":"BcDOVtKnkT2jRFxey6aIHTD4XL1anLfbAtLCMaQFdgZ6","baseKeyType":2,"closed":-1,"used":1688299568500,"created":1688299568500,"remoteIdentityKey":"BewhWuiS3ZnHRDAxQzsJez2tWxkLOxAFmxoMCdVp7/hY"},"_chains":{"BUECIzAbXtMaDWLePMeDR+G1CxcoTsbIPvL+hr/V2BxE":{"chainKey":{"counter":3,"key":"KmQzjDOinkZqpTQl0VNCOxVR4jJO4w6LCx7tgTaBmn4="},"chainType":2,"messageKeys":{"0":"ZSeFobJspBrkk87HI17+ixOTBIsePTQCpHalILYN8Nk=","1":"XKylSkUMUlIKFZ/r13OIA6YfjDuxgf3zvSI7FZGEE7I=","2":"5q7FnAMgC5ruOQjNf3UHga6fsroxH3BuiKkLVkr/oR0="}},"BQr/Q4lOfCC+4Pd5HxVfjZ4bog/yibODkp65I9iNdGFZ":{"chainKey":{"counter":-1,"key":"O7to+MZ1nvwEK9CZLuaQ4NJp9Pmm2SmbTrPcmJNJkTI="},"chainType":1,"messageKeys":{}}}}},"version":"v1"}