{"_sessions":{"BWXKjrXiVloCZzDaIuZKQ61VN3hMs90MDO50R5koEo9M":{"registrationId":370904562,"currentRatchet":{"ephemeralKeyPair":{"pubKey":"BXu5Ubv3p6MDCus88VFuLHHT0gC2Q27xC39qGbGwp4In","privKey":"2BS10RBIspidqqsg9cT0n4q53X3i9HALHeemm8iVPUs="},"lastRemoteEphemeralKey":"BfOFyvFJP8EljxuwQG6OMUOiPVV7A2U2cFkDoBhvia4m","previousCounter":0,"rootKey":"fCaJCoqUMKf0gzFFxYMymrYSys0k0MKfPV7TmJV8PvI="},"indexInfo":{"baseKey":"BWXKjrXiVloCZzDaIuZKQ61VN3hMs90MDO50R5koEo9M","baseKeyType":2,"closed":-1,"used":1688299606214,"created":1688299606214,"remoteIdentityKey":"Bb6acT667by31vovDpUDjt/VvaoaXExqBOKTe/V+C7pY"},"_chains":{"BfOFyvFJP8EljxuwQG6OMUOiPVV7A2U2cFkDoBhvia4m":{"chainKey":{"counter":7,"key":"iH1bkatGup5Mb0K01BYVDd6TGNgu6+oUptQViuFxh7Q="},"chainType":2,"messageKeys":{"0":"3rDJPkyPRjzqOww4YqSSjmcPO70cZm83qmM8d2ccayg=","1":"9KoYLQQnjXwodGDFYYfM51N4j0L3HCZtTzRmycv4vSU=","2":"KFxFpQyOaTLgEwxaxGN1L6F8tJNLQuk2FEqh3708Wxc="}},"BXu5Ubv3p6MDCus88VFuLHHT0gC2Q27xC39qGbGwp4In":{"chainKey":{"counter":-1,"key":"F1eiiw6COTQF9awrPczxYYRbywODPfXeMdchv5zoRBs="},"chainType":1,"messageKeys":{}}}}},"version":"v1"}