{"_sessions":{"BeKb/oMBvoywl7JHNam7znNMVXUyteLUr17pWVWv3eRo":{"registrationId":198442648,"currentRatchet":{"ephemeralKeyPair":{"pubKey":"BVXwYl6eqW3KcTtvVX+sGRgf3t0/OZLTNqDlzY+vBVxG","privKey":"CNOnbDbnmbQqvhsA3wEvyEavice9uGjat73VnSsLImI="},"lastRemoteEphemeralKey":"BY9xpD0CaZw549w4sCAE6ytC7WyKtI+CmFWpymjHmyEa","previousCounter":0,"rootKey":"xQIKBBeHiq8lNdleqfr7l4EctGtXsfv5yV/+qyEA8xI="},"indexInfo":{"baseKey":"BeKb/oMBvoywl7JHNam7znNMVXUyteLUr17pWVWv3eRo","baseKeyType":2,"closed":-1,"used":1688299635273,"created":1688299635273,"remoteIdentityKey":"BcGpH5i0pa5Q8gdhJ0okopgmsqCqIKEw+NbE8DU2dJpk"},"_chains":{"BY9xpD0CaZw549w4sCAE6ytC7WyKtI+CmFWpymjHmyEa":{"chainKey":{"counter":6,"key":"GQkyMtggccC3ROCWl+TB+zFeg/wb/Dy/EQ7loxnJwgY="},"chainType":2,"messageKeys":{"0":"d0e3l50SLG+k+y3YsL/mx6+KDYY3gDQYZMXI92itHJs=","1":"oGnme2nDI7oWuNaNxE/kIQt+1/qtoHkTPBdMBadrd1s=","2":"DEUAP2uEbBwq7kM0Bez7vIlZ4gC3Q+2K+pfkQAo3HjE=","3":"KYYabhh6yN4PCi797gFPkMPwdF0S6Q8Gdq0+6ysYIYU="}},"BVXwYl6eqW3KcTtvVX+sGRgf3t0/OZLTNqDlzY+vBVxG":{"chainKey":{"counter":-1,"key":"Wrv9lDh3uoCvin75oOSr9rR68NhXB5z62tIUDDwXwlA="},"chainType":1,"messageKeys":{}}}}},"version":"v1"}