{"_sessions":{"BZ6yk0dacWK+ewruwS0BuIpx3Q1dGyhzZpypCcHRNNNK":{"registrationId":632599417,"currentRatchet":{"ephemeralKeyPair":{"pubKey":"BcJ2Uz7TJbUwDGbWi5caUupSHQoUT0ynl3OxKY+URBBr","privKey":"YPQCbkhdEsp9bByw84tPELLdBqrtQ4zwSyBU9zlvQ3c="},"lastRemoteEphemeralKey":"BbrasW2QtT86yNBIad5onRHQnICeh3k2ucVcVlWQJxQT","previousCounter":0,"rootKey":"j2M3sWm2RH91coa9l+RKNLJGOw4wCzDXkOTgAUfbi6s="},"indexInfo":{"baseKey":"BZ6yk0dacWK+ewruwS0BuIpx3Q1dGyhzZpypCcHRNNNK","baseKeyType":2,"closed":-1,"used":1688304000414,"created":1688304000414,"remoteIdentityKey":"BZtr2LC6CQDU+1mU9/VbyJcSqoz1Fo118glDjiHytLtM"},"_chains":{"BbrasW2QtT86yNBIad5onRHQnICeh3k2ucVcVlWQJxQT":{"chainKey":{"counter":3,"key":"GYV2WEkIialnjn+9lHVEakArF5VEqXuCEJ9CWOvaG1M="},"chainType":2,"messageKeys":{"0":"QFHOVIounz0tL1jTZW4+bZmhg/WTI7AghMNQ8oY3m7U=","1":"6gwarqyVzn95iH4Bfq7FLbjP+SiLqzM4rhRETf0PTmA="}},"BcJ2Uz7TJbUwDGbWi5caUupSHQoUT0ynl3OxKY+URBBr":{"chainKey":{"counter":-1,"key":"cYEqnMWt4LH19Lji1E2zYzVE4I8KvAJbTr2dJcX+eHk="},"chainType":1,"messageKeys":{}}}}},"version":"v1"}