{"_sessions":{"BaI8KE63cjWym+wjZOLsrq5QsSHHAxH859FNcwaBp/Ai":{"registrationId":347487186,"currentRatchet":{"ephemeralKeyPair":{"pubKey":"Bc6m5LEKXT6sfGTXa5jv2xPvBPqdJh1RjLORPi1oyWhk","privKey":"GKDjUw9JAGattiZAJNGPLm9zwrgNspFGCrKn8eeUiWM="},"lastRemoteEphemeralKey":"Bf8lWv8kxnt6CD+uiCUasIzqKPv0fcfCFICpWf+E/1sZ","previousCounter":0,"rootKey":"FDRctWA74RD+SWk87QMjOcd5hQiqQepUyt/imh69yOk="},"indexInfo":{"baseKey":"BaI8KE63cjWym+wjZOLsrq5QsSHHAxH859FNcwaBp/Ai","baseKeyType":2,"closed":-1,"used":1688399283934,"created":1688399283934,"remoteIdentityKey":"BWgYp4gDOosbU7AiMD2KIx7eIz4vVCWhrIAOZb6+mcRX"},"_chains":{"Bf8lWv8kxnt6CD+uiCUasIzqKPv0fcfCFICpWf+E/1sZ":{"chainKey":{"counter":0,"key":"+BXqtcpROmFpXLcdNDLWYzhb7kFPY01IV4dSNuFcZyI="},"chainType":2,"messageKeys":{}},"Bc6m5LEKXT6sfGTXa5jv2xPvBPqdJh1RjLORPi1oyWhk":{"chainKey":{"counter":-1,"key":"P2/IjlnlVXz889iAshSx4xXYllWDN8PvI5akdTP9Nbk="},"chainType":1,"messageKeys":{}}}}},"version":"v1"}