{"_sessions":{"BQfX2EIy8WtS0WaUXTig20ndfyHk87jr4Vhl2WkYi9Vp":{"registrationId":333344071,"currentRatchet":{"ephemeralKeyPair":{"pubKey":"BWsZjp/1C4rxO9ZO91kPQejZ63Jww9wU4l8W2E/Scxk9","privKey":"CARo1wXeO4gD7klb8unxo7wd4P4PTPJVqSRIwBCLjlY="},"lastRemoteEphemeralKey":"Beabbw+dp5n/WyAOiseP5o386nkiplMzNVyEnCX4TjY1","previousCounter":0,"rootKey":"Nvl1HgkQEDgioptw3ejp8crXLfe2D+Rcq2CiRiBzWLA="},"indexInfo":{"baseKey":"BQfX2EIy8WtS0WaUXTig20ndfyHk87jr4Vhl2WkYi9Vp","baseKeyType":2,"closed":-1,"used":1688299570491,"created":1688299570491,"remoteIdentityKey":"BbOi/3eEbSpFI1eRuO9gn4KzMsGETT3NDOJlJhpkTB9T"},"_chains":{"Beabbw+dp5n/WyAOiseP5o386nkiplMzNVyEnCX4TjY1":{"chainKey":{"counter":1,"key":"sgWyfZJhhW8XdtEMfEvqxfzbapxb7ASB5XXB+ZC22PU="},"chainType":2,"messageKeys":{"0":"KJUWbvWa3awbiUCmWMqN6tdDX9ZGUHIHiOKzBiDlTeU="}},"BWsZjp/1C4rxO9ZO91kPQejZ63Jww9wU4l8W2E/Scxk9":{"chainKey":{"counter":-1,"key":"scYFReLsRAcmKFW95AqxMvmqV+uy7OukIA6/oIQamKw="},"chainType":1,"messageKeys":{}}}}},"version":"v1"}