{"_sessions":{"BSIp0DO+fuJRylEFJunuzC3uVFrU/uTIQ3fLQ/6HW8h3":{"registrationId":2021387955,"currentRatchet":{"ephemeralKeyPair":{"pubKey":"BQYkiwIjdR5EakczlEmKenJ7wxk8MX5nbB7GWcKZQ1tk","privKey":"gLhD4SqYmIS7StskJPEvh5huYxPqeG7SyEYsksQHKGA="},"lastRemoteEphemeralKey":"BdG4XP7ODIs4hLQ6bF+Haw9W2yF/MamJfqLiED3pCP4e","previousCounter":0,"rootKey":"+luE8NA6LIPjOgJbf3YShD8k1/wcm3yYShaWTmG2ggk="},"indexInfo":{"baseKey":"BSIp0DO+fuJRylEFJunuzC3uVFrU/uTIQ3fLQ/6HW8h3","baseKeyType":2,"closed":-1,"used":1688299569761,"created":1688299569761,"remoteIdentityKey":"BaKKuQRkitoxGnSDZrrC0yA24CmgIoYGp6euWuqXxbMU"},"_chains":{"BdG4XP7ODIs4hLQ6bF+Haw9W2yF/MamJfqLiED3pCP4e":{"chainKey":{"counter":1,"key":"iUIwn3bYVyFDtYEeHlKrVeNBA645LG0a+ri1hlUNn6s="},"chainType":2,"messageKeys":{"0":"DYysegX6Nf7uDRdGF6ccYSmWn/9vxRil/tCroai8vmE="}},"BQYkiwIjdR5EakczlEmKenJ7wxk8MX5nbB7GWcKZQ1tk":{"chainKey":{"counter":-1,"key":"Eqnh4v1eNyP86mBSbYvNu3KeNERhFafCSaLlAoNOGtc="},"chainType":1,"messageKeys":{}}}}},"version":"v1"}