{"_sessions":{"BaEPW3tjJekpzbY4eqNhUxHoVI6XIw6oz4x1PoSK1YAg":{"registrationId":202251765,"currentRatchet":{"ephemeralKeyPair":{"pubKey":"BaRpzkNlvkGIGm6dRhTilZYHoNHnYJGPT7Vb82mL4ZIV","privKey":"eK254o/fDP1MIr+QfZ3/ZDFIfKqMN7B987HLHedvwkU="},"lastRemoteEphemeralKey":"BW0ekDznL8GQXSx4BrCQX7g/DyTkryn0R1sPqSd4Nmcu","previousCounter":0,"rootKey":"tfY4ss3qk+59oxKVTC2sJILHhjhwcUJRMeTYb8uePrg="},"indexInfo":{"baseKey":"BaEPW3tjJekpzbY4eqNhUxHoVI6XIw6oz4x1PoSK1YAg","baseKeyType":2,"closed":-1,"used":1688400071610,"created":1688400071610,"remoteIdentityKey":"Bf7wWIOvz828kDixS26eElItqbMztVWXGeijSMfpbLRt"},"_chains":{"BW0ekDznL8GQXSx4BrCQX7g/DyTkryn0R1sPqSd4Nmcu":{"chainKey":{"counter":1,"key":"8Z3asgBWqKZWex47KUd3jp1G44BGnLKCxicyU+3dzQs="},"chainType":2,"messageKeys":{"0":"/hk9BzDGW/OqkskSaIW6CPfsf/tj+ubej2ABhIFIWgg="}},"BaRpzkNlvkGIGm6dRhTilZYHoNHnYJGPT7Vb82mL4ZIV":{"chainKey":{"counter":-1,"key":"NKxp8plIGpErx+YL2TdaE4TRSuKal24cJfRJRPffIbI="},"chainType":1,"messageKeys":{}}}}},"version":"v1"}