{"_sessions":{"BeZ6uEWzSnT/ANd2+7etije2C16WOGdpazeSJ/OT2BYu":{"registrationId":957543550,"currentRatchet":{"ephemeralKeyPair":{"pubKey":"BYgMKWe2fCU+648nIhra4pKFSMbYwmpJ0Wd5D85QinQY","privKey":"aEjKxmZ4qZ+cb/kvGDSRo59LsSvMIk09eRE26Q3QqkI="},"lastRemoteEphemeralKey":"BWsL082aHzM1k91/ot3Qf3mFcyiTQmDGzYLjwKk7gPkN","previousCounter":0,"rootKey":"pg6rSrzObX+lh0YTBCpu+XN320Mzklkvz/APp2oQYV4="},"indexInfo":{"baseKey":"BeZ6uEWzSnT/ANd2+7etije2C16WOGdpazeSJ/OT2BYu","baseKeyType":2,"closed":-1,"used":1688328974901,"created":1688328974901,"remoteIdentityKey":"BRcNWJ4ioNMEnrVFaecWftdKGv6XAqIWABDOzRFeKDxk"},"_chains":{"BWsL082aHzM1k91/ot3Qf3mFcyiTQmDGzYLjwKk7gPkN":{"chainKey":{"counter":1,"key":"swZ/BXWXeP7rhEJYp7M2KPEjyszyXHZwDzzSo0k7Xg4="},"chainType":2,"messageKeys":{"0":"UhXc8uiPAYTJwGK4noVHy+s/Uo5rwFj6Fj/KZO5QhCQ="}},"BYgMKWe2fCU+648nIhra4pKFSMbYwmpJ0Wd5D85QinQY":{"chainKey":{"counter":-1,"key":"EUmFxpeC00pLVkNnRUjdnkCj9QmA61Vkdy10HQvgJBE="},"chainType":1,"messageKeys":{}}}}},"version":"v1"}