{"_sessions":{"Ba/377Qc9XuhreD2QhcXx/7C7f5kkLFzVh0vQ3XGJAFy":{"registrationId":1744853404,"currentRatchet":{"ephemeralKeyPair":{"pubKey":"BflfG4TozsWZ7yNFe3Sn9pjIAcAlsJIEIfNX4ZLq6Jle","privKey":"+DcbJEU7CuQKussGVqDytid7WtpvnibQSRKikdonhmQ="},"lastRemoteEphemeralKey":"BbLOUIezZwi65L/JcppkAoZ4kYwk42ByuJPISkW9usY9","previousCounter":0,"rootKey":"1RaCd9BV+bzzLJ/UBjvaTUHdPOkrbIh333AujI4ZpYA="},"indexInfo":{"baseKey":"Ba/377Qc9XuhreD2QhcXx/7C7f5kkLFzVh0vQ3XGJAFy","baseKeyType":2,"closed":-1,"used":1688299567175,"created":1688299567175,"remoteIdentityKey":"BXnhHmX5j1fsV65Lm+tZkOLAwoRdmw0/1U4wUWWWiFd/"},"_chains":{"BbLOUIezZwi65L/JcppkAoZ4kYwk42ByuJPISkW9usY9":{"chainKey":{"counter":10,"key":"fo9T44bl2FrOfXFEy51m+XAFEL+PjvihUoXbb+BkV/w="},"chainType":2,"messageKeys":{"0":"j/JKqIasE3lIaZgqS+fhthxqTGtBycEvAyUbNzDdYcY="}},"BflfG4TozsWZ7yNFe3Sn9pjIAcAlsJIEIfNX4ZLq6Jle":{"chainKey":{"counter":-1,"key":"ukP6vngQ/2/lzfFlL35+S41j2C65mgP1DsNzxlWf8hQ="},"chainType":1,"messageKeys":{}}}}},"version":"v1"}