{"_sessions":{"BRLehQYCwx6hlJT/bFwWjeYSPAGjVK1rJcNzI4KDflUJ":{"registrationId":1260467109,"currentRatchet":{"ephemeralKeyPair":{"pubKey":"BQRASR+oz7KXQsCU66n3pXy+2z06fLv3lImoEx5SfDhO","privKey":"wPQ/9vo0f2dLgbzcqb35xWswCSUhPZHS+L1ERFScYWs="},"lastRemoteEphemeralKey":"BfgbqHbzwrhbXtT8HwRO74z0QgC8Sz5KynrV7Vstw2MO","previousCounter":0,"rootKey":"dS2jfMolOXdtENnzWVAFSVlpA1JqXn5SkwwrW+HQ1mw="},"indexInfo":{"baseKey":"BRLehQYCwx6hlJT/bFwWjeYSPAGjVK1rJcNzI4KDflUJ","baseKeyType":2,"closed":-1,"used":1688299628956,"created":1688299628956,"remoteIdentityKey":"BUoeslm472LX4PR4Sql/T/td2SXN7eQqPG1kQF0FZVA3"},"_chains":{"BfgbqHbzwrhbXtT8HwRO74z0QgC8Sz5KynrV7Vstw2MO":{"chainKey":{"counter":1,"key":"tNp/6nUnmR31MfmyJOmkUsu7lgREhVFn9p/PqQgJhu0="},"chainType":2,"messageKeys":{}},"BQRASR+oz7KXQsCU66n3pXy+2z06fLv3lImoEx5SfDhO":{"chainKey":{"counter":-1,"key":"MGcnoO/Qh8gVKhxNzArYdAQ81G+gpJlTGykuYIFqejY="},"chainType":1,"messageKeys":{}}}}},"version":"v1"}