{"_sessions":{"BanT2qxjOINnKhGqeLt54Pzjb1ySoEFIRc0NnyPi5Ssl":{"registrationId":946596469,"currentRatchet":{"ephemeralKeyPair":{"pubKey":"Bfq19ucbI2dN+D0EJ3ZBmUCQBcvQx7zoqupXSi9q5QIC","privKey":"GFz07EZ7Lq3TTOsaTQSz//U+LQGOjZZWWMIjWeIqb2E="},"lastRemoteEphemeralKey":"BXlRMURwHGY2+ETM/ja9rRhb70kfXP+5BsV+9u4CBO8N","previousCounter":0,"rootKey":"WrNNXu48Z3qhPvLaCvw3mBMkxvDvAmQMrlqayIpGKo0="},"indexInfo":{"baseKey":"BanT2qxjOINnKhGqeLt54Pzjb1ySoEFIRc0NnyPi5Ssl","baseKeyType":1,"closed":-1,"used":1688299690924,"created":1688299690924,"remoteIdentityKey":"BdsAA1TSkkxC1eD2ZGTtMgEddkO1THZzFB6rR1tZJPtJ"},"_chains":{"Bfq19ucbI2dN+D0EJ3ZBmUCQBcvQx7zoqupXSi9q5QIC":{"chainKey":{"counter":3,"key":"4vOUiEXoo2gh3A777Nu4YpQpOecy3zDqnQSAvraSKIM="},"chainType":1,"messageKeys":{}}},"pendingPreKey":{"signedKeyId":0,"baseKey":"BanT2qxjOINnKhGqeLt54Pzjb1ySoEFIRc0NnyPi5Ssl"}}},"version":"v1"}