{"_sessions":{"BdrLTAMkyHX4whbgie15cXqhqj2OWDgECbIUTm/q69YX":{"registrationId":191198988,"currentRatchet":{"ephemeralKeyPair":{"pubKey":"Bcht4cW4GFOabVRkIqZ+qkzeP9XVv1NFZ09Y1AgnHCY5","privKey":"WIIjLYA1utJkd7KiotOTcLyzA2KtDMeHkCTbM8+kYXA="},"lastRemoteEphemeralKey":"BQeksxoPipFRxXH0pFIvI/VyFurdg+0ixEatPyTrOzgx","previousCounter":0,"rootKey":"OM0/EdcaLEhjgxBfvvZFF5mm2a23B1nG5a8OJ8ycaIE="},"indexInfo":{"baseKey":"BdrLTAMkyHX4whbgie15cXqhqj2OWDgECbIUTm/q69YX","baseKeyType":2,"closed":-1,"used":1688399307418,"created":1688399307418,"remoteIdentityKey":"BSnxVknfJfxvx3nbc5UP8dASI/vJUFQHkWUdcG30wxcv"},"_chains":{"BQeksxoPipFRxXH0pFIvI/VyFurdg+0ixEatPyTrOzgx":{"chainKey":{"counter":0,"key":"FmmlyPrZQ+g78DQbTvip95+6pVT2vvO/gn6CiE+UQpM="},"chainType":2,"messageKeys":{}},"Bcht4cW4GFOabVRkIqZ+qkzeP9XVv1NFZ09Y1AgnHCY5":{"chainKey":{"counter":-1,"key":"fn+kQBY1EapMsM1+hL/30DOnfsCZVqsN3WsDElxmxUc="},"chainType":1,"messageKeys":{}}}}},"version":"v1"}