{"_sessions":{"BdxaTSFeLPInl4Fy+aZ/kcWKaNei96CTuSUcvO5IcYw/":{"registrationId":5,"currentRatchet":{"ephemeralKeyPair":{"pubKey":"BTmnPyBmJnYl8lKzje5o/7Hr/Qe2GwpcFXhzN5SkfOt4","privKey":"qOz9HyG3Zf7y6diDpaJ0uXYmdqrngTjV+8J1poGJdkU="},"lastRemoteEphemeralKey":"BZZiTA8hs8YlKJnq0IcZsYYVJrhPx5MGyLWHGqrIhgNN","previousCounter":0,"rootKey":"puePZpTbXFKuUejY2jkak2UsWbfRPvaFpTqmUUcAG5E="},"indexInfo":{"baseKey":"BdxaTSFeLPInl4Fy+aZ/kcWKaNei96CTuSUcvO5IcYw/","baseKeyType":1,"closed":-1,"used":1688331280084,"created":1688331280084,"remoteIdentityKey":"BUnxtLquXr/5dRCizUkG2r+csGlxWi/sQ7NGCNpfBG46"},"_chains":{"BTmnPyBmJnYl8lKzje5o/7Hr/Qe2GwpcFXhzN5SkfOt4":{"chainKey":{"counter":1,"key":"N5u7/7KtbhdPhu4OMbvVpf2I/lowAMXLtGg7W89SUL8="},"chainType":1,"messageKeys":{}}},"pendingPreKey":{"signedKeyId":1,"baseKey":"BdxaTSFeLPInl4Fy+aZ/kcWKaNei96CTuSUcvO5IcYw/"}}},"version":"v1"}