{"_sessions":{"BeX51Hwx5XuJdffBftE1ycjXoU6xgq0UIcu70MgdyUlL":{"registrationId":2138834578,"currentRatchet":{"ephemeralKeyPair":{"pubKey":"Bbj4bBQl84Zl2RieELU/y76RnYHZrAcsPw/xitRNVkQf","privKey":"ILLIIsLGaiiWVOnAXRhfDlEJVp+yWYlESV8hnm84H00="},"lastRemoteEphemeralKey":"BQ/mkohkDzoLsQN1TyNWbqzi+nehNF7eni9fpPDCu4IK","previousCounter":0,"rootKey":"59RlQ2cCB7Nq8uSmEoSL8iGlyYko1OiL1oHcel8hLeE="},"indexInfo":{"baseKey":"BeX51Hwx5XuJdffBftE1ycjXoU6xgq0UIcu70MgdyUlL","baseKeyType":2,"closed":-1,"used":1688315819128,"created":1688315819128,"remoteIdentityKey":"BUBzDS8DPmyWhH2IureK2XQoX6rkoyjEFNNkCoExfm9w"},"_chains":{"BQ/mkohkDzoLsQN1TyNWbqzi+nehNF7eni9fpPDCu4IK":{"chainKey":{"counter":4,"key":"8iPeDlQLAPbaDaJh5R1ohiyYcV/nJm8YJYeVUokWsJ0="},"chainType":2,"messageKeys":{"0":"Bv9WQ5MsMoNS7/qeddf3ew7dnmNPytBBRlBAnrRqws8=","1":"4ng1F7p1vIe1iMkWNNSmRTXxHsIpTCDVDN4rDp0zrsE="}},"Bbj4bBQl84Zl2RieELU/y76RnYHZrAcsPw/xitRNVkQf":{"chainKey":{"counter":-1,"key":"SF1UH4crgPYkFDKGYQ5y+CI2MNIqS2Tf5Apnpfxv+kY="},"chainType":1,"messageKeys":{}}}}},"version":"v1"}