{"_sessions":{"BS6SHU0f05VSX5bKzUnyiyImKfA7CpYBipImDG33lfEP":{"registrationId":106707048,"currentRatchet":{"ephemeralKeyPair":{"pubKey":"BWI2Ig1qqJ6hXWMG55JpUdurBCpoSCS2jss4qGNBaqF5","privKey":"EAi7E4liHXAvb9gwLuLsNN4m/LW/gnIhHm7SgdI0bUY="},"lastRemoteEphemeralKey":"BW3ksbmDaAaPYugFv99+eBdZF8s2607e9SUBscBroG4f","previousCounter":0,"rootKey":"6QCGJot0aUgocKoTtMp0/Nsd+TW0dsVb+rcwLKXMtr0="},"indexInfo":{"baseKey":"BS6SHU0f05VSX5bKzUnyiyImKfA7CpYBipImDG33lfEP","baseKeyType":2,"closed":-1,"used":1688399273390,"created":1688399273390,"remoteIdentityKey":"BdA2F81nQa0vPtBo66jkGTnA1xFC6iHXKObalAkHoKBB"},"_chains":{"BW3ksbmDaAaPYugFv99+eBdZF8s2607e9SUBscBroG4f":{"chainKey":{"counter":2,"key":"jTINgVmGBVZKaip7okM/5TXMhnV7Oq+mqWlvXBc/24w="},"chainType":2,"messageKeys":{}},"BWI2Ig1qqJ6hXWMG55JpUdurBCpoSCS2jss4qGNBaqF5":{"chainKey":{"counter":-1,"key":"FPEdTQtDy+2f59tvF3szOp4QztH+I82XTgMnvQ9uS+8="},"chainType":1,"messageKeys":{}}}}},"version":"v1"}