{"_sessions":{"BSUjVeAEgsbcE8xy2I1wVZ8AbdwiSrrSqd7zBeRHV+o6":{"registrationId":1942723441,"currentRatchet":{"ephemeralKeyPair":{"pubKey":"BZsYk0Tg3jhylkaw6Wez9b+zl81wlR/uMOvLPzxGqPgq","privKey":"sLXo+fFWL/yj/qnfV8dtkc4r/t5S63qD56mAg9ufc0Q="},"lastRemoteEphemeralKey":"BaNXQi/36CpxWLuKed6iPvRLWzpFK89oLBHB3rFcpUFS","previousCounter":0,"rootKey":"pYTY89IxG3p0EKttydtO4eORAKz6g+qlubBm3piBHO4="},"indexInfo":{"baseKey":"BSUjVeAEgsbcE8xy2I1wVZ8AbdwiSrrSqd7zBeRHV+o6","baseKeyType":2,"closed":-1,"used":1688299605254,"created":1688299605254,"remoteIdentityKey":"BYkxNCKz40xiQsXHjrWQWno3XNURUkWDLDYK9A7q0gky"},"_chains":{"BaNXQi/36CpxWLuKed6iPvRLWzpFK89oLBHB3rFcpUFS":{"chainKey":{"counter":1,"key":"C48ek/8C6/nGpqBLEDqNrAnEnUEZ/rtxQcLlo9JMMzw="},"chainType":2,"messageKeys":{"0":"+oUlxVFmXOXABv+VwSdKuNuvJMI9djXACjxtYVUo9Is="}},"BZsYk0Tg3jhylkaw6Wez9b+zl81wlR/uMOvLPzxGqPgq":{"chainKey":{"counter":-1,"key":"bAy7rvjEt/YslQbZItL/5iOpzNHNnIWpLi7uz+NbjcY="},"chainType":1,"messageKeys":{}}}}},"version":"v1"}