{"_sessions":{"BTQDFjALxqpn7YRweCE0JdpGQ4EBFobztnjM+7g261A6":{"registrationId":738469239,"currentRatchet":{"ephemeralKeyPair":{"pubKey":"BUtshq4DFIKyfdVq3rmyxUyYmjX9WY/yv3c8RgTjOEdk","privKey":"QGXuB8nXko8/RpF2u1tqisG1wo3UKCek+tyL15WB3nM="},"lastRemoteEphemeralKey":"BRZ9BAG+bFnoG0nj0V3Kyo2ufpCFkpCF8K62CnxESMNX","previousCounter":0,"rootKey":"giLZZC7SxuIoM5D5EPwSiiBzGHwwzEQNk1E1NjWDQww="},"indexInfo":{"baseKey":"BTQDFjALxqpn7YRweCE0JdpGQ4EBFobztnjM+7g261A6","baseKeyType":2,"closed":-1,"used":1688299636828,"created":1688299636828,"remoteIdentityKey":"BaY0lKuIai0jaxz9RZBDj8VD6R6da81UObcurVTRjVcO"},"_chains":{"BRZ9BAG+bFnoG0nj0V3Kyo2ufpCFkpCF8K62CnxESMNX":{"chainKey":{"counter":8,"key":"slZN2lcPiFn07VBjgteJOubPyRxvUgVRnGiGmV7yAdY="},"chainType":2,"messageKeys":{"0":"zJGafKv+BELhKpuS28AYqKFdEcqN3Npha5eX7rNty2g=","1":"vLwKzjHki5m1pdl5G9vcp7rMnFSnhepFCvMpW6LF9as=","2":"KznhcOvBoXx100X9Wb3hScY3ordXJJ/5Xguf6zZMvLc="}},"BUtshq4DFIKyfdVq3rmyxUyYmjX9WY/yv3c8RgTjOEdk":{"chainKey":{"counter":-1,"key":"yV38znT0mLK/bkDC3lp5eqW0CP6G1Ot+vlfs45420uU="},"chainType":1,"messageKeys":{}}}}},"version":"v1"}