{"_sessions":{"BW1Iuz8NKXdeJp/C2fl3SzyTR6YHMCUZ7Wjell0rtqE7":{"registrationId":2140752628,"currentRatchet":{"ephemeralKeyPair":{"pubKey":"BW+aKAw/FsrovG4vswMdvnZJF4sMXgme6UNZpT7Fc5Uz","privKey":"WJQkp6jlC/QxxlRdz5VB3ezhAWXCissgpgLd3GprZlU="},"lastRemoteEphemeralKey":"BYYgC5uXD5whEet/RAs7xch+KeSN5KbqbG49HImMJ2RM","previousCounter":0,"rootKey":"F5H2IL1xPX2wlIry7P5/uUqzosJ/MZpRIHG0Hew9WsY="},"indexInfo":{"baseKey":"BW1Iuz8NKXdeJp/C2fl3SzyTR6YHMCUZ7Wjell0rtqE7","baseKeyType":2,"closed":-1,"used":1688299577297,"created":1688299577297,"remoteIdentityKey":"BSGcEQKK7fWBbOGsRnCCEbWQoA6LfQZbhzBoSE6CdEA4"},"_chains":{"BYYgC5uXD5whEet/RAs7xch+KeSN5KbqbG49HImMJ2RM":{"chainKey":{"counter":9,"key":"dKLhkinkwzZml4BvRLOLj1hD2cDlOHlIsRn2Th3d4No="},"chainType":2,"messageKeys":{"0":"kz3b9isN0b7C6jBACJfO4H58nUS+7fZsx5vNeMk9zIY=","1":"pDCmhO+egi21cCCtD8JR2/lM9hEzGMjTm0rl+F6btSk=","2":"6p+PORrWyjvMjFKtyxysrtY54PgnjCsXCXOSzpB2p/o=","3":"heaidupm5QKpsTtiewM9JLKc3W3RTcGg/Hl/vnpryCQ=","4":"OaFXhhaIhq0Mdzd+jUhMG7kpjiIBBYK2ixGZwPQ0CEg=","5":"M/EmpGG09+60HMKU2qwtTQoVao4G2/L0m1hxqLTxrs0=","6":"bOFLkt7ImiGxcGSg/CKmZBWH8PE5+VSYTIKu00Jv0g0=","7":"c3Rn66lD8TlIe3AEvNJHrkjgmajw7AWRZ/b+QHEJaXM="}},"BW+aKAw/FsrovG4vswMdvnZJF4sMXgme6UNZpT7Fc5Uz":{"chainKey":{"counter":-1,"key":"Sfcl159I+pvb5q7Jab+WFABYf/Enl3oX63J4cCMe0ZM="},"chainType":1,"messageKeys":{}}}}},"version":"v1"}