{"_sessions":{"BfZZLFMVk9N4ewA4fkNfCx/ySILvxV0fjNMTjUNaKuVV":{"registrationId":75038728,"currentRatchet":{"ephemeralKeyPair":{"pubKey":"BdvFLoM1Q2Yd8v35VHblVd9MAfKTPQycmDWHenP5RDlS","privKey":"EKZCc13sF+bCVGdes5JODTk6eenVPTPEF1Ak39uLRlE="},"lastRemoteEphemeralKey":"BW4qqinwDXvgKjNc0ZjPSTBPvvBx0UGIgwhyQpj8ET07","previousCounter":0,"rootKey":"2Crh6pzl/T08iY71D6uXDEOthBtEMteZAS2uJ0dgcKo="},"indexInfo":{"baseKey":"BfZZLFMVk9N4ewA4fkNfCx/ySILvxV0fjNMTjUNaKuVV","baseKeyType":2,"closed":-1,"used":1688299564134,"created":1688299564134,"remoteIdentityKey":"BfXGt8kg2/eeSHkoamfWVT6mZmXTet5sRgg3XiVI0GVk"},"_chains":{"BW4qqinwDXvgKjNc0ZjPSTBPvvBx0UGIgwhyQpj8ET07":{"chainKey":{"counter":5,"key":"unqVamTBVAtRxARxfg9sBDVT8QADUrmM1PEKiZXLLxo="},"chainType":2,"messageKeys":{"1":"KSImmqecb8Yy48oNWU4SA0rP/dNwrB5bqwgaWpuSHw4=","2":"EmOKqVwrHULZW3pNwn9rIr9KkK5qTjTCf/pe2rhkmDs=","3":"fe6+G+Ad+zS7UJWewzmaWccFsOCLo2Q+w7I/qpwzQIA=","4":"7//IxpbdtmYf2awWE0RdzN0Q43D83nlTLsF3jbNNt/s="}},"BdvFLoM1Q2Yd8v35VHblVd9MAfKTPQycmDWHenP5RDlS":{"chainKey":{"counter":-1,"key":"yFIP6vU0zs3kfp64UrjEfudIOo9oTQVWSmXLKo1eQnI="},"chainType":1,"messageKeys":{}}}}},"version":"v1"}