{"_sessions":{"BaIgVR4+Y1+s73lN8KKy+fUtHjkyTfrMFteLKtYkIZQ7":{"registrationId":70273485,"currentRatchet":{"ephemeralKeyPair":{"pubKey":"BY+UhUMIH10nP7CP3wkeBnMrBS2A4Zn4kMP1Q3xghMh6","privKey":"wI9O2INrL+AzPxFuRvysubbkFs2TCwpxrV5GZnXlW0U="},"lastRemoteEphemeralKey":"BRSTOkvWa158NtQjOWXS+p9UoquX0X576TJtWXjBhc5d","previousCounter":0,"rootKey":"M/DuyOASRGB/Y3UoXkRhgKJ6QwTdf6BIqVh9WHVNub4="},"indexInfo":{"baseKey":"BaIgVR4+Y1+s73lN8KKy+fUtHjkyTfrMFteLKtYkIZQ7","baseKeyType":2,"closed":-1,"used":1688299647536,"created":1688299647536,"remoteIdentityKey":"BQTVL57sZahBVtu0xaYwIaCF0Fl0sS79Jv0FDkIdNi89"},"_chains":{"BRSTOkvWa158NtQjOWXS+p9UoquX0X576TJtWXjBhc5d":{"chainKey":{"counter":4,"key":"bKvnZl8deb01UcA7YF/fTw2hKQY7bliw1WfuP1QxuKo="},"chainType":2,"messageKeys":{"0":"3f4w8jhkdPQjiB05hF6Lh43/Z/8Ly8u9G8vCdnKjGjQ=","1":"tPzvXvpDQcGHJY3PK453MbTgJygE9fwSsc4iWcgJjas="}},"BY+UhUMIH10nP7CP3wkeBnMrBS2A4Zn4kMP1Q3xghMh6":{"chainKey":{"counter":-1,"key":"nEdTefkPyvPeZf8uS1eqAAdHogQVdIGLb+wE3QjnTT4="},"chainType":1,"messageKeys":{}}}}},"version":"v1"}