{"_sessions":{"BaZoHJuKnLoiu/yWo2ZmPZs2OOizUgYMzGtCf84K8F9A":{"registrationId":865879841,"currentRatchet":{"ephemeralKeyPair":{"pubKey":"Bf/UhvB3GHjbzExxaN3AE5imNy2Pbv8tkLmGLn2ymChY","privKey":"WHrwdRK7Qd1mHLpWWpKQHSfBlh8qB8595Ph1+pdZqXE="},"lastRemoteEphemeralKey":"BfGcbP7mFHcQu45ZgcdhdPIwe3mMcXQ8qy7PwHIQYbpC","previousCounter":0,"rootKey":"TgMd4rUsKNsSkswqwqeYWeEcZHGOVOsW6ZtlDM9wg/E="},"indexInfo":{"baseKey":"BaZoHJuKnLoiu/yWo2ZmPZs2OOizUgYMzGtCf84K8F9A","baseKeyType":2,"closed":-1,"used":1688415886703,"created":1688415886703,"remoteIdentityKey":"BUlGMxRhVnuPNR7yWOjIypHkoeNn8sZNpzDdiMhWz9on"},"_chains":{"BfGcbP7mFHcQu45ZgcdhdPIwe3mMcXQ8qy7PwHIQYbpC":{"chainKey":{"counter":0,"key":"lV/G8OY8XPtYLq3zECalONHEDKrYCgLleb/sbOuWY0U="},"chainType":2,"messageKeys":{}},"Bf/UhvB3GHjbzExxaN3AE5imNy2Pbv8tkLmGLn2ymChY":{"chainKey":{"counter":-1,"key":"yBo+I2uTnAGMZgsMJrdWQwuzA3KHqNiebSDTEx/CXxA="},"chainType":1,"messageKeys":{}}}}},"version":"v1"}