{"_sessions":{"BdLg6WhOmLfF4S/vCSceRrkeaBveazuvtFI0EAkEjqxm":{"registrationId":399446551,"currentRatchet":{"ephemeralKeyPair":{"pubKey":"BeXp8g6plsLrq1Y93dzc6qN2pWrmMvuOAdMerlQ+BOt8","privKey":"cG2J1VzG7bMVrF7RUh1i4F6Qmu+Csll3g/sI74O2dm8="},"lastRemoteEphemeralKey":"BdI6UpjUWNCDp918BDUcoyGVJOtjB03bFdSrfL2EV/Zq","previousCounter":0,"rootKey":"EtFQ+KtQX+oG4krPB6uJh9J75ZiQntR9o4a8FxFMGSU="},"indexInfo":{"baseKey":"BdLg6WhOmLfF4S/vCSceRrkeaBveazuvtFI0EAkEjqxm","baseKeyType":2,"closed":-1,"used":1688299571300,"created":1688299571300,"remoteIdentityKey":"BcASTvIVZjv4acD0SB1jftgb8HzZQPOD8R3JYd/FQjNG"},"_chains":{"BdI6UpjUWNCDp918BDUcoyGVJOtjB03bFdSrfL2EV/Zq":{"chainKey":{"counter":4,"key":"fkMFniTe126v+4u2xTmPof/URO35vWV9V25GUbMceO0="},"chainType":2,"messageKeys":{"0":"LdebsjrEwbSO2bE7f9aulimwEMBKWiFUewV2ndCeKJY=","1":"C0XYIbk+8tXsqKgj5azjHx6eQS5Quxkt+rDIWrc33zM="}},"BeXp8g6plsLrq1Y93dzc6qN2pWrmMvuOAdMerlQ+BOt8":{"chainKey":{"counter":-1,"key":"xcQ2U0tXj0CY7S2feXwOVgMFaRFqwrB0gc4sF/WOJ80="},"chainType":1,"messageKeys":{}}}}},"version":"v1"}