{"_sessions":{"BTXSeoY4k0KnjEi82VR4Ft6bI2Fj4CkiFDmiQF1C8MZI":{"registrationId":843943348,"currentRatchet":{"ephemeralKeyPair":{"pubKey":"BbRglCi2UeFOx+qA0BPu1tYG10MHEgFuk9g8dlwR0aNU","privKey":"qMVGWX79Alu8SVELAtVd8hMJYsuZ+095UbLgyxsq0Ws="},"lastRemoteEphemeralKey":"BUKuxs/BuJA/D+WL/Q/AZRVxly0FR1j3egD2LxQ42CEv","previousCounter":0,"rootKey":"StgDotigrqGlHsuTec44Ktz6YX1Rktv8Tw20ucCyD38="},"indexInfo":{"baseKey":"BTXSeoY4k0KnjEi82VR4Ft6bI2Fj4CkiFDmiQF1C8MZI","baseKeyType":2,"closed":-1,"used":1688299632897,"created":1688299632897,"remoteIdentityKey":"BTEHi4BbIZF8CyrfgsfLkE3FgWGJiA9wkC1ZPOq+k/ET"},"_chains":{"BUKuxs/BuJA/D+WL/Q/AZRVxly0FR1j3egD2LxQ42CEv":{"chainKey":{"counter":16,"key":"W1ChpgaFAQDvEUO1C3DNlnl/z+GhUCB+uTqbcMMLbFY="},"chainType":2,"messageKeys":{"0":"u6bGX2D8jJJ6ArXXTMgpkfuxNqDrNy/g56awNyQTT1s=","1":"4v6KxqXuO5xb7FUXjJ7zr/BiJh0KvESsgeZLr0dLEpw=","2":"Ib9jAXahGZ1zVJP1Zo1lLy+oamhHjr2q6k1bqY5m/Wk=","3":"CEsmfncnCH1AZTXCAzCsg7XwgD73ONeW0LuHM1aEYKA=","4":"4+TNU/0Y7qr6XYTM5ZhwhxVSdPYBf8SST/LyVG5AoW8=","5":"xpVtTcFefhbwa0TXDXPL7Acwq4AxBCZRH7k7kDVSNpY=","6":"eGz+ZH3F0qBNupoPPk/vjxHBF1E+6C089H39dmfCSe0=","7":"BVtO3/GI6A+ml4PH50hbVsh5MeIZ9JETXxVfW6EeWlA=","8":"NxOstKUlvuEqPtefhDQLoqAZ+LP4Gx7Gc0sz62ocPK4=","9":"67cSj/fnS9i5qDcUl4UxyKxco7Uq00GgM6FNd+YeTSs=","10":"2iT5fIaDVyHJFAyyWjc+nKog04nxe1+05UwX+VQcRqI="}},"BbRglCi2UeFOx+qA0BPu1tYG10MHEgFuk9g8dlwR0aNU":{"chainKey":{"counter":-1,"key":"zw0Rf+lOmrFk7O1idSFj7nT0ULauchTFjAKsmr3dAag="},"chainType":1,"messageKeys":{}}}}},"version":"v1"}