{"_sessions":{"Bb4ZbqapGz8pAgStPWH1U6AwO548SiTrCsAROEbK/M8R":{"registrationId":96,"currentRatchet":{"ephemeralKeyPair":{"pubKey":"BY1kkpp7UWr1So0Ix56uOsVqmVB/DaUTLdYdF2P9n61x","privKey":"yPUSgN0bb+6VQmTVa4QFYbuOa3HtKpdAMHcpapN0jXs="},"lastRemoteEphemeralKey":"BdaLehDSuTKhZCNSBq1wEQQVsJTZev16GSjL0GA74QQD","previousCounter":0,"rootKey":"94ObQKrAig2xseKR4vL88+rY0rmb3RJOAWGNAsuFSQ4="},"indexInfo":{"baseKey":"Bb4ZbqapGz8pAgStPWH1U6AwO548SiTrCsAROEbK/M8R","baseKeyType":1,"closed":-1,"used":1688331280030,"created":1688331280030,"remoteIdentityKey":"BXVSMsYCWnWym8jbAiK5OCvcl9NI7+lL03Wa4X6zLOAK"},"_chains":{"BY1kkpp7UWr1So0Ix56uOsVqmVB/DaUTLdYdF2P9n61x":{"chainKey":{"counter":1,"key":"yQrv/INgie/yW/5OfAZn/vUpRrpWgU6G7F4j/US4U8M="},"chainType":1,"messageKeys":{}}},"pendingPreKey":{"signedKeyId":1,"baseKey":"Bb4ZbqapGz8pAgStPWH1U6AwO548SiTrCsAROEbK/M8R"}}},"version":"v1"}