{"_sessions":{"BXRFUdVwMGpRcN2YQC31g+SnmBckGVxgsJr7oCBBF5xf":{"registrationId":1019461350,"currentRatchet":{"ephemeralKeyPair":{"pubKey":"BVcr/uCOXt2P1Z39rqjJyzlxxls7qxbtoQnBfJUIwSZH","privKey":"EGPINtaniXWMaXrXlfp3IHSuXNAryu6ZudwnyOum+2s="},"lastRemoteEphemeralKey":"BXToIn+BaTL5UC9iDmhcrx1LGywO/FBGbIdiaMJMAvJH","previousCounter":0,"rootKey":"WSwFqvismVSQK+HDwZX6h/qzaHsbQJ3yY0Rkca2gSvQ="},"indexInfo":{"baseKey":"BXRFUdVwMGpRcN2YQC31g+SnmBckGVxgsJr7oCBBF5xf","baseKeyType":2,"closed":1688400893432,"used":1688299576647,"created":1688299576647,"remoteIdentityKey":"BW/TDwsFWXiNy5BHgtXQo9szS6bJ9ky7W6wY/8tnAeoE"},"_chains":{"BXToIn+BaTL5UC9iDmhcrx1LGywO/FBGbIdiaMJMAvJH":{"chainKey":{"counter":40,"key":"bVnLSCcZHu0efmCYoEpnGOeUfZbggbkVOaYW5wO7udM="},"chainType":2,"messageKeys":{"0":"oPH8cH7qomoZJDtVacbija1WDPvJ6X6hjcWatPJpbYw=","1":"aixpjW3kT0EBernw02nDysz6sp1QysuiGeooJYRYsM8=","2":"MLGqNIuZJrPQP80Fg8KoxqoLDjIUxy6zcDWP2wEA1Z4=","3":"AjlWY447jQx0fxwjslvlo4CkT7UzDv+ziopUr7NLCTk=","4":"c3iq3rqMBtJFjgzs9eSVbkEgDNNdSji9Ktmoayz9Qu4=","5":"4/LxAuVKFpaNLFbCnJplEc+wTTdIf6G2EFTqdOBCgQc=","6":"658R034lAtMXEN6cGu7YIdZ3oy+y85zfSq3/DA0V6TA=","7":"dG5H5Hor1LEuODu5NzqNE0TwQKDWNazd1Wnj/KgUxko=","8":"SJ4p80k+iJs4vGdIODfne5EWgvtYzygvpswhlfY7KuQ=","9":"ghqBKmOO7DID4mDvjRwYcjMVyECZkHztJayFxhk10QU=","10":"bw2KFRlK7K1IDaAxtvecaJylEuc3Dv8Wo3alrWHaotc=","11":"ZJ4M6x5pu5EsiSOzxDbM+xjIEQ6bF9qiKOh2th7g4AQ=","12":"MplbzE77v5O3GhRLhgJSsLudbX1Np3InDNAso2/eyyM=","13":"XtDTFxBlXGuRTOri99k9JvP30KSFqoVB1ZXDLTiIpeI=","14":"HGA3ih4oGACrJd5Z8l9aXnzfgUQjttIT8tlB4LtB6zU=","15":"c1fbWnrmmuMIaogjAFUoWXMHdVBf2dFhliiEZzj5B4Y=","16":"MnK9qUPgkmYDEFe88yInclkb2kGN97zNmEV6y7Ywytk=","17":"4wmW8m0fNOh0AqU+66+WVLye9/lck9NFnrlcZC8xM7w=","18":"F1jaaWtKQ9QrSv6+dr8h1G+PE2Urt2/BnVuDZ2MLG9U=","19":"1FlFaQbPvSNrwawcrv8GU1RmI8H+XXTjqcQIbfHui08=","20":"vPrF3pCo26FWmUWQKYON0wlCcv5J05jIvfh/ojnY2lc=","21":"WhlLB/os/wb+Ok3ff8RGXW/02RHFym3dPLASDMY0PFc=","22":"vfu9JrSxZZhL1//BScuuQ3BSZoMYZmoZ3EoQDLCAYg8="}},"BVcr/uCOXt2P1Z39rqjJyzlxxls7qxbtoQnBfJUIwSZH":{"chainKey":{"counter":-1,"key":"DCjeXB14SEvs9Nu4WwTfwEgk3os14BC2RTn6l2dBOMc="},"chainType":1,"messageKeys":{}}}},"BfRK7oS/cyduTCLqoQXf+tlTgmDq/cPcMRBUPu5Mg91G":{"registrationId":1777086541,"currentRatchet":{"ephemeralKeyPair":{"pubKey":"BdyE/WQIosfJ6dvsbyiVGaCW9jUXXrm/dKHqA76gOllk","privKey":"APHtvlNedxmMf3b4ui/oHEpIGTf6JsO4UWD/aUI2cmw="},"lastRemoteEphemeralKey":"Baa0D7ojj3ma4VdtujauMRwOHaX3hu6y9oX+a8fjUV1U","previousCounter":0,"rootKey":"uBfZIy8mlCCzfQPb1AxVgvBgV6aPHdg40SlhYRCndL4="},"indexInfo":{"baseKey":"BfRK7oS/cyduTCLqoQXf+tlTgmDq/cPcMRBUPu5Mg91G","baseKeyType":2,"closed":-1,"used":1688400893476,"created":1688400893476,"remoteIdentityKey":"BXWyhaaX5h8CsbRvY75BhrlC8MYjFBfCjm5bB20RmrZM"},"_chains":{"Baa0D7ojj3ma4VdtujauMRwOHaX3hu6y9oX+a8fjUV1U":{"chainKey":{"counter":5,"key":"OOhCZ+sxj50RrNwQsq0LFZ2lVvorL0CRzW2BR15GfHY="},"chainType":2,"messageKeys":{}},"BdyE/WQIosfJ6dvsbyiVGaCW9jUXXrm/dKHqA76gOllk":{"chainKey":{"counter":-1,"key":"Ediuk0iWyr2mGCfDlqTEx7cyUmR11eILh/urRUsIerA="},"chainType":1,"messageKeys":{}}}}},"version":"v1"}