{"_sessions":{"BRPmahb6MFl3SEil9XrEjIawQyQA+hXjsazXwq5+GmQz":{"registrationId":1766863708,"currentRatchet":{"ephemeralKeyPair":{"pubKey":"BV8fGx9gLB8PqG8nv4W7Q1L9uiQna7G7ND+14qYjFrV/","privKey":"sIaE1HvOq2cKOIswBEAZUK5kSjyHXUKFTZa7wfk6cmY="},"lastRemoteEphemeralKey":"BRwaa9KFc7j2kzVxjRMBeEN77F2h0y5zrwFj96IPhgJl","previousCounter":0,"rootKey":"0pH39tYeWpUhMJ87s1/IQX22+rMmUf9hjT2VHwmawnM="},"indexInfo":{"baseKey":"BRPmahb6MFl3SEil9XrEjIawQyQA+hXjsazXwq5+GmQz","baseKeyType":2,"closed":-1,"used":1688328996656,"created":1688328996656,"remoteIdentityKey":"BXBmgkm2zdjaqZM4TETMrKPMG7O2OPjsc4UelsmDdKNH"},"_chains":{"BRwaa9KFc7j2kzVxjRMBeEN77F2h0y5zrwFj96IPhgJl":{"chainKey":{"counter":2,"key":"oBMN7Nr12Ewlm2FpEBrXVf7KT1va9lGB0bpc9qRoW4k="},"chainType":2,"messageKeys":{"0":"HY4smdyhDjYd+fmjFIYVIo8kRuzLyCVDDPkdqGDC9n0=","1":"FZQf660oIG+pj8TuomTpDlMsVs+Fce5dNZk2VLN5trQ="}},"BV8fGx9gLB8PqG8nv4W7Q1L9uiQna7G7ND+14qYjFrV/":{"chainKey":{"counter":-1,"key":"1G2zDUFkEPdt2mPYZg+CGDry3KItVsikpASb/WoS2oc="},"chainType":1,"messageKeys":{}}}}},"version":"v1"}