{"_sessions":{"BeLLJVKhrHMHxiCcG5DZjXebKjeXstODsm8nUnfm0kR/":{"registrationId":39674525,"currentRatchet":{"ephemeralKeyPair":{"pubKey":"BQ/xda6FdkispQTS8gbpFEDzb4lWxl8zvcKKr7i0AyRq","privKey":"6LBvX3J1c+2DrAz5kBSOwCTfFyHBeeJfQ/acvwZ0YFY="},"lastRemoteEphemeralKey":"BZZd5l6Dmysgv+E+AaOhO5k80AnGvfYMy0KVkEclXLYy","previousCounter":0,"rootKey":"+GSRQd9OjeEf4/cPPu3sTWQO+o8JFy5kK1skBVNOl3k="},"indexInfo":{"baseKey":"BeLLJVKhrHMHxiCcG5DZjXebKjeXstODsm8nUnfm0kR/","baseKeyType":2,"closed":-1,"used":1688299646168,"created":1688299646168,"remoteIdentityKey":"BX40EowgTw8a8/glX6VzsURUvO8N2DRie1VTI0QU6QZw"},"_chains":{"BZZd5l6Dmysgv+E+AaOhO5k80AnGvfYMy0KVkEclXLYy":{"chainKey":{"counter":1,"key":"jGIwdJjOJCKo4jNBQNFNrnQ7N6Ns2wHFm10A6riqsT4="},"chainType":2,"messageKeys":{}},"BQ/xda6FdkispQTS8gbpFEDzb4lWxl8zvcKKr7i0AyRq":{"chainKey":{"counter":-1,"key":"0RkSy34XsRVc4g6GmW3ezMrosAloK0eRNLOorVEcR6E="},"chainType":1,"messageKeys":{}}}}},"version":"v1"}