{"_sessions":{"BcA5yMz+qcBWdBv7qE6Ark0ax2UNtVPknsDYmmDGzN8l":{"registrationId":843481195,"currentRatchet":{"ephemeralKeyPair":{"pubKey":"BUcV2dFfgmsrzufPOD3n1pQv2WFCMoEkKgNsr6KXsd1G","privKey":"IMEGweZ6YPKDQNWxSl8KtkzUIGXtp/F3gcHjmKXTQlw="},"lastRemoteEphemeralKey":"BaORBG+7XlzKx0aAbIgYwSufwuPxzPO+QySGReXZtrBI","previousCounter":0,"rootKey":"azBNkS3o+YLDVqW0iCmgCU7G1F9LFCy0Gw8f5rMXb+8="},"indexInfo":{"baseKey":"BcA5yMz+qcBWdBv7qE6Ark0ax2UNtVPknsDYmmDGzN8l","baseKeyType":1,"closed":-1,"used":1688299690954,"created":1688299690954,"remoteIdentityKey":"Bc+Daj+j6mW8bnqQIOtb8Scag35AQltJK+XcfbdhjPcP"},"_chains":{"BUcV2dFfgmsrzufPOD3n1pQv2WFCMoEkKgNsr6KXsd1G":{"chainKey":{"counter":1,"key":"i0Lm1MHFaWVltf2XAyLnLgfFgUThMg/EesgbnFDgiAs="},"chainType":1,"messageKeys":{}}},"pendingPreKey":{"signedKeyId":4,"baseKey":"BcA5yMz+qcBWdBv7qE6Ark0ax2UNtVPknsDYmmDGzN8l"}}},"version":"v1"}