{"_sessions":{"BdmKKu924O/FES1+PJSdBzgg/aVrAZFkF9tkBGvy5fdj":{"registrationId":1979524532,"currentRatchet":{"ephemeralKeyPair":{"pubKey":"BXolL08yrR9cDv9YDrP9BS65UI0zLL+Rv/TVeXGN0qoj","privKey":"KJa5tlDReCAohNIaLKThRW+luqBSFyfpoCRs1EzkjlY="},"lastRemoteEphemeralKey":"Bfc6QQ28BpiIctem1UnTRFx/9wK7eZ0SJqBmjtP9ZQRe","previousCounter":0,"rootKey":"C4T5cyWyQ2VZNLm7MniLhL96Q20922ajy+A/whuGbpI="},"indexInfo":{"baseKey":"BdmKKu924O/FES1+PJSdBzgg/aVrAZFkF9tkBGvy5fdj","baseKeyType":2,"closed":-1,"used":1688415898227,"created":1688415898227,"remoteIdentityKey":"BXyngckbAgfpvN8lS50eFhML33fFyFLrpJ9zfZ/D6RoB"},"_chains":{"Bfc6QQ28BpiIctem1UnTRFx/9wK7eZ0SJqBmjtP9ZQRe":{"chainKey":{"counter":0,"key":"m9ZpaAgxNx1kJ8sPxEve23tgwBsjb4woFGcNfO5VOsY="},"chainType":2,"messageKeys":{}},"BXolL08yrR9cDv9YDrP9BS65UI0zLL+Rv/TVeXGN0qoj":{"chainKey":{"counter":-1,"key":"HER4Xc5pdvzwzFU1kGOCe3+jRl9Oqh1UfNSRn5Z/ccY="},"chainType":1,"messageKeys":{}}}}},"version":"v1"}