{"_sessions":{"BfF9pZKM7Gi64UEp0hlkKX81TsHibwUZDHRbNK5qtOQO":{"registrationId":1717812919,"currentRatchet":{"ephemeralKeyPair":{"pubKey":"BWFwut1djokkFNDyMJLPRS+uujeqtqKuqmtlQtBjMoRh","privKey":"uE4vrZ8dYgAgNuAk2ud86qAPnvXH7vPbh9+1BCtyin4="},"lastRemoteEphemeralKey":"BUUNRL1gHn5t49bac5FpIhIbRjc0CCKWeAdCQLBSQoo+","previousCounter":0,"rootKey":"Xbev4kqzgoQMt9uQNKWtolG4gE01R4Y6tnrP3ZHpIXw="},"indexInfo":{"baseKey":"BfF9pZKM7Gi64UEp0hlkKX81TsHibwUZDHRbNK5qtOQO","baseKeyType":2,"closed":-1,"used":1688299641312,"created":1688299641312,"remoteIdentityKey":"BdqMsddrgHduxrvYkXJmFj/TpRm48pd/A+ckwenhNS09"},"_chains":{"BUUNRL1gHn5t49bac5FpIhIbRjc0CCKWeAdCQLBSQoo+":{"chainKey":{"counter":4,"key":"exGj6tiyegjydFq3aqZnFNgIpTR18lGXqi5IHk/tCoY="},"chainType":2,"messageKeys":{"0":"RmQ7sTo/3FqW6m2tCo7sGtO2JPWcViuBq75G5uUFPfE=","1":"r20zqnCjJiPRMlzZFIYDDrpx8rm3GTVrbV1j1ZE0bx0=","2":"RbvU4dcnoO05Q/6f9QPzNfIk6/1+PnQun6pylQTgygY=","3":"Az11DLOB0kPXa0W9HsYrhue/l03Bdws8JhTI3+axxyQ="}},"BWFwut1djokkFNDyMJLPRS+uujeqtqKuqmtlQtBjMoRh":{"chainKey":{"counter":-1,"key":"9GsAjSPFeDSimcofd46EyMQ53D40dKKDoJrH3p+qD6s="},"chainType":1,"messageKeys":{}}}}},"version":"v1"}