{"_sessions":{"BescG8rImFNIhg9pHOz31iLQcGeOmmTl1aQfXimbVush":{"registrationId":944140549,"currentRatchet":{"ephemeralKeyPair":{"pubKey":"BYUIj2TwC+5TjaBuKV9IR7H6UZfaEw1nt2UoSic8Tu1m","privKey":"mA/TrD6eHI5GmdRSGOLW1WR5KxAs1s0nQPvwEYGDvHI="},"lastRemoteEphemeralKey":"BUBPPgnqdJ3iedqNkrL0O97LtsSd3QZKBlSL1ubF2as0","previousCounter":0,"rootKey":"OlggTnpBCd4Sd/6KgUORisi4u7yZnKvWt8oR7SDu6MU="},"indexInfo":{"baseKey":"BescG8rImFNIhg9pHOz31iLQcGeOmmTl1aQfXimbVush","baseKeyType":2,"closed":-1,"used":1688299567845,"created":1688299567845,"remoteIdentityKey":"BcCfmrPMLflHxZ1X6QrziCi0K/rQVxtECMiZJbGWPcVN"},"_chains":{"BUBPPgnqdJ3iedqNkrL0O97LtsSd3QZKBlSL1ubF2as0":{"chainKey":{"counter":9,"key":"hrjZJvx3UBXIc5EjFBXafmZPmIv5hVyGi+AxwRyeDOU="},"chainType":2,"messageKeys":{"0":"H/WT+O21sUUKuU7NdWbGItk8d2OB8yk9stVOz46erZU=","1":"BwSoi7tawO02GPCeXW8ZaFjK8zOEVDLIHaa0LFfI/uY=","2":"nGYSsmi5faJoi1wY6W7zBHgWjuLQ9xKCpEq8zQ/R5WY=","3":"9Klb6r/TPWtmha9vCdmg95Hw8H6yBEVFbl0rUwVtMxw="}},"BYUIj2TwC+5TjaBuKV9IR7H6UZfaEw1nt2UoSic8Tu1m":{"chainKey":{"counter":-1,"key":"K5o6jwYTRgq4rXQ9SuG7PBxBzJPXZB4Nzv5beYvtuf0="},"chainType":1,"messageKeys":{}}}}},"version":"v1"}