{"_sessions":{"BUmq9OqaEcWqexnJuI0Pd9VB2oY3fTQzSpEVvFaWYKJ5":{"registrationId":230764801,"currentRatchet":{"ephemeralKeyPair":{"pubKey":"Bb0M7YIQwLnE3q840y/XCHA1BCNf1AI145/pjxleUmF5","privKey":"WG1cY2p/hs07zDcp5GZuFOt2/Fs/r2UwCksjWk96iFU="},"lastRemoteEphemeralKey":"BSLAiG4vgwixle3lJOvziT8tRGzXUuFmbbwjA58NjnI5","previousCounter":0,"rootKey":"rfZqQlvh1V6UhaRd/oDvluPEz1Jfwzzj3ea0dDdory0="},"indexInfo":{"baseKey":"BUmq9OqaEcWqexnJuI0Pd9VB2oY3fTQzSpEVvFaWYKJ5","baseKeyType":2,"closed":-1,"used":1688345449472,"created":1688345449472,"remoteIdentityKey":"BYjUAGb5DXB7SPPY9dWI4Afs+I8arkCchkap0ooXE+sd"},"_chains":{"BSLAiG4vgwixle3lJOvziT8tRGzXUuFmbbwjA58NjnI5":{"chainKey":{"counter":0,"key":"tLcDUIxo1wJ4UNoiwEIctlOxlwz6uepaSFRmgO8On2Y="},"chainType":2,"messageKeys":{}},"Bb0M7YIQwLnE3q840y/XCHA1BCNf1AI145/pjxleUmF5":{"chainKey":{"counter":-1,"key":"50/PdOg6/pXJ6L4wUzRAormYPwGNWlfiV+oH7taUvb8="},"chainType":1,"messageKeys":{}}}}},"version":"v1"}