{"_sessions":{"BXfPhF3HA3C3X48K/8znYRZ1710YXyx7rbK81Uw1GJFd":{"registrationId":310380580,"currentRatchet":{"ephemeralKeyPair":{"pubKey":"BYd2aiH8o9ezpNhcm4gYgXqS86kTf4imiCNc3lxPz9Iy","privKey":"GKDDufwnOo9WhdHc7S2zVQ8CxlUsh18JNa+uChE+lnI="},"lastRemoteEphemeralKey":"BYAxKFMxS60OMfrA0bntXAP4eizorwloc4CIUAO/QfpM","previousCounter":0,"rootKey":"0nozllAezVEG/2Sc+0SHbtTO8q3zNerThDNPCwk0QgY="},"indexInfo":{"baseKey":"BXfPhF3HA3C3X48K/8znYRZ1710YXyx7rbK81Uw1GJFd","baseKeyType":2,"closed":-1,"used":1688328972733,"created":1688328972733,"remoteIdentityKey":"BQANiGdhhfEd9FBthoaIOKbNvk75dzajQJiyibSfm6NE"},"_chains":{"BYAxKFMxS60OMfrA0bntXAP4eizorwloc4CIUAO/QfpM":{"chainKey":{"counter":3,"key":"cAY3MbBuW5TZgNUd26WikAPdZh+inCUwwhB6UMB0rL8="},"chainType":2,"messageKeys":{"0":"1xPMofSAsRxcYsGRyAx7wg3aAtv/7Pnwdbxw9G+GSJg=","1":"pW7+oAtKCL0Fl50ZFOoOtXmZxiJMI6jXhVZ+bOy25rQ="}},"BYd2aiH8o9ezpNhcm4gYgXqS86kTf4imiCNc3lxPz9Iy":{"chainKey":{"counter":-1,"key":"k1B00mfwMXFF61f8Q6ZduAMgayggoroQHF3nW9v1Cu0="},"chainType":1,"messageKeys":{}}}}},"version":"v1"}