{"_sessions":{"BYQJdHot+EWiv9xacbKKpMvJyeFVEcWvxo9fnJVbeexR":{"registrationId":756398618,"currentRatchet":{"ephemeralKeyPair":{"pubKey":"Bc3qRtdlQC46F6TBlOTchsHQMhlxH6HgP8j2N9TyMyFU","privKey":"qKpC4qLUvXTFB1WKFBz2U1QobDRt7XKmMv9yIWDSh2M="},"lastRemoteEphemeralKey":"BVp0KcHTtbNGIMXlMPUQmIzacsbITqHsg6xyI+UxZvoN","previousCounter":0,"rootKey":"OnlSWnO8tPZ2Q0aDAxOD2OLW6/TBOicRXb7OjTYx7Ec="},"indexInfo":{"baseKey":"BYQJdHot+EWiv9xacbKKpMvJyeFVEcWvxo9fnJVbeexR","baseKeyType":2,"closed":1688299634038,"used":1688299634000,"created":1688299634000,"remoteIdentityKey":"BeRQNHA8bO3nn5wUKUWKjhBsJ4mn751EkDnZ86f3I51B"},"_chains":{"BVp0KcHTtbNGIMXlMPUQmIzacsbITqHsg6xyI+UxZvoN":{"chainKey":{"counter":0,"key":"6TrjkN3MG4zNV3coU0Gmz00/51qwtakux+rmLZo+XNE="},"chainType":2,"messageKeys":{}},"Bc3qRtdlQC46F6TBlOTchsHQMhlxH6HgP8j2N9TyMyFU":{"chainKey":{"counter":-1,"key":"HgqNZBfpVHo0Y2ORe5k3G0WASRyhv2Pw1Jt0aP3m/FE="},"chainType":1,"messageKeys":{}}}},"BRZgYw7TuT7WRf6OdV+jggiDTdn3/gZa+NbJJctvozZw":{"registrationId":756398618,"currentRatchet":{"ephemeralKeyPair":{"pubKey":"BRBCE4FYE37sHY/4JJgHdMzky+eqKOSuArpxC+W1oT4i","privKey":"MCGSzqmv7hG9GddrBf4Zc1m5j3zku4pTq5rDt4fb63c="},"lastRemoteEphemeralKey":"BXzHJnELL4YhbrPDLZiGJnEGL0C/V7/Yl3tAHoCTkY0N","previousCounter":0,"rootKey":"P3se1pSiaeGdzYrtNUNrvE2BGAI7Bdj0fNCU6mysDzQ="},"indexInfo":{"baseKey":"BRZgYw7TuT7WRf6OdV+jggiDTdn3/gZa+NbJJctvozZw","baseKeyType":2,"closed":1688299634374,"used":1688299634047,"created":1688299634047,"remoteIdentityKey":"BeRQNHA8bO3nn5wUKUWKjhBsJ4mn751EkDnZ86f3I51B"},"_chains":{"BXzHJnELL4YhbrPDLZiGJnEGL0C/V7/Yl3tAHoCTkY0N":{"chainKey":{"counter":1,"key":"IQKOW6Stn5JmViv0OtQhgBTS3oTQTh7xPfLjGDu2S74="},"chainType":2,"messageKeys":{}},"BRBCE4FYE37sHY/4JJgHdMzky+eqKOSuArpxC+W1oT4i":{"chainKey":{"counter":-1,"key":"ulC1n1cVM4NFTj6AXEk0D6X8E4ox8nsay/hu78U8DHU="},"chainType":1,"messageKeys":{}}}},"BWzqte/GEZ5NeoZaGqv3MCGK+5302itgiu2QbspkbyA2":{"registrationId":1051508780,"currentRatchet":{"ephemeralKeyPair":{"pubKey":"BbYnfyme4ABfIgmz7k42ESvWZwEPQ5QMub0VXK8XgVMe","privKey":"mExPBvMphi8adj4ZPmzuUPOSw1IwDYY93x49KNHHtlo="},"lastRemoteEphemeralKey":"Ba8Ty5Zbc7C85g0NJFjz9lbKawcvA8EikO8r/dkaNiQ2","previousCounter":0,"rootKey":"Vk/j0ZyIR8xQp6A+fEJ43td/XIw2GBHpCkg9wlWH57M="},"indexInfo":{"baseKey":"BWzqte/GEZ5NeoZaGqv3MCGK+5302itgiu2QbspkbyA2","baseKeyType":2,"closed":1688299637449,"used":1688299634385,"created":1688299634385,"remoteIdentityKey":"BSMkFocsThUspMlEvobiw8pV+Ma+ASKezewA3XEhTx04"},"_chains":{"Ba8Ty5Zbc7C85g0NJFjz9lbKawcvA8EikO8r/dkaNiQ2":{"chainKey":{"counter":1,"key":"aEF9AxaxWia4E+9v2B90QdRhZQBVu5Q/nWYGzvWHbDg="},"chainType":2,"messageKeys":{}},"BbYnfyme4ABfIgmz7k42ESvWZwEPQ5QMub0VXK8XgVMe":{"chainKey":{"counter":-1,"key":"6tWjxNSyZFIzy/LgLS0PBcU+rgzQEPzadeoY/vmKCXo="},"chainType":1,"messageKeys":{}}}},"BYDIqc37NOWOS8i9cghH7DZOwzWG9HePVLQFvh+w3mIj":{"registrationId":756398618,"currentRatchet":{"ephemeralKeyPair":{"pubKey":"BXy8XM4nkgMhXF1UZTYdfSd2AtBgtmBd9shmsLzIf6kQ","privKey":"eIvpyDj9StDcai7BfTqAEXsKeVQ/K0anOR4Xli6NZlY="},"lastRemoteEphemeralKey":"BctfYohMLvnfUBONpwkOzwcPs1rUjJCzU+Pcb0Bi5b4x","previousCounter":0,"rootKey":"WrNExiNfR0rYikM7z414GmBefuOzu7J7d7kvjASXffw="},"indexInfo":{"baseKey":"BYDIqc37NOWOS8i9cghH7DZOwzWG9HePVLQFvh+w3mIj","baseKeyType":2,"closed":1688299645950,"used":1688299637461,"created":1688299637461,"remoteIdentityKey":"BeRQNHA8bO3nn5wUKUWKjhBsJ4mn751EkDnZ86f3I51B"},"_chains":{"BctfYohMLvnfUBONpwkOzwcPs1rUjJCzU+Pcb0Bi5b4x":{"chainKey":{"counter":1,"key":"1COr4obXlTKM4/4lQlFAt/EVnRKLvVJdiR7UTxzwKoA="},"chainType":2,"messageKeys":{}},"BXy8XM4nkgMhXF1UZTYdfSd2AtBgtmBd9shmsLzIf6kQ":{"chainKey":{"counter":-1,"key":"j+CFK5zDW7gofK5Ib7RC7P9C4HnYrLCTx8VLIL4o/W8="},"chainType":1,"messageKeys":{}}}},"BZXrsNYjuz9BaKqqbbiO5etnPZ8YkJHk/etjWiLmyTVu":{"registrationId":873554614,"currentRatchet":{"ephemeralKeyPair":{"pubKey":"BSqRS/TbpNYXE1dB3jXKmwiHDoCuC8rIrm5VCgZtmcdv","privKey":"mHLOP7cyljo4DrU0/ZgkOXU31um2gOJkXY3UBKHAC0E="},"lastRemoteEphemeralKey":"BSIfNOFbjm9qy1/zNL+mmzPkkxuQ2gecPQaWrSQxBmpB","previousCounter":0,"rootKey":"r1gveOUl7dLehz1L/zz/7zgztRGx/RKdU7y+I0GOAaw="},"indexInfo":{"baseKey":"BZXrsNYjuz9BaKqqbbiO5etnPZ8YkJHk/etjWiLmyTVu","baseKeyType":2,"closed":-1,"used":1688299645959,"created":1688299645959,"remoteIdentityKey":"BbM25yCBIz66HeGWXbi2jSVgSOgpCyjaq5P0upxTiaJ1"},"_chains":{"BSIfNOFbjm9qy1/zNL+mmzPkkxuQ2gecPQaWrSQxBmpB":{"chainKey":{"counter":2,"key":"e0WqPVOj5W3LAiikKRXvbcztNcE/5Uu2MIyM1JmXkaI="},"chainType":2,"messageKeys":{}},"BSqRS/TbpNYXE1dB3jXKmwiHDoCuC8rIrm5VCgZtmcdv":{"chainKey":{"counter":-1,"key":"hcJUqqCYmY0e8d5eJ4wc2HufE804doz6go3/yboJ2NQ="},"chainType":1,"messageKeys":{}}}}},"version":"v1"}