{"_sessions":{"BdyaHM7EG/AN5AK7pKJluyQjmmji6lqOBfHQqrhXfHFF":{"registrationId":318068679,"currentRatchet":{"ephemeralKeyPair":{"pubKey":"BRU7o0bR+TBL5zNlQUcDdS6Lu36UvjbBtterfrOt0vgq","privKey":"OAfs/tCpj87JLjpdAGqqqZQBqipibKS4XUsRzsqgrFg="},"lastRemoteEphemeralKey":"BY9Qxggjp/wrW1d5gSGPW87axL45BWeZhJm7X6f/p45G","previousCounter":0,"rootKey":"7TdDJgCxaIShd5r+CVdYi/pNPDJnOFYXVe1F24Bm32U="},"indexInfo":{"baseKey":"BdyaHM7EG/AN5AK7pKJluyQjmmji6lqOBfHQqrhXfHFF","baseKeyType":2,"closed":-1,"used":1688415898823,"created":1688415898823,"remoteIdentityKey":"Be11x/Qk0Hjy4VifCBwJ2wLN3xYhddP9/yECpP8vSPBT"},"_chains":{"BY9Qxggjp/wrW1d5gSGPW87axL45BWeZhJm7X6f/p45G":{"chainKey":{"counter":2,"key":"JwyfrNv3RMhxqUkefs0gv7MjRqLRo/E8rw83TV75L0A="},"chainType":2,"messageKeys":{}},"BRU7o0bR+TBL5zNlQUcDdS6Lu36UvjbBtterfrOt0vgq":{"chainKey":{"counter":-1,"key":"pc8/jNTbqfaqbzD1FSAbkcsrm0YTOcdTdVxQDI6wXB0="},"chainType":1,"messageKeys":{}}}}},"version":"v1"}