{"_sessions":{"BVlXZLOD5ijaGZtB88cpnP1V+6dGwOpEXknCbHdXmbsi":{"registrationId":681424391,"currentRatchet":{"ephemeralKeyPair":{"pubKey":"BbF6ALt02VP4DUJZ7bQlZolwC9dEWi2z8E1i8Une7Qh1","privKey":"IM61K1wpJ5vcMTCdx9DwPyp3VyWeihvIszUkKuv/4Fg="},"lastRemoteEphemeralKey":"BUy4zX4y985uJKf/34s0hI9gUjYBqUKyHey/HKkBAe4r","previousCounter":0,"rootKey":"FdJettWdrTptVltmgidn/otKtAStiIiM0jP5k2Kft24="},"indexInfo":{"baseKey":"BVlXZLOD5ijaGZtB88cpnP1V+6dGwOpEXknCbHdXmbsi","baseKeyType":2,"closed":1688312367798,"used":1688299571541,"created":1688299571541,"remoteIdentityKey":"BXhD3FMYZNp7CLyE6I1VYs4CbOquVM7dO4lEGDtW3h9r"},"_chains":{"BUy4zX4y985uJKf/34s0hI9gUjYBqUKyHey/HKkBAe4r":{"chainKey":{"counter":7,"key":"Qh+K3ATM87QEJeEFvBnVITD1m0azNPRgSJp3J5waAK0="},"chainType":2,"messageKeys":{"0":"FQEXGtwe1CeuBFBADi4x4vIvOM+U7iyDjA6IuxmHALw=","1":"PBreVf4lqmtYWfRTIjV1WNc0uEFqTahN6Zf3UDIhGLQ="}},"BbF6ALt02VP4DUJZ7bQlZolwC9dEWi2z8E1i8Une7Qh1":{"chainKey":{"counter":-1,"key":"uA3OHfy2wAoCNK2lrQR+dQ/6JCLuZuwssoBBUMuGXcg="},"chainType":1,"messageKeys":{}}}},"Bfpxrn5XS1/POovYP4BD08cPGOcMF5eB+hb3q3skxhV+":{"registrationId":884377878,"currentRatchet":{"ephemeralKeyPair":{"pubKey":"Bc4n4d+ryjT3KzvPxFQWsDllQtsnTmd/XlbUOopoG7Ub","privKey":"gG2NmX3CgZbkX1/VfFSQA5RJadCr4hWQ9jNog2xaBno="},"lastRemoteEphemeralKey":"BfBIvlt17UvPMk3tL3rDE2Q36BDDLWwxRokMGErQkPFl","previousCounter":0,"rootKey":"oFg+MGGXTVdr7L26I4JFwmzIKe/52MiQtMQuA6jNCYo="},"indexInfo":{"baseKey":"Bfpxrn5XS1/POovYP4BD08cPGOcMF5eB+hb3q3skxhV+","baseKeyType":2,"closed":-1,"used":1688312367815,"created":1688312367815,"remoteIdentityKey":"BSw0bMKJ/sTPCLZgf0j4r6/s43o4FjXlwZiKp+91WxR8"},"_chains":{"BfBIvlt17UvPMk3tL3rDE2Q36BDDLWwxRokMGErQkPFl":{"chainKey":{"counter":3,"key":"8d5lCyQFScvthcLaOXBolNRUJ5uuI1JycWLYLBzym/w="},"chainType":2,"messageKeys":{}},"Bc4n4d+ryjT3KzvPxFQWsDllQtsnTmd/XlbUOopoG7Ub":{"chainKey":{"counter":-1,"key":"qEOR2kJ50E8/x7UmCs+Wuq9QUtxTwjZnC5dEtZxorgI="},"chainType":1,"messageKeys":{}}}}},"version":"v1"}