{"_sessions":{"BYRJDwb9Smrxtq0IHa9pbQPnbkfBxQJa7pCs4G3oEQRr":{"registrationId":1806703638,"currentRatchet":{"ephemeralKeyPair":{"pubKey":"BZsnELWu8+nLkPhkFOBf4qTUDvvSGYlcgUjbhxZeKnVb","privKey":"iAS4/Jr9nNAax+8n6OPuLAtorRI9WBJ7cH0hb9hHGX0="},"lastRemoteEphemeralKey":"BQwkFetvTMRp1JwUDlPjSH4WsKrkh4NLRdCgDOnTGsZR","previousCounter":0,"rootKey":"2h57Gf+lmTvmWv+ltAhdlh06Ar5oNNwr5w3U2glwGRc="},"indexInfo":{"baseKey":"BYRJDwb9Smrxtq0IHa9pbQPnbkfBxQJa7pCs4G3oEQRr","baseKeyType":2,"closed":-1,"used":1688409253740,"created":1688409253740,"remoteIdentityKey":"BYw5T3TtquastLT5EbU1Q2zfSJjjbcCwh4wPy+SRoHdL"},"_chains":{"BQwkFetvTMRp1JwUDlPjSH4WsKrkh4NLRdCgDOnTGsZR":{"chainKey":{"counter":0,"key":"451x9FlafgaqvAq8NV4i907MGrxZMm4NKetstfLT7Ks="},"chainType":2,"messageKeys":{}},"BZsnELWu8+nLkPhkFOBf4qTUDvvSGYlcgUjbhxZeKnVb":{"chainKey":{"counter":-1,"key":"au5nFSoHkqRlsvOia4m5bd58P/nuHWh7bO5jYuo3XFg="},"chainType":1,"messageKeys":{}}}}},"version":"v1"}