{"_sessions":{"BY7sd8KFNN141ne/QXj3KxiN/LZk3EN5wShPvaxJdih8":{"registrationId":316529105,"currentRatchet":{"ephemeralKeyPair":{"pubKey":"BSFnM8tQs+6SCMXlrl9PNNLbnUqI3eqAEhzZFqqZPRJf","privKey":"IKEOv6NVFtTA47i5RFC5J7IGP7OXl70vPM59IVKBvVw="},"lastRemoteEphemeralKey":"BY8Zo+gHBQD/g7AAPmo+RuCN7iVTcB5DM1B3KB8CwUlE","previousCounter":0,"rootKey":"j5TfSC7xcnkKJlAF+Mgdh7UzM7Rm0zjruRFu3PPiSUg="},"indexInfo":{"baseKey":"BY7sd8KFNN141ne/QXj3KxiN/LZk3EN5wShPvaxJdih8","baseKeyType":2,"closed":1688399308661,"used":1688399297959,"created":1688399297959,"remoteIdentityKey":"BSNuYOd2dSvQXhUEJ1MYmLAJ9oK1cLZoH74KrhdqEq5H"},"_chains":{"BY8Zo+gHBQD/g7AAPmo+RuCN7iVTcB5DM1B3KB8CwUlE":{"chainKey":{"counter":5,"key":"Zh81JTA7WGAY7P3fM9dnPZaLmG+dkvyTm3B8/Mgu9BE="},"chainType":2,"messageKeys":{}},"BSFnM8tQs+6SCMXlrl9PNNLbnUqI3eqAEhzZFqqZPRJf":{"chainKey":{"counter":-1,"key":"IEPbmM9yinXnNdrAiEEi3sm7fzv8k19/e195baErWcE="},"chainType":1,"messageKeys":{}}}},"BeS8UjEXt8iGtjZQbF4pD+AmPcr5+7bwUe744nyvmLRe":{"registrationId":316529105,"currentRatchet":{"ephemeralKeyPair":{"pubKey":"BRQ/GCNx3hfL9XSW8TCaW2BBEQtwXi3dUGjMZUFOTSxM","privKey":"yBdBEMZRA/+BDEnrt8Fe5P0ShMLTP1J4y/VMH/06bW4="},"lastRemoteEphemeralKey":"BfJFpDHu7+IJz2A6FP5wHfvwkPbiLfU4Cs615EfSW8l7","previousCounter":0,"rootKey":"zu3g3VSSdDwYXvHMh0yUPCUrVfhRfBRqfA+xO1WdkTA="},"indexInfo":{"baseKey":"BeS8UjEXt8iGtjZQbF4pD+AmPcr5+7bwUe744nyvmLRe","baseKeyType":2,"closed":-1,"used":1688399308676,"created":1688399308676,"remoteIdentityKey":"BSNuYOd2dSvQXhUEJ1MYmLAJ9oK1cLZoH74KrhdqEq5H"},"_chains":{"BfJFpDHu7+IJz2A6FP5wHfvwkPbiLfU4Cs615EfSW8l7":{"chainKey":{"counter":2,"key":"Om/DCSQ+2+8aDzh9C5LzkoTqc02HCNEehYShi5usxXg="},"chainType":2,"messageKeys":{}},"BRQ/GCNx3hfL9XSW8TCaW2BBEQtwXi3dUGjMZUFOTSxM":{"chainKey":{"counter":-1,"key":"nV9nIWGO4udQ8t9l6UVu+WViPKD2gd8DUgelsjNz3KE="},"chainType":1,"messageKeys":{}}}}},"version":"v1"}