{"_sessions":{"BdOL7bTvLVf5wwDttY03UjcfT8Y2Ak4r/UcAF7cL/R0O":{"registrationId":165112193,"currentRatchet":{"ephemeralKeyPair":{"pubKey":"BRMXLEnOHfG/zhwooDxsSVctvVF+hDAwiFoUtIydQOoe","privKey":"KIJGa5AucgxczT6qT3QG3l70VPxYEeRZFr5hBNkWPX8="},"lastRemoteEphemeralKey":"BYkoeUb2yqG4luK91JCLvC5cTkZg8K7+2qvRnhkLDZxx","previousCounter":0,"rootKey":"e/iadsZfBWTSwRHVoYPonx/R+ITwA7JES/IU+8ea0Fk="},"indexInfo":{"baseKey":"BdOL7bTvLVf5wwDttY03UjcfT8Y2Ak4r/UcAF7cL/R0O","baseKeyType":2,"closed":-1,"used":1688312363614,"created":1688312363614,"remoteIdentityKey":"BaQT2prj2/ZRKBGxARWuWX3Hbap9iqsFecIEUTe5Eoxq"},"_chains":{"BYkoeUb2yqG4luK91JCLvC5cTkZg8K7+2qvRnhkLDZxx":{"chainKey":{"counter":1,"key":"Sytit4ZTaKIhjz2N8uAXXe8LN2Z/ESZRt7uVhGlx6gM="},"chainType":2,"messageKeys":{"0":"/gkJSYaYa0tXOL2J0dwHLHTBxlOXOllBMrhs6Vl8I/Y="}},"BRMXLEnOHfG/zhwooDxsSVctvVF+hDAwiFoUtIydQOoe":{"chainKey":{"counter":-1,"key":"37xTUFf4ygTHGpHXRT1WhEfjRMqWoQt0+8QZhA+fJ/o="},"chainType":1,"messageKeys":{}}}}},"version":"v1"}