{"_sessions":{"BUtIWZs1rNFrfElqdeQnJy8QuOFYW3s3Lwq71qA4bu9R":{"registrationId":1809629115,"currentRatchet":{"ephemeralKeyPair":{"pubKey":"BctxgxeTnF9zohSiBgYn1PWqPjOgk/ZX6AI5166jOmQX","privKey":"uNctd5keaLSIxRRUuuIAjcQcAtl02cWqIn6uTH8EgGc="},"lastRemoteEphemeralKey":"BbmsoSv+4gRNmw6SRkrKrNq2P1/s394R3rpbTVhPfhdQ","previousCounter":0,"rootKey":"Jv8UgXj+eA17KHv5vilV7ogJIs7yhUdLHBmAIN9w/P0="},"indexInfo":{"baseKey":"BUtIWZs1rNFrfElqdeQnJy8QuOFYW3s3Lwq71qA4bu9R","baseKeyType":2,"closed":-1,"used":1688345440522,"created":1688345440522,"remoteIdentityKey":"BVaUhob67QbPFvsE55YfSIr7bexn2kEFbPFf8Ca6y19I"},"_chains":{"BbmsoSv+4gRNmw6SRkrKrNq2P1/s394R3rpbTVhPfhdQ":{"chainKey":{"counter":1,"key":"KqbZAIXyxkMFUQ3LJ0z5ZNn7+Menj2Wd6iW+SqfzwV0="},"chainType":2,"messageKeys":{"0":"X93JRoaBi5LQqF7xu0Sj5ya67kdTZozmDUV2sWoY3u4="}},"BctxgxeTnF9zohSiBgYn1PWqPjOgk/ZX6AI5166jOmQX":{"chainKey":{"counter":-1,"key":"R5Yx0jUYtL0HMOJOy7htUrAr0B0+7M+CDuFc+P1oYPk="},"chainType":1,"messageKeys":{}}}}},"version":"v1"}