{"_sessions":{"Be62klh6XxOinWJDJuoFb1Pdl/VrqVo9GtcotwOld7Jf":{"registrationId":212504156,"currentRatchet":{"ephemeralKeyPair":{"pubKey":"BT2pH3EVqtuf9Kxh4mbDgZWMKUPk/2DofQ98wLeFFttw","privKey":"oJ0muFD3h3mYerDnX+DnkuyeKSKK2E1yIV3fdtQ+GUM="},"lastRemoteEphemeralKey":"BWT0XOQxgFa2N5zpyt0kwHyhnB1/2X0NbXoHw9A3/BcU","previousCounter":0,"rootKey":"hhDDKsljA0Azeeh+0UAI8hwA7Cyn1i3KLsJlTTbmVZ4="},"indexInfo":{"baseKey":"Be62klh6XxOinWJDJuoFb1Pdl/VrqVo9GtcotwOld7Jf","baseKeyType":2,"closed":-1,"used":1688399295148,"created":1688399295148,"remoteIdentityKey":"BRCAWUm02NaCgZ/zga/Wq3fgFv+v7a9DGVRdcJ2ycn5V"},"_chains":{"BWT0XOQxgFa2N5zpyt0kwHyhnB1/2X0NbXoHw9A3/BcU":{"chainKey":{"counter":3,"key":"k8TCQUeqnq/olCZB8GvcGNme9rKe1xDbRCX0HhtKU3Q="},"chainType":2,"messageKeys":{"0":"eNmwzRjLgUunBemcC0n2gdj161iAPdr/T0mTu2bgY0g=","1":"ybJvhyRgJVRsbAb/s4lkLvLFjUe61O7zx4xL39hQrZ8=","2":"EkJNAhitpXYD2ZHBe+Yf1iMYdkmrIBSAM/hdEHws2Kc="}},"BT2pH3EVqtuf9Kxh4mbDgZWMKUPk/2DofQ98wLeFFttw":{"chainKey":{"counter":-1,"key":"FkEmldunde+9F1uFkDFSdApfxNfE8Nq2tl7xYtRAnyc="},"chainType":1,"messageKeys":{}}}}},"version":"v1"}