{"_sessions":{"Be/bb4WrRClgb2ezJR1YF0JNMM9U1eYJ6JFPSR59MLwU":{"registrationId":1442298946,"currentRatchet":{"ephemeralKeyPair":{"pubKey":"BZWsTGl/0kQVZyxmz+8xvDVYt+e0TxQxQiJAxG7GOcJ8","privKey":"eAx4l0VQ3ZefnzLQq0rtZzybHSo+Mj3+Ru4w5/CnGmI="},"lastRemoteEphemeralKey":"BRArUHOUiJwLJuHTlUGzc9MhMPonuzTWtbPpfvk/06MC","previousCounter":0,"rootKey":"KgSLu7BTpC6EvTPI/EfHUZXiKO2WflsphORBfub3oX0="},"indexInfo":{"baseKey":"Be/bb4WrRClgb2ezJR1YF0JNMM9U1eYJ6JFPSR59MLwU","baseKeyType":2,"closed":-1,"used":1688345450047,"created":1688345450047,"remoteIdentityKey":"BbU7nD+Tn9cORdKsRiHGgKF2T1xhXSWtmJJLigFiIXUk"},"_chains":{"BRArUHOUiJwLJuHTlUGzc9MhMPonuzTWtbPpfvk/06MC":{"chainKey":{"counter":11,"key":"t0DqEYRZunQjemjvTyBzLlNfw1jGT2F6wZr5opTC0So="},"chainType":2,"messageKeys":{"0":"fwH668ahG7wP5ev39+dEyc0lhN9f9CQcYNCM6nDwSZU=","1":"7Imu2EPlj6K136Rpv5oWNh0i2HDiGUMZw60cQVCuKCQ=","2":"3os0OXG+7KTMlzcSLSJkBi+UbmHlorUh8rO+dfY3WDo=","3":"kVA0Hv5yjLtPIE779eXLXHl+8qgVRUD6OOKj6XFePzA=","4":"J5q0V2HNzBhhjzwz99vT3RFISJRSOPQ+k9TTYN36ijA=","5":"c+4+OWrIsIlK49IVdzEzesGsB7AyGbfjE9HHj4IvqgA=","6":"T4MC6lNQJd4FFTucoSNcBTMF18bZeMRy7NDAnsed6cw=","7":"+/JmtCgYsThMbKtx4bCiH8KAVYjvCcQGq5h4xEJ2a/M=","8":"cy30VSzaIqWg9Pn/CfDiv9g7CJBvyiyBf3HkasUv0sg=","9":"fnqbELY+MYXPPJ92n0JxYIX/2uTZCWPPJtC8nPYBEAU="}},"BZWsTGl/0kQVZyxmz+8xvDVYt+e0TxQxQiJAxG7GOcJ8":{"chainKey":{"counter":-1,"key":"8KDBc3hj9CQhjcldKh2HSanDHEZxDI8UXX0EmwiZnKw="},"chainType":1,"messageKeys":{}}}}},"version":"v1"}