{"_sessions":{"BXaKg9/RB/XYTDB5Q8HsXsYN5FBqnGBvl2QMbAXuulEJ":{"registrationId":1117642979,"currentRatchet":{"ephemeralKeyPair":{"pubKey":"Bc58YuJdkYfIpZE5ztcYKU9YgXrMtgxq1IxXWGWyBQdK","privKey":"EO2awPsDmWGZG2x7a+vX+M6aOOiVuYBzTsjJp18ZLlQ="},"lastRemoteEphemeralKey":"BZG4ZFD9ng5JpkUVJisppsJYIi5Epu2oSQkuCx9ZWB4+","previousCounter":0,"rootKey":"aJdKJBXx89535/JZ/zhNdMC2YQL3JDrkULk4dTJWRq0="},"indexInfo":{"baseKey":"BXaKg9/RB/XYTDB5Q8HsXsYN5FBqnGBvl2QMbAXuulEJ","baseKeyType":2,"closed":-1,"used":1688415896846,"created":1688415896846,"remoteIdentityKey":"BV2a0/gD1NlU+Czv/q03tQz6HbNE7tH3qzMqRtAO80hM"},"_chains":{"BZG4ZFD9ng5JpkUVJisppsJYIi5Epu2oSQkuCx9ZWB4+":{"chainKey":{"counter":0,"key":"R1gjYqtSV3S/sneGB2k43jX/qmCqkg5NHemMWItdCI0="},"chainType":2,"messageKeys":{}},"Bc58YuJdkYfIpZE5ztcYKU9YgXrMtgxq1IxXWGWyBQdK":{"chainKey":{"counter":-1,"key":"1UmtZIDtpyIqsKvz3qorn9inFAmX7FI71a87j56UxA8="},"chainType":1,"messageKeys":{}}}}},"version":"v1"}