{"_sessions":{"BTBIhWq0CQV6bAScXT3FbZyR3Pux+bNcsBUNTrjRAb05":{"registrationId":10864,"currentRatchet":{"ephemeralKeyPair":{"pubKey":"Bf0eWXtn7erlC6VXiJZ1Muq8P2x+B/e6llnPEU4aEv1T","privKey":"8Kz7GsEOXDMkaB7tixE2C40mu5c6l8mBFDUIQnRgz1g="},"lastRemoteEphemeralKey":"BZ1zplrTiNBbEHu9f+2mO34MheqOeJqjtFIHER4QfNYW","previousCounter":0,"rootKey":"8Y6Rn+XoVU2hE4FZLt67OEga8xeCoQgKuTAPpwyKTNA="},"indexInfo":{"baseKey":"BTBIhWq0CQV6bAScXT3FbZyR3Pux+bNcsBUNTrjRAb05","baseKeyType":2,"closed":-1,"used":1688402384985,"created":1688402384985,"remoteIdentityKey":"BVGzjeCHOdtvSJwjPiulooU2bcZzSkOSyfBp201mlhhZ"},"_chains":{"BZ1zplrTiNBbEHu9f+2mO34MheqOeJqjtFIHER4QfNYW":{"chainKey":{"counter":1,"key":"DvSFtgbmlKx4vhjqbX3/EKcluJK8Xa/dyjCoaJFZVb8="},"chainType":2,"messageKeys":{}},"Bf0eWXtn7erlC6VXiJZ1Muq8P2x+B/e6llnPEU4aEv1T":{"chainKey":{"counter":-1,"key":"OzklJJyJu9LGBjh2ItIJKNkZYtEmlwbwio28II/OynE="},"chainType":1,"messageKeys":{}}}}},"version":"v1"}