{"_sessions":{"BcNnlbC7oqa7gsiApY+May+mnbIZ4zeIFymAjAmW7Eh5":{"registrationId":1562603262,"currentRatchet":{"ephemeralKeyPair":{"pubKey":"BTdLGH0UzHBXNeB5TWIAFtL8gu1IpEa18/4Fgo+PLVwo","privKey":"aJccafWVKSOqEmmX3Zd2gOndUkY+h9VjkmiOmUeOJHY="},"lastRemoteEphemeralKey":"BdfbJAawrNRm4eC6y8XL9ZK4RqnwzyJK9/iiAHW8col5","previousCounter":0,"rootKey":"qn1BILqSZSREfXT7jr6SWxds49LIqDNDyvExvBQS+cw="},"indexInfo":{"baseKey":"BcNnlbC7oqa7gsiApY+May+mnbIZ4zeIFymAjAmW7Eh5","baseKeyType":1,"closed":-1,"used":1688419886476,"created":1688419886476,"remoteIdentityKey":"BZd7Gzf8clxGPb9hbrAg98jiNoLMkrdlZv9T5Gh7Duo1"},"_chains":{"BTdLGH0UzHBXNeB5TWIAFtL8gu1IpEa18/4Fgo+PLVwo":{"chainKey":{"counter":16,"key":"u1cdJkc2koENy8L9H8XrDMBnqvkkljwNGRygaANcMN0="},"chainType":1,"messageKeys":{}}},"pendingPreKey":{"signedKeyId":1,"baseKey":"BcNnlbC7oqa7gsiApY+May+mnbIZ4zeIFymAjAmW7Eh5","preKeyId":8284662}}},"version":"v1"}