{"_sessions":{"BdbXmKO9sxOTVrsz1NozLfznBC3CYDExbfR294zZcuIn":{"registrationId":274258873,"currentRatchet":{"ephemeralKeyPair":{"pubKey":"BQV8nBwIQeJcrK7oehv00M2jy8GEQI1C+SJM/PDMeS5s","privKey":"KH62bYz6uzGx3gdVJ1z9aA0VjI3/bKVob2KLZpXPUEI="},"lastRemoteEphemeralKey":"BevTD1TwPW7YNPC0DZXTOKe9c6c7VtlHKJKjLpeDeuB1","previousCounter":0,"rootKey":"rkumHC2LUDZYSCIsNApRUpDOxwCU2q/30M2gzrzL+cc="},"indexInfo":{"baseKey":"BdbXmKO9sxOTVrsz1NozLfznBC3CYDExbfR294zZcuIn","baseKeyType":2,"closed":-1,"used":1688399286026,"created":1688399286026,"remoteIdentityKey":"BaXRz/FS7wRkyPT39BOFKxKUpsVE17zj4RFlW2ZaKK5Y"},"_chains":{"BevTD1TwPW7YNPC0DZXTOKe9c6c7VtlHKJKjLpeDeuB1":{"chainKey":{"counter":3,"key":"CildSa8Vy9mteLokR/D31Hz2u3eiBhZR2t+o/vJ5ubE="},"chainType":2,"messageKeys":{}},"BQV8nBwIQeJcrK7oehv00M2jy8GEQI1C+SJM/PDMeS5s":{"chainKey":{"counter":-1,"key":"/06I/W5qlOF3MAlberz4NJT4aZxCy1wwug3lW2DWRTo="},"chainType":1,"messageKeys":{}}}}},"version":"v1"}