{"_sessions":{"BbNmi5yb8XCjQkzAnLwwEpyD0r1rn7VQJvvj9L0nLPRP":{"registrationId":9049,"currentRatchet":{"ephemeralKeyPair":{"pubKey":"BYetgrPlqKk/RZHvkVFauhg8jwdRqoXuAHc3+mXkq1RK","privKey":"uJCcMTc9jHCMTy3uQt0ylU0cbbKtOjTHEWpaRdI5K3Q="},"lastRemoteEphemeralKey":"BXumWgRQQzSL4QerHY/x5CE7avmHwCvGL/DGDVxbJJ9P","previousCounter":0,"rootKey":"kwxwghEQAW7umAZlfeY7+YMVOjfpj9sv3DzlWaEzL+0="},"indexInfo":{"baseKey":"BbNmi5yb8XCjQkzAnLwwEpyD0r1rn7VQJvvj9L0nLPRP","baseKeyType":1,"closed":-1,"used":1688399451540,"created":1688399451540,"remoteIdentityKey":"BbBpfXz+paW8w3KmriMJCaeejOj1eRw3dZAQZ9zRaEdP"},"_chains":{"BYetgrPlqKk/RZHvkVFauhg8jwdRqoXuAHc3+mXkq1RK":{"chainKey":{"counter":1,"key":"W2NIC1kEJOLKknBotRYRPYEMywQYULHuIi4mmxEL3u0="},"chainType":1,"messageKeys":{}}},"pendingPreKey":{"signedKeyId":1,"baseKey":"BbNmi5yb8XCjQkzAnLwwEpyD0r1rn7VQJvvj9L0nLPRP","preKeyId":400}}},"version":"v1"}