{"_sessions":{"BUL1KLGp0UpBZ+3hUg3xfxOaA4WEHBwaAoUu/Y8GqXEI":{"registrationId":1324546105,"currentRatchet":{"ephemeralKeyPair":{"pubKey":"BQ+BR4E7uFyiM3/ErlNAXGm2diyhL/VwchS6/n8OmtQY","privKey":"0FnzNTszJRoBSg3BXolaRHLS2E2V0BSiM7EIe7HAH1s="},"lastRemoteEphemeralKey":"BW2YO4Lcc3MujuScee79o+ekt8xOFeMtPL6GjbGsix8L","previousCounter":0,"rootKey":"5W+C+69KA0+QBBp9L+MBhT54+rdCgdWin0zYcdDM8Pw="},"indexInfo":{"baseKey":"BUL1KLGp0UpBZ+3hUg3xfxOaA4WEHBwaAoUu/Y8GqXEI","baseKeyType":2,"closed":-1,"used":1688399287917,"created":1688399287917,"remoteIdentityKey":"Ba2xUq0o4x9wqVN2XKpVpXwAOyWI8DXsJ/ucZFZWwPlY"},"_chains":{"BW2YO4Lcc3MujuScee79o+ekt8xOFeMtPL6GjbGsix8L":{"chainKey":{"counter":4,"key":"nlehnRjcqXkBE5Z5hMIItrcySohV2pqL8wf3jFFkOu0="},"chainType":2,"messageKeys":{"0":"adNFBkVnyMg2b+5IMB3etaZYZP6sFs2x5AqvV5DJaBE=","1":"TAHKABsMOMVH0em8g78toDhAsSSgrKiNWfzt0XQvcmo="}},"BQ+BR4E7uFyiM3/ErlNAXGm2diyhL/VwchS6/n8OmtQY":{"chainKey":{"counter":-1,"key":"cXCuZ4ZYlI4uF5mvce093HGPRb4eteNWslgIFftnY9o="},"chainType":1,"messageKeys":{}}}}},"version":"v1"}