{"_sessions":{"Bfee1WtvQxt1vZIbHAOZTo6X9BNGeN9rSAFnvqHqeb8X":{"registrationId":82844767,"currentRatchet":{"ephemeralKeyPair":{"pubKey":"BbuxNdGefoGB+IatXmPqQ5uHVz0P3tySv9NaI0U4hoc5","privKey":"YMCnat8HHCvUZT4nt28QyIyl1h5SX5hchznNVRt29Fw="},"lastRemoteEphemeralKey":"Be14lFiTLMz3rP2cXq/qqxKfsqDne+jlhZxf/lXazv5i","previousCounter":0,"rootKey":"LD0yS8kZTS7VVy5vwede0Ok7xsSinO6P1eHeJPbHkPk="},"indexInfo":{"baseKey":"Bfee1WtvQxt1vZIbHAOZTo6X9BNGeN9rSAFnvqHqeb8X","baseKeyType":1,"closed":-1,"used":1688299690939,"created":1688299690939,"remoteIdentityKey":"BbJFEvquS0RBQJBBzHF7XRL6rRNsL1MSklM/Lb0o5dUn"},"_chains":{"BbuxNdGefoGB+IatXmPqQ5uHVz0P3tySv9NaI0U4hoc5":{"chainKey":{"counter":1,"key":"i2RgvyL0vnCX9jq7hgcuh/kixTdP8T64qXyT9uXdnkc="},"chainType":1,"messageKeys":{}}},"pendingPreKey":{"signedKeyId":0,"baseKey":"Bfee1WtvQxt1vZIbHAOZTo6X9BNGeN9rSAFnvqHqeb8X"}}},"version":"v1"}