{"_sessions":{"BWPMoDoZ/wxxCftf3rGjISeBaW+BlCJhjv1KBOO95MMe":{"registrationId":123908467,"currentRatchet":{"ephemeralKeyPair":{"pubKey":"BVhW4B3S/6jyZZTEwQxfVynUKQ3lGIpVblFu6mNgiGIz","privKey":"0O9TAai5TrnznGYL8K4dRFyDNN/rlHuwT9gMOPBK+1M="},"lastRemoteEphemeralKey":"BWL15HME2bwi+sZbGFODfdvVqT8QmlMJCL4mF4lOhSNI","previousCounter":0,"rootKey":"YZjSqPQOqPsJvzFklkSnygGc2/delSZ0hGLZVLtVAYU="},"indexInfo":{"baseKey":"BWPMoDoZ/wxxCftf3rGjISeBaW+BlCJhjv1KBOO95MMe","baseKeyType":2,"closed":1688345454132,"used":1688328976344,"created":1688328976343,"remoteIdentityKey":"BeLIB8Si2NWQ20U3NGLJwzktM7ks+meplOsjmuRcapla"},"_chains":{"BWL15HME2bwi+sZbGFODfdvVqT8QmlMJCL4mF4lOhSNI":{"chainKey":{"counter":1,"key":"Ytn4rtgw+6UfBJD7mckJXaXnFASp221VwRF7tvQGZI4="},"chainType":2,"messageKeys":{}},"BVhW4B3S/6jyZZTEwQxfVynUKQ3lGIpVblFu6mNgiGIz":{"chainKey":{"counter":-1,"key":"HHbKxP5px2bYqJawLAh9AdY4Lm0bl8kGr2nmsauneIM="},"chainType":1,"messageKeys":{}}}},"BRXESOLO/12oWX4bBceUWEl5unLEz1sb296O+AtgguM6":{"registrationId":983760043,"currentRatchet":{"ephemeralKeyPair":{"pubKey":"BWC9UCNlw77qJWDrKikCjQlmWbq1HD8QxOizeRSvR+1q","privKey":"eM4YqGT/vrF8ZBrDdSnn0kSognda5r+Qw4TnGVIMfV8="},"lastRemoteEphemeralKey":"BWmg2pkkhHZAR+hJgTSb4omaOAbM8RpxxLmdrZMyrJRC","previousCounter":0,"rootKey":"0l5jEOy0Y0K7MV+d/bCtxkiFXTq9G4u+LvXdAwH/Ig8="},"indexInfo":{"baseKey":"BRXESOLO/12oWX4bBceUWEl5unLEz1sb296O+AtgguM6","baseKeyType":2,"closed":-1,"used":1688345454142,"created":1688345454142,"remoteIdentityKey":"BfUbX85ZD7gXvXpb1/G6VNZCEJyHB9YRcQvvg82/orpP"},"_chains":{"BWmg2pkkhHZAR+hJgTSb4omaOAbM8RpxxLmdrZMyrJRC":{"chainKey":{"counter":2,"key":"7ZsaXhSePk6IgqUr0lABBeSWUpTTDQnhOerMFeLCU4c="},"chainType":2,"messageKeys":{}},"BWC9UCNlw77qJWDrKikCjQlmWbq1HD8QxOizeRSvR+1q":{"chainKey":{"counter":-1,"key":"zdl5rDqiw68dxhLpnOGR5Vr6E8AxJ9SjIpJE6PREWIA="},"chainType":1,"messageKeys":{}}}}},"version":"v1"}