{"_sessions":{"BcrMQ757R7Qzxkar3wbVUgkUjwgBXLZ8Djim80hwEyBe":{"registrationId":1679996353,"currentRatchet":{"ephemeralKeyPair":{"pubKey":"BbkrhWOVCFcmSbml/dxEk8DI6xBN4Bjvx2jT8YfZNvs3","privKey":"eEzFagUN/BZzr9OU9hNXrGyL3hcI60mBqJ3A/N4u008="},"lastRemoteEphemeralKey":"BTKrG8yyZvj/vbKmCq9epffqkKj74cL1DscjXFMvCEJS","previousCounter":0,"rootKey":"QMzqxrvEH6TVZAszuCg/JdRt+wMYgI3ZqcgCFREe7Z4="},"indexInfo":{"baseKey":"BcrMQ757R7Qzxkar3wbVUgkUjwgBXLZ8Djim80hwEyBe","baseKeyType":2,"closed":1688328976044,"used":1688299574630,"created":1688299574630,"remoteIdentityKey":"BROD0Ii3kXIop4UR0/NRKbCs3yKQ9RTyIneSFeqwGAsw"},"_chains":{"BTKrG8yyZvj/vbKmCq9epffqkKj74cL1DscjXFMvCEJS":{"chainKey":{"counter":39,"key":"1xsepht6w/2lHxofyCnjtjfw3OeCKLGxNygz+Qq0mks="},"chainType":2,"messageKeys":{"0":"F0eG2SDYnhTocWdcPb3JwvPUDmv+hQm7nJFk+SN7qLY=","1":"P0Y91RCUjatH8QESsCQD8q/6KGGR1J2okJibJCpWENc=","2":"3WXnnXu0gTheO5Wzk0MqdwZsMFWr0k0c70c2Z9GKE0I=","3":"PsOMEH2yn+ov1TSQeu6Fmop/gvbHXi/JYEmNgaAHzpw=","4":"2SwxQiUgws0DLa8bGK4SEocOVkV7YaHea5eMeRmkR1U=","5":"45JHA4t++fL5uCf/lJ08MHmIMESseZ7nnLuat3btpWI=","6":"jnKNK18Csb2WEBW0Zj4LCcDI38tWzA5htdlZxb33W3s=","7":"EbHsTtkMD4Ctq3xsPH/9115PXS+zLhJc/cGjj5LWlNQ=","8":"/n2q9ru34Bm82umlw5DpC9H2F2xEeu/mklZtSMY1x+A=","9":"sQiFyNiFFxRMjfmGX8HXyKDM4Yic+eR1bPpJ0i3jLFs=","10":"VgNsjYNbATrYqI0VAwP78BsBt9wBrg+2hc1fPPpy41Y=","11":"jkV6mdteTLnrcV71n1L1LodHTC9BzUL4PwCEfPFtRyQ=","12":"d4Qao5qihjOAO1TStdXEiEFluN9kiBUH/SOH4eEKQus=","13":"GYG7LTsL3tReF6doB8n1CJMX8KeHgixGOaqSsRGFLe0=","14":"AAasPfuAEMMHiucXlsNDVtKya5rAdCQfHgulDlABI6Y=","15":"5wja5wWJOZdD4yuwqlsN8Dm+n51rRi5ifA+nY51e4k4=","16":"+BLkP4Ahv9mEmPKgJVpNipVRpyCNsEDRNSj06aLfZ2k=","17":"VlnxFKEkzNLz593xYiUbiGjzDhWCx5jy5nDdTkS8RH0=","18":"JLfQ/jKN3QpdbeqKkUROhlfsWFrU6sDRULNSgJn/2Iw=","19":"nU5xXgD+LZg357cBoKerMlcAMkBhrcwPLhc0EUyY/2s=","20":"ULpeGsI/S+ReEZyTMEkJRbw41CTidQ2kUZBvO4qx1nA=","21":"9ETUUZPaTiTvchZOsNXwFqku5v5dbr6K/xKB089gEC4=","22":"7MAtK/UD9Gin8la/kK4BJMSYTcvrx1tLoUHDfouY9MY=","23":"3CE1GXWV6qQmvt3ukCeX41Z8c4RgMhzxdMyL5lqJoXc=","24":"PjVlJvgQYsAs3CyRl52RhAydTJ90NRjhyseZJyLLtjw="}},"BbkrhWOVCFcmSbml/dxEk8DI6xBN4Bjvx2jT8YfZNvs3":{"chainKey":{"counter":-1,"key":"uqFc2NfpqILE+y4fq8QrG2TexLaSIknKBKS+1xeYD6Q="},"chainType":1,"messageKeys":{}}}},"BX+9Tnn4vsCA77qEtNVNBMJjKps5N8fZZWPFxApOnugp":{"registrationId":161874547,"currentRatchet":{"ephemeralKeyPair":{"pubKey":"BYyS2NW4EgL9kl4mcRCZtZCUy0HzNDTXtmp+Nf6Avp1P","privKey":"+PIVsomcf+NWwjtw4daBCtSAkWZeHIV4OaeEbaOhfXU="},"lastRemoteEphemeralKey":"Ba9XVFH/qM+aPGj30xkI8FIeqpclu9KTFsN7vbA1CjsO","previousCounter":0,"rootKey":"CYaKSWKE5oU5zxdyBtjI8btWhOLw5ZNGXGmG+K4n+rw="},"indexInfo":{"baseKey":"BX+9Tnn4vsCA77qEtNVNBMJjKps5N8fZZWPFxApOnugp","baseKeyType":2,"closed":1688348008035,"used":1688328976054,"created":1688328976054,"remoteIdentityKey":"BZlAi87BQBNd6j02Mf7j5hGF+6v1y3CUQboB59TWPshG"},"_chains":{"Ba9XVFH/qM+aPGj30xkI8FIeqpclu9KTFsN7vbA1CjsO":{"chainKey":{"counter":12,"key":"XduhPpKAGeQ4jwqgiKU1k6Xu0fnp8FBg7CINQOiTaYc="},"chainType":2,"messageKeys":{}},"BYyS2NW4EgL9kl4mcRCZtZCUy0HzNDTXtmp+Nf6Avp1P":{"chainKey":{"counter":-1,"key":"pHxavX40ScnFea/zWMIvVlmatH5lqzzZDZig6TNtlok="},"chainType":1,"messageKeys":{}}}},"BV55IeXGnlhx6EA5cvOZabQZPoVX/HtEp5Rmvp5oBkkB":{"registrationId":827303618,"currentRatchet":{"ephemeralKeyPair":{"pubKey":"BfZMri01FLEenKnLRTIrIuKmIm22zePVI4oVLM1qP3QN","privKey":"GET3vjzIgJv+R+DGJKkRZZXECwNYn1BSt/GaHJFSQnU="},"lastRemoteEphemeralKey":"BV+v0ZvB5bhl8lkMgh5YnpCqGRMAHJENo2szy7qcakgK","previousCounter":0,"rootKey":"1d7CBTDJMBWeFzMRNyXtCBo/ssVY74j0Qes4Yfmyk5A="},"indexInfo":{"baseKey":"BV55IeXGnlhx6EA5cvOZabQZPoVX/HtEp5Rmvp5oBkkB","baseKeyType":2,"closed":-1,"used":1688348008054,"created":1688348008054,"remoteIdentityKey":"BWtzmIJrdPwE9iA1CH5a1VS+cdX4sPYtmTsjwK6+ovp7"},"_chains":{"BV+v0ZvB5bhl8lkMgh5YnpCqGRMAHJENo2szy7qcakgK":{"chainKey":{"counter":14,"key":"2JxBk7VXlD0WG5h4ixp7SlzmJiqHM+Xg1m8JACGzQ3U="},"chainType":2,"messageKeys":{}},"BfZMri01FLEenKnLRTIrIuKmIm22zePVI4oVLM1qP3QN":{"chainKey":{"counter":-1,"key":"QcHXGtH8Q0fTlj9TKHcxu7itRil3pFEAonYBQ8uhDww="},"chainType":1,"messageKeys":{}}}}},"version":"v1"}