{"_sessions":{"BWAJWxReXPw2JeE4pLjM8h5T6iICq3qRJTYpoCVt090I":{"registrationId":1257633032,"currentRatchet":{"ephemeralKeyPair":{"pubKey":"BRHWiir7vdYnGP4k1wHZSB9EuatliKVtEtUoRTjOW7x9","privKey":"SJHJIJyYuhuppzrNMcyocMjz1pNCMMHtlQufmJBFDlM="},"lastRemoteEphemeralKey":"BV91Awde36rLdb7ZYXE142xhj3hzFYRCoAVuqSPWdz1W","previousCounter":0,"rootKey":"m1ah1bqJbDbxrng9lhkRmzWTx0DLjDAfXl/9zD3GCxk="},"indexInfo":{"baseKey":"BWAJWxReXPw2JeE4pLjM8h5T6iICq3qRJTYpoCVt090I","baseKeyType":2,"closed":-1,"used":1688075318428,"created":1688075318428,"remoteIdentityKey":"BUKiHNTdaQa57LOd7gKgVQdNMQ/1XKou3o+u3+ZUp58o"},"_chains":{"BV91Awde36rLdb7ZYXE142xhj3hzFYRCoAVuqSPWdz1W":{"chainKey":{"counter":0,"key":"ttBZOB3SHNsHVAFOsKAu5z3llGs8jc03PpQoQ5BGWUU="},"chainType":2,"messageKeys":{}},"BRHWiir7vdYnGP4k1wHZSB9EuatliKVtEtUoRTjOW7x9":{"chainKey":{"counter":-1,"key":"M67kqr04IJtwdsEm++UMapRj+e4/0hO1G/MoB2msBAs="},"chainType":1,"messageKeys":{}}}}},"version":"v1"}