{"_sessions":{"BZCOuFShxI/qn7vMcGkNQmr5Pr41Vh3V1xqmK8XPcjEw":{"registrationId":1045302679,"currentRatchet":{"ephemeralKeyPair":{"pubKey":"BWFBJiq28K3z/F7csfkuhQN+CIcBzDUyMsjmvYpWhDJ9","privKey":"OBUdLosYdrbS5GZwL3b1A3PKvvPkNIe56aDVgtJmK08="},"lastRemoteEphemeralKey":"BWd2MkCLN0/4LEzBlvI8bCza8GFw8lkvdOv6ETgOEwke","previousCounter":0,"rootKey":"hZSxUuI2O1IsJK9+zcS7yx+3Qn2NBdauzGU9ElsRGIg="},"indexInfo":{"baseKey":"BZCOuFShxI/qn7vMcGkNQmr5Pr41Vh3V1xqmK8XPcjEw","baseKeyType":1,"closed":1688406278298,"used":1688345453981,"created":1688331280098,"remoteIdentityKey":"BUzKPIg4ktvXB9nf0ckcScnLnUdUzQI4XpSg/fVligEN"},"_chains":{"BWd2MkCLN0/4LEzBlvI8bCza8GFw8lkvdOv6ETgOEwke":{"chainKey":{"counter":0,"key":"tTU6qgArM6Jhn91vKPvumZ0RDhvE6/4L+cQr3g80sVs="},"chainType":2,"messageKeys":{}},"BWFBJiq28K3z/F7csfkuhQN+CIcBzDUyMsjmvYpWhDJ9":{"chainKey":{"counter":-1,"key":"9KdoA+iR4h56o4AGlUgw5WSzGwg6c4gy/ZGqiVTFH+U="},"chainType":1,"messageKeys":{}}}},"BUhf4Apuy83ZSuZZdIcq7/sheNAS10V+S/EOywEbKm5+":{"registrationId":2143418645,"currentRatchet":{"ephemeralKeyPair":{"pubKey":"BXXmXVN2EX4ZrfY5lYXnWlBEEZvJ1U58WS6lxITdCKV2","privKey":"qH+4UPbCEybDD88KXe9Cfim4+uZ5TaS4/gpbLhEhTU8="},"lastRemoteEphemeralKey":"BRIlcg78fBCuMO5tiq75f0LijaJTOpbQm4bY9OLE4Vw7","previousCounter":0,"rootKey":"Sb1vl2tZcXjiB/s70oTwmThCb3iXYXbfyLIg02v6EsE="},"indexInfo":{"baseKey":"BUhf4Apuy83ZSuZZdIcq7/sheNAS10V+S/EOywEbKm5+","baseKeyType":2,"closed":1688408209134,"used":1688406278311,"created":1688406278311,"remoteIdentityKey":"BfCh1rSJ2r4Bw2yQW+8fgKR0Z6lwzkK94P5fIrRiVV9R"},"_chains":{"BRIlcg78fBCuMO5tiq75f0LijaJTOpbQm4bY9OLE4Vw7":{"chainKey":{"counter":1,"key":"hInrQ//TGfIgOOZWy/5yaa7O+KMp16p5blhavwPU3Tk="},"chainType":2,"messageKeys":{}},"BXXmXVN2EX4ZrfY5lYXnWlBEEZvJ1U58WS6lxITdCKV2":{"chainKey":{"counter":-1,"key":"Bk7RMUpFTRbuqNDLQ7m/hzBxx6XGo82Jqoy4vosByKk="},"chainType":1,"messageKeys":{}}}},"BW3ADNb3zITqI71HwFWDAb900pJlrYq9W2LqrvvFktA/":{"registrationId":2143418645,"currentRatchet":{"ephemeralKeyPair":{"pubKey":"Bb5kwrGH+ymrHy2dDTowZD+lJ9LImCuJmdnkfR54H6wY","privKey":"uMNyof5YVdC4YFUSxVEwXg+43VaMTBHaT5Ghoi0bhWU="},"lastRemoteEphemeralKey":"BZAxnwMgMePzH1n1/MLfxzhjspHFKLSwb6J090ZFW0od","previousCounter":0,"rootKey":"361kqKR4g86OWBALq/kFgr9oapQ3m+xMGA+z7/VT2RA="},"indexInfo":{"baseKey":"BW3ADNb3zITqI71HwFWDAb900pJlrYq9W2LqrvvFktA/","baseKeyType":1,"closed":-1,"used":1688409645694,"created":1688408209111,"remoteIdentityKey":"BfCh1rSJ2r4Bw2yQW+8fgKR0Z6lwzkK94P5fIrRiVV9R"},"_chains":{"BZAxnwMgMePzH1n1/MLfxzhjspHFKLSwb6J090ZFW0od":{"chainKey":{"counter":0,"key":"3dCBxolvHBBobsdUY1AyBP92oV8FBhQpRCwRT9Wyt2U="},"chainType":2,"messageKeys":{}},"Bb5kwrGH+ymrHy2dDTowZD+lJ9LImCuJmdnkfR54H6wY":{"chainKey":{"counter":-1,"key":"MYXhqQxJ/c8mc+miRmtinR92wqHbY/4U6j1KEVTWrwk="},"chainType":1,"messageKeys":{}}}}},"version":"v1"}