{"_sessions":{"BWziL8AtIBrFcBa0+u50bAUDRzUS8sVrrwYZigXoJHM4":{"registrationId":1997731546,"currentRatchet":{"ephemeralKeyPair":{"pubKey":"BdFd3rZLMIR3xgDLGzViu35qnjuiJ0v6guu4e8K98FpU","privKey":"6K937HRT9mw/dgjzAsOoTkr2Rd9ajq3xrugK655SnFM="},"lastRemoteEphemeralKey":"Ba6oonsKQvwa8mZEZgxKTdqkTSRGkh82wHIgDFF4Go9J","previousCounter":0,"rootKey":"9YzMSrEzsYO3cV4VDMC7ViA8OjLTs6++invckE369gU="},"indexInfo":{"baseKey":"BWziL8AtIBrFcBa0+u50bAUDRzUS8sVrrwYZigXoJHM4","baseKeyType":2,"closed":-1,"used":1688299645167,"created":1688299645167,"remoteIdentityKey":"BevNNhj4KsaGc6Xwc7FQm69jXf09b5ueVQXu0hTLSYMI"},"_chains":{"Ba6oonsKQvwa8mZEZgxKTdqkTSRGkh82wHIgDFF4Go9J":{"chainKey":{"counter":1,"key":"gfdySfIp8lx0gKPERmJBj9IxjTTiFlbIm/b/lFKJ7Jc="},"chainType":2,"messageKeys":{"0":"k/l0eTZmpO8EOHswLcOI8KZTNa5AkBEQxnxrqDPmoTk="}},"BdFd3rZLMIR3xgDLGzViu35qnjuiJ0v6guu4e8K98FpU":{"chainKey":{"counter":-1,"key":"0MVJ2FWvTWyAwqdR2OY9fcoQgPU07I56xHz2w4CH4w4="},"chainType":1,"messageKeys":{}}}}},"version":"v1"}