{"_sessions":{"BckPYWk5jvHKg0JLHL02yp3j2L49YsUsUyFgoToSxVdc":{"registrationId":413159476,"currentRatchet":{"ephemeralKeyPair":{"pubKey":"BVBF0cMvg7RMFif85LfjEjNlm4Uk8kLXf6DaA9d5e2Zq","privKey":"gFZhw+JOsGjxIet4ewJuNWx7VT4061ErBQ5/G6+pwGc="},"lastRemoteEphemeralKey":"BWIYvvBJ4wmmrLXNPLZ/Qk1eRWVZisNOM16dIY6dkXsO","previousCounter":0,"rootKey":"FIEkQ2REmIDIfUSDseloLWFPqqnfBx2NzQ5BWjGupQg="},"indexInfo":{"baseKey":"BckPYWk5jvHKg0JLHL02yp3j2L49YsUsUyFgoToSxVdc","baseKeyType":2,"closed":-1,"used":1688352596136,"created":1688352596135,"remoteIdentityKey":"BXTI6W157jm3x4euQ+9QUlp10PdePT/Dlz98HqNqF8ZQ"},"_chains":{"BWIYvvBJ4wmmrLXNPLZ/Qk1eRWVZisNOM16dIY6dkXsO":{"chainKey":{"counter":1,"key":"ZDWV75XU/NeugO74KWsCbc92VupoxlVekTSQb3V+Tug="},"chainType":2,"messageKeys":{}},"BVBF0cMvg7RMFif85LfjEjNlm4Uk8kLXf6DaA9d5e2Zq":{"chainKey":{"counter":-1,"key":"TfXQEvJZyXY/dUK2ld7KD4y6sHrFpyoqLxs195QPvtM="},"chainType":1,"messageKeys":{}}}}},"version":"v1"}