{"_sessions":{"BfLlgSMzQ4svS/7K922NG1PuXRJcMOUUuc1zuGAkrzsu":{"registrationId":9558,"currentRatchet":{"ephemeralKeyPair":{"pubKey":"BQkpQNrIEJRFL8Kc3oRA2YFuFoiKKvVvBVL7IzVfYHw6","privKey":"qC2xSd56Pr7AALKshlgV1AyI3X71NNhUL7ZcVO7AmGg="},"lastRemoteEphemeralKey":"BZKNgfv3m1UC9F7u6M+wsb4pCroDi5SMxDZgFc1BIG9F","previousCounter":0,"rootKey":"AghF2nLD5LZolZ2bvbGzO4OgFDQNofIBtDI0TDfRJD8="},"indexInfo":{"baseKey":"BfLlgSMzQ4svS/7K922NG1PuXRJcMOUUuc1zuGAkrzsu","baseKeyType":1,"closed":-1,"used":1688399757814,"created":1688399757814,"remoteIdentityKey":"Bd0XF+C657Hfx6Cvv+r4yAJDa8z/OmMdWnqkMUnTkSdX"},"_chains":{"BQkpQNrIEJRFL8Kc3oRA2YFuFoiKKvVvBVL7IzVfYHw6":{"chainKey":{"counter":1,"key":"065HSKendbfMpm7yexRdSwzDyxpJgxJfgkmiXn7gCNE="},"chainType":1,"messageKeys":{}}},"pendingPreKey":{"signedKeyId":1,"baseKey":"BfLlgSMzQ4svS/7K922NG1PuXRJcMOUUuc1zuGAkrzsu","preKeyId":172}}},"version":"v1"}