{"_sessions":{"BXm4OBKbPTeSPpA9lEwxigGHIoP5UinAuczcnqsnczMl":{"registrationId":820794826,"currentRatchet":{"ephemeralKeyPair":{"pubKey":"BTCQTJ4GQc9Oj4BJhL6mRx9S/I2RaJdHVXopB6rUMZMA","privKey":"yHbmnIfOQFgADyleUu3HnigKzpKGymHASJALOFCyW1M="},"lastRemoteEphemeralKey":"BdH3lcufn6vsTqUldH/OPoZE2agcMSObaI7OVXojzAF3","previousCounter":0,"rootKey":"nxIv2L13CaJHsv2Q2c9JF9NKzq8hxnAdLEKBrS3xdOk="},"indexInfo":{"baseKey":"BXm4OBKbPTeSPpA9lEwxigGHIoP5UinAuczcnqsnczMl","baseKeyType":1,"closed":-1,"used":1688299690879,"created":1688299690879,"remoteIdentityKey":"BVgvR22yhJzdf+ZqGV0zQUnAf/pYDxQJ6nyymYDJ7SEx"},"_chains":{"BTCQTJ4GQc9Oj4BJhL6mRx9S/I2RaJdHVXopB6rUMZMA":{"chainKey":{"counter":1,"key":"egoyJNfY3ZFNoYxtu0+biVOD+7PmEYDNi+A9hDKodUQ="},"chainType":1,"messageKeys":{}}},"pendingPreKey":{"signedKeyId":13761641,"baseKey":"BXm4OBKbPTeSPpA9lEwxigGHIoP5UinAuczcnqsnczMl","preKeyId":2090}}},"version":"v1"}