{"_sessions":{"Bf67lRwF4UlUTH6L976tdcfed39k3kkvQY98IXJ2w7wV":{"registrationId":2017655927,"currentRatchet":{"ephemeralKeyPair":{"pubKey":"BdxOF9He9x1e8oxlBAqVkmYxHaSC39kGzOQgZscJVUcQ","privKey":"2IltrrADnIT71DMQmzNgU2LUP8mPsPnw1nD9ovRSWUY="},"lastRemoteEphemeralKey":"BdgfwEn2QTCjkD85YWzBX6MnI08YYYXrTXrZ+6ySd4Ig","previousCounter":0,"rootKey":"Rn0bGyETZ4jHnLy+CXpVl9sLhT/NLCFxyn7smE4QOME="},"indexInfo":{"baseKey":"Bf67lRwF4UlUTH6L976tdcfed39k3kkvQY98IXJ2w7wV","baseKeyType":2,"closed":-1,"used":1688328995907,"created":1688328995907,"remoteIdentityKey":"BRxVtZ3/oxU1RwDsj9B6fZ+eCcvMFc1LVulsCVLYvM5b"},"_chains":{"BdgfwEn2QTCjkD85YWzBX6MnI08YYYXrTXrZ+6ySd4Ig":{"chainKey":{"counter":9,"key":"bFv1lt/taZIAMkfsMgVO9EVhEids9ZJWHvvm9A+qKlo="},"chainType":2,"messageKeys":{"0":"mT7dFA98giGfg3E1odGuLsJCH5sWmtufekb7wuWPeV8=","1":"yNUXX7peSDP3QcSVl61x4exU4SljM5c0bC+wirNhjuU=","2":"8mZbHbVjy/kzuj4g0u3nfFrLC5FwIdWNzjurL1Ne3YA="}},"BdxOF9He9x1e8oxlBAqVkmYxHaSC39kGzOQgZscJVUcQ":{"chainKey":{"counter":-1,"key":"z+UnjXkLc1qMWDoojQtMa0sQkciE7laiH0M5QgYSJ1o="},"chainType":1,"messageKeys":{}}}}},"version":"v1"}