{"_sessions":{"BadT6Dlk/KaFxbAkZWSQNWBWqvLFI3uaD4jfcBxi/lQz":{"registrationId":2135562173,"currentRatchet":{"ephemeralKeyPair":{"pubKey":"BcnxXHBdXK/XNNBl7nXbYWmXMhJ+2b9jDs5Oyinxtq85","privKey":"uMgkghAhJ+v1U12EhOJ4TqaUZq1xbMM1Vky4TEJ7RGk="},"lastRemoteEphemeralKey":"BR6ml28/cKQVo6jeLfvADuWOufqK4rw7x2HwjtkUXqoW","previousCounter":0,"rootKey":"13jqolCzon9XjH2k7DfdFO97sdmW2wvQqOIeEDAwX8I="},"indexInfo":{"baseKey":"BadT6Dlk/KaFxbAkZWSQNWBWqvLFI3uaD4jfcBxi/lQz","baseKeyType":1,"closed":-1,"used":1688353239152,"created":1688331280283,"remoteIdentityKey":"BcPkLDv4zrMjt+PnlyXVGuhIyYjfSRamaMfEXsl0M40X"},"_chains":{"BR6ml28/cKQVo6jeLfvADuWOufqK4rw7x2HwjtkUXqoW":{"chainKey":{"counter":1,"key":"4gAy/qIzZNZ2QQKXrmZrNlmohs/lfXGDEmfQ43qsxYo="},"chainType":2,"messageKeys":{}},"BcnxXHBdXK/XNNBl7nXbYWmXMhJ+2b9jDs5Oyinxtq85":{"chainKey":{"counter":0,"key":"ymcG6pKB7dPk2+KtrDN7jZWuGJ7fK+8X5jI4u5iNZ6w="},"chainType":1,"messageKeys":{}}}}},"version":"v1"}