{"_sessions":{"BeaF9jTADEqdr1RjZm7QbX/yQT2xIbggh34F7fJrLy90":{"registrationId":1884418494,"currentRatchet":{"ephemeralKeyPair":{"pubKey":"BXo85BUdmpkkWLM2u8vi15Bw1H122F2KeNOt4wVJ0WR+","privKey":"yLMiFQmFjgVpZvO/9DWvAaRXdRjCAy2dbZnhj6U5wn0="},"lastRemoteEphemeralKey":"BW1CQCZY5Vm1sp958sMRBPisON5odu2RzcZE0uPKPMZc","previousCounter":0,"rootKey":"D01x7mEsXfbF1uLniaRjyBXrueJkFNVKjxQNmq0ke40="},"indexInfo":{"baseKey":"BeaF9jTADEqdr1RjZm7QbX/yQT2xIbggh34F7fJrLy90","baseKeyType":2,"closed":-1,"used":1688299568281,"created":1688299568281,"remoteIdentityKey":"BX7Qf++4+qJScpDsZAtBYbw4+gBkIP3JsJc08IBbrL1m"},"_chains":{"BW1CQCZY5Vm1sp958sMRBPisON5odu2RzcZE0uPKPMZc":{"chainKey":{"counter":2,"key":"RCfMOj9UI4/Wb3h1Hz/TXbpn/+VkcwWI9BiLJYnIhWE="},"chainType":2,"messageKeys":{"0":"jFntumAYuh4kATslVdwuYKFjvDzgr/kDHCPU5vvGV+o=","1":"Q6ob03nVtGPDa6rRDlB/8M9u8hPuNIRMW3KCQj9IYvg="}},"BXo85BUdmpkkWLM2u8vi15Bw1H122F2KeNOt4wVJ0WR+":{"chainKey":{"counter":-1,"key":"eHMfk5r3JUFHBLMrchLzMBdKNuyYgM/oiXdLQ0pe6ME="},"chainType":1,"messageKeys":{}}}}},"version":"v1"}