{"_sessions":{"BZZGeAk25jAfYEnlb893ido7OL1aAFr9BkNHIrZeDC56":{"registrationId":2088778981,"currentRatchet":{"ephemeralKeyPair":{"pubKey":"BdwiMHnZR76PVi+ROlTkfYxXYmGqQStBmv0NaS1WmQQP","privKey":"OJCMyAh1qngPUNRsS0Os5X+2OsBL1VlvJwG64v/yP0I="},"lastRemoteEphemeralKey":"BdLuVR28yutvgsSrETE2fTeIBYowj7zEGtrIn82eiyEi","previousCounter":0,"rootKey":"VrZsf4VoADt4mLQs3NIjg924SdBZRSeJUhICBXZuPDQ="},"indexInfo":{"baseKey":"BZZGeAk25jAfYEnlb893ido7OL1aAFr9BkNHIrZeDC56","baseKeyType":2,"closed":-1,"used":1688312368745,"created":1688312368745,"remoteIdentityKey":"BdvmO95gUhkE6ZDQc7Ty8fxxedN8d16iN5/X0f23ap8p"},"_chains":{"BdLuVR28yutvgsSrETE2fTeIBYowj7zEGtrIn82eiyEi":{"chainKey":{"counter":1,"key":"6Ja+dRNHhCuF3BeUDP5j4b7sz57jo1SnY8OWmISs13Y="},"chainType":2,"messageKeys":{}},"BdwiMHnZR76PVi+ROlTkfYxXYmGqQStBmv0NaS1WmQQP":{"chainKey":{"counter":-1,"key":"vRWaWxfqk9JakeewGzxNfH7Co44FerwsJI7wobESZcs="},"chainType":1,"messageKeys":{}}}}},"version":"v1"}