{"_sessions":{"BX6hvbvIYZz/WcLNU41gSsnPoDbiRaWVWS5Jtkqa7t1Z":{"registrationId":765908524,"currentRatchet":{"ephemeralKeyPair":{"pubKey":"Bc+TOdYYlFAr0uNTZ78eR70WZzYNldYjleqsEu3/XoN/","privKey":"yEpgpecuum6lb+CU5ifzdiYiksWpqoYot1wMhGB3DkE="},"lastRemoteEphemeralKey":"BXLDTq3xKO0KEJd9T30EP0Xr5nZrgxrnhsPODEqqkcRk","previousCounter":0,"rootKey":"9Z4artNfaf5LS0GD54/nXCGrmKrKmOjP8CuHL5bB70E="},"indexInfo":{"baseKey":"BX6hvbvIYZz/WcLNU41gSsnPoDbiRaWVWS5Jtkqa7t1Z","baseKeyType":2,"closed":-1,"used":1688299565692,"created":1688299565692,"remoteIdentityKey":"BQyVCbxLV+rh1uydsvbXx30Kb4u2yGorMY+eM5bYlksO"},"_chains":{"BXLDTq3xKO0KEJd9T30EP0Xr5nZrgxrnhsPODEqqkcRk":{"chainKey":{"counter":1,"key":"rOxD9GUiHScUTWcIQ0J8KMEZQ9DF5b0xSdyZmfT4IUY="},"chainType":2,"messageKeys":{"0":"x5Tut3t1w4WMf60L/E8JmVqu8CRWZ4TMFVRyXUUhYW8="}},"Bc+TOdYYlFAr0uNTZ78eR70WZzYNldYjleqsEu3/XoN/":{"chainKey":{"counter":-1,"key":"x5mWHe/tMGDI3PGfoBEzXtFr7mV77ticwmHvUogWN3c="},"chainType":1,"messageKeys":{}}}}},"version":"v1"}