{"_sessions":{"BRMtjrV/Yndsd8PhCuNjb4u/WiCJN6hYp07TUNAB6GN0":{"registrationId":1640938682,"currentRatchet":{"ephemeralKeyPair":{"pubKey":"BaugSs86t0iI4CJ1DWAJs9iMeAzUYg+sTpXS/JObDkoa","privKey":"CPud6e+8uq6tHmR1rh1uvu3yISmPjm0w0n0v9zJhOVk="},"lastRemoteEphemeralKey":"BTyGMTz5xs9qFxFLdApDJzJmIOjyhC0xwO4c2xUEzH4/","previousCounter":0,"rootKey":"xxhSj3u0sytKOJK6r3fa9gIRsFTz70BJINxWxp4Echg="},"indexInfo":{"baseKey":"BRMtjrV/Yndsd8PhCuNjb4u/WiCJN6hYp07TUNAB6GN0","baseKeyType":1,"closed":1688312361945,"used":1688299690846,"created":1688299690846,"remoteIdentityKey":"BZNymI7TtwkgGUCa3NOHLWhXFLJ0aepstw7fqJBsJNVM"},"_chains":{"BaugSs86t0iI4CJ1DWAJs9iMeAzUYg+sTpXS/JObDkoa":{"chainKey":{"counter":1,"key":"fCMlKg6rSIVnzaahzlIf7GoTtjz00sC7l4Uxwq9g7/8="},"chainType":1,"messageKeys":{}}},"pendingPreKey":{"signedKeyId":0,"baseKey":"BRMtjrV/Yndsd8PhCuNjb4u/WiCJN6hYp07TUNAB6GN0"}},"BfFZ5x+MnHIXbtOOqEkFuYxXPMCZsMu/NCbWiQAa9NID":{"registrationId":1640938682,"currentRatchet":{"ephemeralKeyPair":{"pubKey":"BWbDRTj9TIxbDpwApJv/noTYXWH6+Hi3kQtj9/O5+14T","privKey":"4Oxrv/08WKNpnmP4r2Mfz81wFXHlMZ4JmYwIat8M+E0="},"lastRemoteEphemeralKey":"Bcig5otuxNcEkwpKdKgq0olMpbWukMHot6AvUVsY4Kxb","previousCounter":0,"rootKey":"nEZScxC4cOwuEEJgSo8ed9WkLWfyic6uT9WzXOiweOk="},"indexInfo":{"baseKey":"BfFZ5x+MnHIXbtOOqEkFuYxXPMCZsMu/NCbWiQAa9NID","baseKeyType":2,"closed":1688402107759,"used":1688312361961,"created":1688312361961,"remoteIdentityKey":"BZNymI7TtwkgGUCa3NOHLWhXFLJ0aepstw7fqJBsJNVM"},"_chains":{"Bcig5otuxNcEkwpKdKgq0olMpbWukMHot6AvUVsY4Kxb":{"chainKey":{"counter":9,"key":"4dxRHpP2toLY+dBBfnqoRE749HiFvkzumQqvrXe1ca8="},"chainType":2,"messageKeys":{"0":"vt8UyzCfv3J7vHK8y5K6nEp3w1cMtqEIeUvKwd01a4Y=","1":"lRO/Avn7lwB5DCOCOTp7qNkejGprtWuEqFR1uojluKE="}},"BWbDRTj9TIxbDpwApJv/noTYXWH6+Hi3kQtj9/O5+14T":{"chainKey":{"counter":-1,"key":"zVnd4Lq2jWVcGhKIS3RObKvvZ6Ko0MF6yq1InTb76Xo="},"chainType":1,"messageKeys":{}}}},"BaN0AoLL4RkpBiOfwlZ9AxtFwZPme6cIqw6I+PlWKgVc":{"registrationId":1696241853,"currentRatchet":{"ephemeralKeyPair":{"pubKey":"BfjIs0rLYralsUa+9Ys3rxmlmVFj9Mn8Uy4D0tmm9Pc2","privKey":"eA9+wlj0IcYWj7YgI4eHW0r8+LBq0KAYlSqnaHkduGg="},"lastRemoteEphemeralKey":"BfklXa0UQypx//Vb4W+PnIe+YE2UXA1Vhg7SFtVzH64D","previousCounter":0,"rootKey":"QEjgYSB0qS8JGqKsZhLYL26DGG3+3xLe3VoiJZFr07Y="},"indexInfo":{"baseKey":"BaN0AoLL4RkpBiOfwlZ9AxtFwZPme6cIqw6I+PlWKgVc","baseKeyType":2,"closed":-1,"used":1688402107775,"created":1688402107775,"remoteIdentityKey":"BSJY10GtnB49s0onewbActnCJKN2fqQ15yXXcnv2R7Bz"},"_chains":{"BfklXa0UQypx//Vb4W+PnIe+YE2UXA1Vhg7SFtVzH64D":{"chainKey":{"counter":1,"key":"JRMyYjhwt6I6slCyGOK4DkpqutMgJqw0sEWgkC3xUCo="},"chainType":2,"messageKeys":{}},"BfjIs0rLYralsUa+9Ys3rxmlmVFj9Mn8Uy4D0tmm9Pc2":{"chainKey":{"counter":-1,"key":"bfZ1HFyZyHcBPMr9F+OyCu6J79Gx9iieyc2bSZ3SYmg="},"chainType":1,"messageKeys":{}}}}},"version":"v1"}