{"_sessions":{"BYE/Jhw/jdW8h24Cc+Rnv7wlaaOwENjgk0ZVh5UV6yME":{"registrationId":1874608939,"currentRatchet":{"ephemeralKeyPair":{"pubKey":"BYmrURjGJnKQ4SZ9Ra60XoFZY7cdtBtCHIJsNRGK8Z1N","privKey":"oM5KjlF5OOcdzLFdztfYH3/U8JQU1bf0IaPfi5VtG1A="},"lastRemoteEphemeralKey":"BRXLnantDuLYe/8zj6+zisc7vSLJHbCaW2kjhO4EIIk+","previousCounter":0,"rootKey":"zEltBARB1RkUTx2JbHnnuU0Wgz1KL/my2Rb/Je6oqgQ="},"indexInfo":{"baseKey":"BYE/Jhw/jdW8h24Cc+Rnv7wlaaOwENjgk0ZVh5UV6yME","baseKeyType":2,"closed":-1,"used":1688299564869,"created":1688299564869,"remoteIdentityKey":"BVVuV6PyixK5niX+PlC4eFDJtlYg52XQTresAX8hvsIZ"},"_chains":{"BRXLnantDuLYe/8zj6+zisc7vSLJHbCaW2kjhO4EIIk+":{"chainKey":{"counter":3,"key":"01ZaWJuWg0B8guPj4hjO7UUeTefvN0U7ZFzL5CpMQkU="},"chainType":2,"messageKeys":{"0":"DNL4R3T7MzfaeVHC34DzNq0OmVe3QtZBNr7zVwp1C78="}},"BYmrURjGJnKQ4SZ9Ra60XoFZY7cdtBtCHIJsNRGK8Z1N":{"chainKey":{"counter":-1,"key":"v1y2CZGbq1bRWqrP0d/zBsA748Y3ebYSivYhMyvMnKU="},"chainType":1,"messageKeys":{}}}}},"version":"v1"}