{"_sessions":{"BWjPUwct/VWLZbBBA9xtjesiV0t1a5KuOCCnY/yCKWl4":{"registrationId":630139073,"currentRatchet":{"ephemeralKeyPair":{"pubKey":"BSm2zBcZQ808hrkzV5lvZBi5bsPBh5s4JB8rpB6h9Fwh","privKey":"uJC+JVFSFZo14Atrkmr05Rk4XAiHF05uLKOE7IUu12g="},"lastRemoteEphemeralKey":"BSQTHAHweZwTl0rVsbsdzkw2dBGAhZcVKnbGoRlb9G8a","previousCounter":0,"rootKey":"l8/+RnChI8SEY06oDnN/0lEfrxQDpdMpbeFD5sTMwGk="},"indexInfo":{"baseKey":"BWjPUwct/VWLZbBBA9xtjesiV0t1a5KuOCCnY/yCKWl4","baseKeyType":2,"closed":-1,"used":1688299589372,"created":1688299589372,"remoteIdentityKey":"BRzjZmRsBI2l2eU/MqQv3s+YBSZHUH7mKzUcjdkGTCBC"},"_chains":{"BSQTHAHweZwTl0rVsbsdzkw2dBGAhZcVKnbGoRlb9G8a":{"chainKey":{"counter":6,"key":"zlNswPsGt+vfG7my6mpi/Sd6vW7U6f8nUOdcmHXI7s8="},"chainType":2,"messageKeys":{"0":"mWdcLG82Tm5NA4swHxGKMEo+FyW1jbbdAsm7A+fjaq4=","1":"Abq1DxBpIs9OrCm+paMtlCIDBHLCE2/HG/36XDvQgkQ=","2":"2wEXU1J2yO81mhjprGRcYvy4eFL5M62LGwvDtteJgsg=","3":"Rl302wt5sEj1P4i3TtiWCYIuMvZgjPniPOx2h+rDRRM=","4":"9pBeEf5yhkx/iH1hJO7YAV8X4PN+ACYetkAhWgWp/Mk="}},"BSm2zBcZQ808hrkzV5lvZBi5bsPBh5s4JB8rpB6h9Fwh":{"chainKey":{"counter":-1,"key":"OSZL8Ei7CFhfciYEOcFWhP91XZMaI9OicWsXmEk1Fl4="},"chainType":1,"messageKeys":{}}}}},"version":"v1"}