{"_sessions":{"BQg0F4vpY37v5GA3Ywy+B0E/m1zEftDc7G9YZpa4NzNC":{"registrationId":1595913265,"currentRatchet":{"ephemeralKeyPair":{"pubKey":"Bc5JWoW3NHnve4f7QoZte+JQBAF9ypN4gBQcuw4fIoIb","privKey":"uNpHBsztqZK8ckNmUvowPF2h6uOY9VrMBPRcXEfqcGs="},"lastRemoteEphemeralKey":"BRrNJx0Dmo5E7Pz+B/6cHXUv5g4Cl6U+oYLPzV0VvQ0n","previousCounter":0,"rootKey":"VG3wTyQfeU3mi4MdpnJEOlYrTb2ifWJHaNCKy3H7KiA="},"indexInfo":{"baseKey":"BQg0F4vpY37v5GA3Ywy+B0E/m1zEftDc7G9YZpa4NzNC","baseKeyType":2,"closed":-1,"used":1688299579926,"created":1688299579926,"remoteIdentityKey":"BTXOgpje9sXxzaDz2GUVsNuh6WqFas1oITqeH/RX1G07"},"_chains":{"BRrNJx0Dmo5E7Pz+B/6cHXUv5g4Cl6U+oYLPzV0VvQ0n":{"chainKey":{"counter":11,"key":"TBpOPOeXd+Mvd9ceKkOBb4pfmRlq8Qm1xXV746zqg4c="},"chainType":2,"messageKeys":{"0":"YoNY8a7SIKf3tKd23ykpQATsO+aw33J3QV57eTZCLAo=","1":"5Pe+NVvmqIekgPeoK95gwuBWnKNkG4Qehl0iG88pYF0=","2":"oUhKXOHZSZOTYdFFt//DTg56HQZEeSNf6tOioTyhW7I=","3":"SRwIrd/Tf9/nmJlK4mFWRaVpBp/r+MxNCadvOMwJTzk=","4":"oHYlIFobOKrv8jOIwL9xr5uKy6j0mh2jxLst0ERKcvE=","5":"/wL9A/LdwA6//7ewq8na+XevT0nvOAPdZKdlyFZGfOc=","6":"rCrbU1SnfALoa8o/QhQ8Z20BDw7dbNnIPgHmcUM//C4="}},"Bc5JWoW3NHnve4f7QoZte+JQBAF9ypN4gBQcuw4fIoIb":{"chainKey":{"counter":-1,"key":"EfKHNuiOqUIZCs259USTvQRil5t65NIiLX/qhoYl6Uw="},"chainType":1,"messageKeys":{}}}}},"version":"v1"}