{"_sessions":{"BbmTxjB+HoIPnoBIv1cv3NFXVq3SFTct0yAA/mksgchG":{"registrationId":244,"currentRatchet":{"ephemeralKeyPair":{"pubKey":"BYbHaSa4S2iCW+w/Tyuhhwy1D023MG3nvYLJ5HUitJEa","privKey":"uCR7cUB3DM1DbYL0z1VRXQBaJiDpc5Yr7lQKQPwqp0M="},"lastRemoteEphemeralKey":"BeIDScFg/lJ6ERBznP9hy7VKX/5k5PN4IZk/y/rQsoc/","previousCounter":0,"rootKey":"GxmmG62/IAQUO68ChgNJytRGqAvb4SqqdsexJ2B9+po="},"indexInfo":{"baseKey":"BbmTxjB+HoIPnoBIv1cv3NFXVq3SFTct0yAA/mksgchG","baseKeyType":1,"closed":-1,"used":1688331280059,"created":1688331280059,"remoteIdentityKey":"BQlGXeZDEMOKxTxxQ7KqxTdoz/8Je0C6tPKkNb/vjilK"},"_chains":{"BYbHaSa4S2iCW+w/Tyuhhwy1D023MG3nvYLJ5HUitJEa":{"chainKey":{"counter":1,"key":"2uq4mMzx1n4w8FHRUktlx+Yml1SmmiNtJRD/SyQVDto="},"chainType":1,"messageKeys":{}}},"pendingPreKey":{"signedKeyId":1,"baseKey":"BbmTxjB+HoIPnoBIv1cv3NFXVq3SFTct0yAA/mksgchG"}}},"version":"v1"}