{"_sessions":{"BQvJ/gNn4klD38qoEvGsiFjy/Zrt/1mDTYRFPPxqNYkT":{"registrationId":1593108173,"currentRatchet":{"ephemeralKeyPair":{"pubKey":"BSNnMLcEJTTAuiAYgD8CT5GHQFHI6tWPXc7lrvE9iwcz","privKey":"0JaP6KGlJ0sjUkBkEXBl/rYC8tftWhyAu3ediexfKUQ="},"lastRemoteEphemeralKey":"BZQKvDFJEEBFiV1FD+PQozfaLVvw8CjVhQAxprMTmVJd","previousCounter":0,"rootKey":"x6DJH1nyTka+K07CDCrg3XEvCJaA3eBHN13Y1bN+PQI="},"indexInfo":{"baseKey":"BQvJ/gNn4klD38qoEvGsiFjy/Zrt/1mDTYRFPPxqNYkT","baseKeyType":2,"closed":-1,"used":1688300425022,"created":1688300425022,"remoteIdentityKey":"BWec6FgZZlEPDod0zbgh8LYe2XSVQ+8HAr5/2Q2ZPjl0"},"_chains":{"BZQKvDFJEEBFiV1FD+PQozfaLVvw8CjVhQAxprMTmVJd":{"chainKey":{"counter":1,"key":"qOCirsJzUzz8tHKtcq54Bfu9M4uRjxFgXOYWNXoV4tM="},"chainType":2,"messageKeys":{}},"BSNnMLcEJTTAuiAYgD8CT5GHQFHI6tWPXc7lrvE9iwcz":{"chainKey":{"counter":-1,"key":"DY600ECU8mKht1nh/g1DtAB0M199UJwI969ku83skE0="},"chainType":1,"messageKeys":{}}}}},"version":"v1"}