{"_sessions":{"BZ9BFf6rLDBBSGnsUdqb6i6/6jF/Ixw6183L7n7hqWI5":{"registrationId":1018175611,"currentRatchet":{"ephemeralKeyPair":{"pubKey":"BXfvfFUgwyro345qfq5vBcXNIRCkH2dnmj+JWdqDai4w","privKey":"0LUYH2i5juw5wlSLlcuaC6jX7Qk21gzWXiKZoXeo20A="},"lastRemoteEphemeralKey":"BSSMBMHuqqwEP89+Kw4GjL08PgIC8+Qcnt1thAFdnK4R","previousCounter":0,"rootKey":"F0+/jhlLPu5zK+QS3CujEocEL4hnxRCfAMBCakkvTKM="},"indexInfo":{"baseKey":"BZ9BFf6rLDBBSGnsUdqb6i6/6jF/Ixw6183L7n7hqWI5","baseKeyType":2,"closed":-1,"used":1688299584962,"created":1688299584962,"remoteIdentityKey":"BQYaCF//CfGIab1I07MzA71GnQcFgiwrxihhj7VdNmww"},"_chains":{"BSSMBMHuqqwEP89+Kw4GjL08PgIC8+Qcnt1thAFdnK4R":{"chainKey":{"counter":24,"key":"1OSsjW0qBsymlo/fMbXLI8gHGjD82g9BAFNSv2pwpIk="},"chainType":2,"messageKeys":{"0":"b8K7WeB+96yROAhf14j5/4v3o8bxOuTGhNZJk8zP36Y=","1":"wqeCylapd7HWkN9BIbgVv6lS4+TLkm0w+9raZh+3oZI=","2":"CqUZtUbP+peaLOVR/Yq/PzUDnmGXj4na+q9X0+nnWqY=","3":"nkOo1RYQ+U3q1KkYCOlxMO1pNQG9+d5cuAmUB3mfc2Y=","4":"0Hxz+zWZDf2SmEv22C3u/wa0hmGDLOVcDaZUws0y9D0=","5":"UFyaipAhNcgQsfhYxkxhkwWG26PKUV4Rg2Kv4puX8qw=","6":"ObufwZWiLBh8UkmyL/rdJt1iMvjAMLho0aKMdRncOtU=","7":"pi2WjtvE1XSf7PWGeoz+c5JRvnY7qKN906/8qtRRrN4=","8":"mK5NVKx/+oFWPlOyKO3vSqeIqdK1Hv9r0af0L5F4swY="}},"BXfvfFUgwyro345qfq5vBcXNIRCkH2dnmj+JWdqDai4w":{"chainKey":{"counter":-1,"key":"slALC4BY5enX2LVYEVjquFf6HjhlmG/KieWpfctxHek="},"chainType":1,"messageKeys":{}}}}},"version":"v1"}