{"_sessions":{"BWPMavDHa2IQaVfgXXsr4qRPzJ0DA17k5BCcJNyDztNU":{"registrationId":208163321,"currentRatchet":{"ephemeralKeyPair":{"pubKey":"BXxMfiyMzJQ4HU+EKxf7dIpcs4iB03wWBmu6Qit6MUlS","privKey":"gNruAv2GXCJPPISFl/cAxw5yIYUQa1bdJZPe4DGMqFE="},"lastRemoteEphemeralKey":"BVnVtzgL9H1mMKuZQqNbb7qJdX/gQooSaHg/4qDWb1dZ","previousCounter":0,"rootKey":"U5Ce8cYzBqH8GA+erzJlrfCFV1PaIe3mYysXX4vBrrs="},"indexInfo":{"baseKey":"BWPMavDHa2IQaVfgXXsr4qRPzJ0DA17k5BCcJNyDztNU","baseKeyType":2,"closed":-1,"used":1688299597230,"created":1688299597230,"remoteIdentityKey":"Bexh+ak5jT1Cg5tXrRfK2n9Tu+G01qLUjbgI+3KkdpJf"},"_chains":{"BVnVtzgL9H1mMKuZQqNbb7qJdX/gQooSaHg/4qDWb1dZ":{"chainKey":{"counter":2,"key":"qFiO7a/GBS8RDe/MSDWV2EMI8jkxPl3/srixJ3pM6VU="},"chainType":2,"messageKeys":{}},"BXxMfiyMzJQ4HU+EKxf7dIpcs4iB03wWBmu6Qit6MUlS":{"chainKey":{"counter":-1,"key":"0RgjKP2DrL1WCbaQpGIQttY4xydkVP4PLNxLgdqt5Yo="},"chainType":1,"messageKeys":{}}}}},"version":"v1"}