{"_sessions":{"BZ+Ad4tADksFx0j3anyvz0bOkYyEX/U8PCS0VvgUyIgH":{"registrationId":80096776,"currentRatchet":{"ephemeralKeyPair":{"pubKey":"BdA2vA5/LLaqkp6kLaLXPjILEKzdFBp52Hdq8TzGKlwi","privKey":"+Jl7XDs8zjCJwdOvj3x+/9Kx7y6ILD3SFnQGOWOKxkQ="},"lastRemoteEphemeralKey":"BXoIz1kgol5wJ4IFXNaKzPBkAjSWSFAYZNb4/2iVPM0G","previousCounter":0,"rootKey":"zLsHRx2NzzrNUluOfr7i76mMLhwOlG9VSzVFqkQ9kTk="},"indexInfo":{"baseKey":"BZ+Ad4tADksFx0j3anyvz0bOkYyEX/U8PCS0VvgUyIgH","baseKeyType":2,"closed":-1,"used":1688299596081,"created":1688299596081,"remoteIdentityKey":"BUYBMfrVmBYCsxz28TGPLWrY1OX8A/FfC9YFHxTIyGtV"},"_chains":{"BXoIz1kgol5wJ4IFXNaKzPBkAjSWSFAYZNb4/2iVPM0G":{"chainKey":{"counter":1,"key":"SoVAxZv8+kxBH0aOmUTGWFo8lvEnbur6vkEuX1EV+ck="},"chainType":2,"messageKeys":{}},"BdA2vA5/LLaqkp6kLaLXPjILEKzdFBp52Hdq8TzGKlwi":{"chainKey":{"counter":-1,"key":"zyufcAMcO5nDsPuRcayx+bhEBSwxWw0YYd40OCP1C88="},"chainType":1,"messageKeys":{}}}}},"version":"v1"}