{"_sessions":{"BUaTi3gDDYkXsVUWBov3XmtFA1l7z6o3a9ethrcTb+oK":{"registrationId":36,"currentRatchet":{"ephemeralKeyPair":{"pubKey":"BZJD7OT34DZUQuiWyYcNFHAoK1tL0GpzgjMnRG2McIkc","privKey":"0PeriRrUbCTFciYEIHE6SN0S65QgHpTTB4L2eXxbMn0="},"lastRemoteEphemeralKey":"BfkaBEWHorSqAgEYpcFsDpHdjd6bpdRAy/ieK8j3DFJ+","previousCounter":0,"rootKey":"fuVgCkWu1XzcfA2ECMvGPytpgLQkseBJdAZ6DbGSs38="},"indexInfo":{"baseKey":"BUaTi3gDDYkXsVUWBov3XmtFA1l7z6o3a9ethrcTb+oK","baseKeyType":1,"closed":-1,"used":1688331280011,"created":1688331280011,"remoteIdentityKey":"BT8vhP0yUqlbUnzI/EDQ++4unoBTS9Ur3UvHtSAqALhJ"},"_chains":{"BZJD7OT34DZUQuiWyYcNFHAoK1tL0GpzgjMnRG2McIkc":{"chainKey":{"counter":1,"key":"/nb8KB8BRhA504sMvL4KQHbWoiM7IPQDrebS67Xhnng="},"chainType":1,"messageKeys":{}}},"pendingPreKey":{"signedKeyId":1,"baseKey":"BUaTi3gDDYkXsVUWBov3XmtFA1l7z6o3a9ethrcTb+oK"}}},"version":"v1"}