{"_sessions":{"BUsZpMaGbpfPNHWDj6TXTWFghTztH2d5e5piRjpTKRQ7":{"registrationId":691920273,"currentRatchet":{"ephemeralKeyPair":{"pubKey":"Bb0CXxIlxAGtaS/AamLNtsCbxw9AegCxWXd5oBKL1Pc4","privKey":"QCEXTe0jFFIle7ScXtNwi5w5MLLmNN1u7jy1l0QsHHk="},"lastRemoteEphemeralKey":"BaT3Mtw+Bg/9IUyvOmPdgZ2fGr9uQlURtP2nM08/eup/","previousCounter":0,"rootKey":"Ow4UHFF34dXvA041mJOMB685t5Keqnew/BDhe0RnYDQ="},"indexInfo":{"baseKey":"BUsZpMaGbpfPNHWDj6TXTWFghTztH2d5e5piRjpTKRQ7","baseKeyType":2,"closed":-1,"used":1688299585626,"created":1688299585626,"remoteIdentityKey":"BeLKY05XF7T2v9MD+Ntt620h7O2X/YgjVNhBxNDKch9T"},"_chains":{"BaT3Mtw+Bg/9IUyvOmPdgZ2fGr9uQlURtP2nM08/eup/":{"chainKey":{"counter":8,"key":"KTJv/9wrjZGi/I//7HS44dtwWYtMNwhK4NU7slkFZz8="},"chainType":2,"messageKeys":{"0":"wAtkkeaRo0a2Dih/ELlO4XbM3TW+OCT3G87wb1q7wqw=","1":"fDEvYlLUDdtA2S/VoZFD33On/EjgQU7SRgUsD/8sy2o=","2":"G8e/C11bMFprSyDtrTIkJbHj0X0bWPMWw0F/D6Rpm+4=","3":"HzNI4mEACySCtjBA7J9HBUhaXE9VYTqGwbqEHBlLdyw="}},"Bb0CXxIlxAGtaS/AamLNtsCbxw9AegCxWXd5oBKL1Pc4":{"chainKey":{"counter":-1,"key":"wIQZNyCxcQrzNQNFW711p5DzsKmK3gjt8KJq0iOooes="},"chainType":1,"messageKeys":{}}}}},"version":"v1"}