{"_sessions":{"BYu6fuPpKxwA/B5RJ7ZoHLBoXtpzLF5AJpmpRg4MQ68I":{"registrationId":703969941,"currentRatchet":{"ephemeralKeyPair":{"pubKey":"BXtJbbXm2HDlVo3F6A0u3qJuVoQa7uevMeCF+sRWfMlE","privKey":"+OS+HhqXTK4wUIlyEXN0mf9IcLDMP3ahpPGrJfW5sEs="},"lastRemoteEphemeralKey":"BdfF5m5a+/o5G22nqyYJzibK+9ooLbr71xPmEKOLb957","previousCounter":0,"rootKey":"EIEzOz/gYotMiGhVtPUzGAxFRjoeENREvCWJrwlhehk="},"indexInfo":{"baseKey":"BYu6fuPpKxwA/B5RJ7ZoHLBoXtpzLF5AJpmpRg4MQ68I","baseKeyType":2,"closed":-1,"used":1688299643134,"created":1688299643134,"remoteIdentityKey":"Bdx+FYIel0V9s9oIWnKjQJ0yubDkMCz1IglddxYvi+El"},"_chains":{"BdfF5m5a+/o5G22nqyYJzibK+9ooLbr71xPmEKOLb957":{"chainKey":{"counter":4,"key":"fWCggeWlEd61zFx0KdrPXFGKKBYW2GdRv9wHuClP4+8="},"chainType":2,"messageKeys":{"0":"Op9gSxj6XPaPHjtTXM8L+1fIkOfCWa2pfuhilGs7qGQ="}},"BXtJbbXm2HDlVo3F6A0u3qJuVoQa7uevMeCF+sRWfMlE":{"chainKey":{"counter":-1,"key":"s9EMCjiVUTe4muMCgMRIlgfaVp+PDdteQlNqwjCloRc="},"chainType":1,"messageKeys":{}}}}},"version":"v1"}