{"_sessions":{"BZFaMZ8iHs6X+FjPywzL56HYJflHLdIS6BFZubWotgNE":{"registrationId":1166331874,"currentRatchet":{"ephemeralKeyPair":{"pubKey":"BXglUy4sQcpOMtv62WJjs092kG/0Qi+y6GpPfCcdrjYc","privKey":"UICL1y8VVcXzpmi/Pna5ZkEk6nxuLVAM+QqV/99UcGM="},"lastRemoteEphemeralKey":"BQxgpwEKeS/cRiYaOi223Lrzfbpa4K6RCu9K1X9MdHox","previousCounter":0,"rootKey":"cyf9PCZrbsve9qhR/LqyJ+XnPRczLdKlAluJEbGKBQ4="},"indexInfo":{"baseKey":"BZFaMZ8iHs6X+FjPywzL56HYJflHLdIS6BFZubWotgNE","baseKeyType":2,"closed":-1,"used":1688299570756,"created":1688299570756,"remoteIdentityKey":"BVEWwYK9RFdNeNI2ndRLL+x1Sd20xCpP5R1peBIushgV"},"_chains":{"BQxgpwEKeS/cRiYaOi223Lrzfbpa4K6RCu9K1X9MdHox":{"chainKey":{"counter":19,"key":"KgmO8J6rmTEoFmaZ/i9A0OLxBCWklsaeJNuISlmr2eo="},"chainType":2,"messageKeys":{"0":"d0XxiE10CA79LbGoJpJ84uFwrlViMXN/lyV4j9fu5f4=","1":"uxIz7BrkkeNvyWbwUi8r6Wp7sNl8ka9NazO3+GLPLmc=","2":"0w9RGzKFhDCLWMBbHyjZu129wqiYLd3OL+ATtqIjnl4=","3":"7V+OVxS0R2MS0Tt/q7/usyuKSodaxS9pb5uvhOYcCjc=","4":"NhBLJmpi7ls2tZFwftWfyTmp2ugDVDrzsUx4M8RWvgg=","5":"jWMACfmk1C4frK2yzBGuyzhBIsHzwrsVCt2nzbxQ1qQ=","6":"gUPCHTfH/JLgGrn/lZzWO5oDnAHwwtYH7XwfD3ROrpo=","14":"zCjeH4nY1w87a+71ba6RaLE1QHrZN59JF40dWaGixLg="}},"BXglUy4sQcpOMtv62WJjs092kG/0Qi+y6GpPfCcdrjYc":{"chainKey":{"counter":-1,"key":"hqoezfqvJ2mFDolfGpfWuF9FVc4q/Jc5fbH/Uzn7H2w="},"chainType":1,"messageKeys":{}}}}},"version":"v1"}