{"_sessions":{"Be5SuFuTm8ok3ptVNCedGfvRFvJwzmIs5qYcm6YwhRYf":{"registrationId":1782967111,"currentRatchet":{"ephemeralKeyPair":{"pubKey":"BZgVw3ASljKOlPXWyB5aDoKDiByOEX9mFeiHNJeto6Zc","privKey":"CKNHelNgGABJyXVriUWwxtS4nvsT8SrVLa6pvh4Vj3M="},"lastRemoteEphemeralKey":"BeN5zQ8rb9JdvGE6Ak0bcOcfv/RTtHqEbc6QGvugAApU","previousCounter":0,"rootKey":"hc59W4fJQlQ9y9KP8wx5J2wZOhwDgejrdGWKi4xN0f0="},"indexInfo":{"baseKey":"Be5SuFuTm8ok3ptVNCedGfvRFvJwzmIs5qYcm6YwhRYf","baseKeyType":2,"closed":-1,"used":1688299574076,"created":1688299574076,"remoteIdentityKey":"BcA2ChtAET3GtHgHEydpxoIiq18UIDIaUVnc27/uEoRC"},"_chains":{"BeN5zQ8rb9JdvGE6Ak0bcOcfv/RTtHqEbc6QGvugAApU":{"chainKey":{"counter":9,"key":"YezKfqCLdDOMHuyFY90Sq9athXPr8EP9cBhLz/p9r2g="},"chainType":2,"messageKeys":{"0":"BTV/ijQTYlLMvGdOSyNMCjOf+ZUuL6l6wEpWzXDkQ4U=","1":"HtkE2LNHyeJ91xCroutFs/tYoBllaw6blu2qptelzO0=","2":"JsmSG9MBQI/38vGKE0vXyksk5ULWs1vowjQHkd56T30=","3":"/umRRP43fppkElhDWz4rWsqz2GFBVS+QWo4AeBJZ5XM=","4":"D4hvAqbAB4o7l96L/aoxh+A7rfQn2sBrB4SM0PG+pXs=","5":"Atbwmw+V1gWj5byykFd5gGiE+HRH27F+G5GdFd3YuKw="}},"BZgVw3ASljKOlPXWyB5aDoKDiByOEX9mFeiHNJeto6Zc":{"chainKey":{"counter":-1,"key":"HT8lf84Utq8U8gNs7xLu1OcyJbY3Fjnn5j90PJHHYsM="},"chainType":1,"messageKeys":{}}}}},"version":"v1"}