{"_sessions":{"BeAjl4cO6w6XVWTjAsgK2asTQQcf9QMkV9Lsb5lMvGwQ":{"registrationId":12107,"currentRatchet":{"ephemeralKeyPair":{"pubKey":"BZGOiTbDF0RbjmJu3Xv7ZSw9ePDYJEPFJ+hv1BGFx10P","privKey":"oPbgnjMa/4T7JEUpNuy1P2IXUdj1HEgM073wop0LBnI="},"lastRemoteEphemeralKey":"BQciaB2aTOQfBr1C62Wpf1/JYDoRSjFob6Z8WuyCnkkl","previousCounter":0,"rootKey":"MZ/OYpqH0m6LNXVQ1OnGMJ836gp8HpeXwllJdWLQCEU="},"indexInfo":{"baseKey":"BeAjl4cO6w6XVWTjAsgK2asTQQcf9QMkV9Lsb5lMvGwQ","baseKeyType":1,"closed":-1,"used":1688299690828,"created":1688299690828,"remoteIdentityKey":"BUDykeDbIa8usnKW6LjfnQSNvR9wwANe6guFINr08/Zn"},"_chains":{"BZGOiTbDF0RbjmJu3Xv7ZSw9ePDYJEPFJ+hv1BGFx10P":{"chainKey":{"counter":1,"key":"6WIeBIUqfGmM7iUw+7K5DocJuW4tUMc0T5u+77JqDR0="},"chainType":1,"messageKeys":{}}},"pendingPreKey":{"signedKeyId":2,"baseKey":"BeAjl4cO6w6XVWTjAsgK2asTQQcf9QMkV9Lsb5lMvGwQ","preKeyId":304}}},"version":"v1"}