{"_sessions":{"BR+BEQg5lMa6G4Io3AbVnNraYaPL5SvS+b/PJm3pQIsy":{"registrationId":797521477,"currentRatchet":{"ephemeralKeyPair":{"pubKey":"BVvxDsbbliluRVZWxNORrFxZDPbJ31pt1kgkeSy3+egY","privKey":"GHUX/vTqAML+FMXx4IU+jdCqISTL1h7kQyrc3H07gFY="},"lastRemoteEphemeralKey":"BX1z93lu3XnGUhiHhM5CD1PTUptghglbgYcA6p7JlX4Y","previousCounter":0,"rootKey":"qXJmYFNH2CfIq7P0cjca+BCfvRxW164tA0JxgQTzRMQ="},"indexInfo":{"baseKey":"BR+BEQg5lMa6G4Io3AbVnNraYaPL5SvS+b/PJm3pQIsy","baseKeyType":2,"closed":-1,"used":1688299642348,"created":1688299642348,"remoteIdentityKey":"BYF5n5lls55SttxVSmS0Qy+5gJnJpdMHFAG/CUNxRlkk"},"_chains":{"BX1z93lu3XnGUhiHhM5CD1PTUptghglbgYcA6p7JlX4Y":{"chainKey":{"counter":0,"key":"0YcKbYTkezhkJBDYGksJBKNDYJJAKbYGIsQypsTMLcE="},"chainType":2,"messageKeys":{}},"BVvxDsbbliluRVZWxNORrFxZDPbJ31pt1kgkeSy3+egY":{"chainKey":{"counter":-1,"key":"2Z63eEjWCi6m9l2OCfqJ6AgzlLyKl2dg6XRDCeF1ebs="},"chainType":1,"messageKeys":{}}}}},"version":"v1"}