{"_sessions":{"BcYCkxjwJL8yFxWiS3VMwhroeGTsARgKzXpLopomjzpG":{"registrationId":2120685837,"currentRatchet":{"ephemeralKeyPair":{"pubKey":"BR4HFn0Aq3wzzC/tith0FG0BFl2yHZhkZ9vGrNDK4XRY","privKey":"MJY33cV3XViuXbhv56PBySnuT2i/qJAfFkJSPJou6WQ="},"lastRemoteEphemeralKey":"BQfl8gNxeLzoo6xvbAlLRMmlm7jswXmlqe81f1SiDj1J","previousCounter":0,"rootKey":"BmVqwQ35oOQ0zL2z52EoZRnEJ+PysGUI9AHIqTkqC24="},"indexInfo":{"baseKey":"BcYCkxjwJL8yFxWiS3VMwhroeGTsARgKzXpLopomjzpG","baseKeyType":2,"closed":1688299566686,"used":1688075562007,"created":1688075562007,"remoteIdentityKey":"BetmuEWNpsh7Pnb1n927y219Mx4fz7WTyjoQD/Yx+nUD"},"_chains":{"BQfl8gNxeLzoo6xvbAlLRMmlm7jswXmlqe81f1SiDj1J":{"chainKey":{"counter":4,"key":"393ljtx3ExC7AFQynXg0upbR34TQNcUadRQQXvc5H40="},"chainType":2,"messageKeys":{"1":"6ngTi7J3P38Thr8LE9mn0GnIJEbCh6U8tObK0ANOLrU="}},"BR4HFn0Aq3wzzC/tith0FG0BFl2yHZhkZ9vGrNDK4XRY":{"chainKey":{"counter":-1,"key":"jtv1oDjW3ww6OWK28GiMvKhSZEZXnGL+jjAf+0g0UDc="},"chainType":1,"messageKeys":{}}}},"BY4ohTMoii4leSdA0w0zWNl2ZMzm+cLnYCNyqufoJQJV":{"registrationId":2120685837,"currentRatchet":{"ephemeralKeyPair":{"pubKey":"Bbd/hHRLGFqEUSGdNU2OPi4HFwAwGtEHx8NVg0Du6+YU","privKey":"uMxrA4mFUiBWWOHq56IP4Laq6Ow86d4jRBit1Rwo/nI="},"lastRemoteEphemeralKey":"BdOQIX7kikqygS/+7GjnAy919eQDvp1fjNH/rYzjJ285","previousCounter":1,"rootKey":"l9PRmGmMM+j7BEjNaBCD8l/GtFuvW5D1HntEyUvURCs="},"indexInfo":{"baseKey":"BY4ohTMoii4leSdA0w0zWNl2ZMzm+cLnYCNyqufoJQJV","baseKeyType":2,"closed":-1,"used":1688399287799,"created":1688299566696,"remoteIdentityKey":"BetmuEWNpsh7Pnb1n927y219Mx4fz7WTyjoQD/Yx+nUD"},"_chains":{"BZzEuEErl5zOHOQRhDKGRFE63ryQjrpEl8OHSxKfvol3":{"chainKey":{"counter":0},"chainType":2,"messageKeys":{}},"BdOQIX7kikqygS/+7GjnAy919eQDvp1fjNH/rYzjJ285":{"chainKey":{"counter":1,"key":"ckDCrACzVv9B3mYsLtuVLCdiLZctK8EUYXsOUzfGJMY="},"chainType":2,"messageKeys":{}},"Bbd/hHRLGFqEUSGdNU2OPi4HFwAwGtEHx8NVg0Du6+YU":{"chainKey":{"counter":-1,"key":"sejlnbFtnClteS2ubR3KX0A0v6Ifok1mKCacgNxVwec="},"chainType":1,"messageKeys":{}}}}},"version":"v1"}