{"_sessions":{"BUdPZCUqdzghnIzlxF67/Glcy3x9eWrg0DKstK8+VFpp":{"registrationId":92828768,"currentRatchet":{"ephemeralKeyPair":{"pubKey":"BVv87zmZJeS77UHSKqw+qwoYe6KaWzudmaEy5valywQw","privKey":"WGOKGgYWkZUKmlyLh5HN2bfC1I1nebinxqsB/s3dDUQ="},"lastRemoteEphemeralKey":"BfxrWzPemn0plkIQ7u2WZwDmc9dwUu1CDSh4BQ65HHkB","previousCounter":351,"rootKey":"pL67UfyB/LSy4lBe8nrOA0/SWwi9EYesxKSS/bmXtrc="},"indexInfo":{"baseKey":"BUdPZCUqdzghnIzlxF67/Glcy3x9eWrg0DKstK8+VFpp","baseKeyType":1,"closed":-1,"used":1688415897547,"created":1688400676001,"remoteIdentityKey":"Bf/7prRtjKlsfFXoMmiYDlHZZovyM0ASZnic7xDRygYE"},"_chains":{"BfxrWzPemn0plkIQ7u2WZwDmc9dwUu1CDSh4BQ65HHkB":{"chainKey":{"counter":0,"key":"J4EbmEEmUtPmj+x6sCGHZ2lyo33ZqiN+oopYkuV9N+E="},"chainType":2,"messageKeys":{}},"BVv87zmZJeS77UHSKqw+qwoYe6KaWzudmaEy5valywQw":{"chainKey":{"counter":-1,"key":"UI/HNRZ6ANcep3jhjccc/5XyuDViOnZW9UKCOM4CMDA="},"chainType":1,"messageKeys":{}}}}},"version":"v1"}