{"_sessions":{"BR4e9tDr3IqMUoi0JnFEipntwwUrfRy+mFmEcjrYoI9l":{"registrationId":2109624147,"currentRatchet":{"ephemeralKeyPair":{"pubKey":"BfL/AoOL4/78UcH/djnMLygdkTdomV45bF/REo5Y7nIg","privKey":"OGFAJwYjE5stRun68j9R9C2ZObB0VPTAlbbIys/o/2M="},"lastRemoteEphemeralKey":"BQqyHzjNlRBetPx0+tlsJRBfT1gX4tKdumpp/qw6Y40n","previousCounter":0,"rootKey":"8liBb6+qaMr+llxdt83AJ5mI+U6ow2tLfRzOxcQDkQA="},"indexInfo":{"baseKey":"BR4e9tDr3IqMUoi0JnFEipntwwUrfRy+mFmEcjrYoI9l","baseKeyType":2,"closed":-1,"used":1688299590579,"created":1688299590579,"remoteIdentityKey":"BeX1SPgtQVCNTuPZTbcNuOJV4XJnS8LDN2Kn76B0CCtw"},"_chains":{"BQqyHzjNlRBetPx0+tlsJRBfT1gX4tKdumpp/qw6Y40n":{"chainKey":{"counter":10,"key":"bW7ObUDcMD1Xt+4AAgP8/OXF91y7QaG2ozwpcfxyy8I="},"chainType":2,"messageKeys":{"0":"phd1R9krC3CFLls257dKHlcxMZSn4E4s+/KRsToWyj0=","1":"tiYhGRLOI1eEBJI/Q2uwCUUjebQE7HJmvizNZyd+i88=","2":"exsIIv8igvzOSdOMTIqpqogGUofeTkrh5qwRZdw98xA=","3":"Oi5MiD7mj5m6xY9cmkVHISNN793b/yhkdxfgCekwt08=","4":"KDmMteDpxsKu6/zePfb+IOhCw3837LX7ZiBVj5s7wZY=","5":"irpGxYfCXrPoXRCLlOwDrXiGGXGq3KnJ6kXOtBAvCh0=","6":"lTzTTW8Ab9uNGKZZPfYblYwlwX1FqPUZcttNVoeZGto=","7":"FL6ZqgYiRvr9+dsqQS7zEPbxMAdAQf2MlBgqbqs5nFs=","8":"M5vXe7VTw04pnHTQXAH9jYk3oUMS/1TtQa3PlzdVdiw=","9":"fXNBBMuN5cv2AQazxqQGoMoxbyPZVDb9KrmpwCGb2v4="}},"BfL/AoOL4/78UcH/djnMLygdkTdomV45bF/REo5Y7nIg":{"chainKey":{"counter":-1,"key":"FhWGdGuOWfHwZquka/SB7Ei3XJnGL8Jr7TI6t8lO6ho="},"chainType":1,"messageKeys":{}}}}},"version":"v1"}