{"_sessions":{"BSQJjqEni2A8iy+8rQDTkjofJw65eL6nAvdoZ0xvi48t":{"registrationId":372447150,"currentRatchet":{"ephemeralKeyPair":{"pubKey":"BQpWxMp1R/cn6P7AEW6zaB8X5zBREWoqIDFVyOZv9E5A","privKey":"sN1BqVZH27tuoip6wOWdPVYnsZkJPSofIBXaMpOvEEA="},"lastRemoteEphemeralKey":"BQoV/vVrpBM1ECJ1ajJWxPInrfXwC4tqIVvthoNAGMsf","previousCounter":0,"rootKey":"gphM9AXT8TJGTNT7lRd7cPImgPsNiw5ANDQt8CUarMc="},"indexInfo":{"baseKey":"BSQJjqEni2A8iy+8rQDTkjofJw65eL6nAvdoZ0xvi48t","baseKeyType":2,"closed":-1,"used":1688299639656,"created":1688299639656,"remoteIdentityKey":"BbG1rDLHmwi3E8Mnnn5bgVt4ahwAv8+QvgX+d4LbyHVn"},"_chains":{"BQoV/vVrpBM1ECJ1ajJWxPInrfXwC4tqIVvthoNAGMsf":{"chainKey":{"counter":1,"key":"RIlU3Z682g9Wl3njGcFE0bRTsexcPx0Q5ro8ArxwKTM="},"chainType":2,"messageKeys":{"0":"wnuBM0hXwsVnAzt7iCUxzvHc64S0Ld4Fm/wywj3anJc="}},"BQpWxMp1R/cn6P7AEW6zaB8X5zBREWoqIDFVyOZv9E5A":{"chainKey":{"counter":-1,"key":"FbfcfQyY32c96+E7zUwG6qVkonatoQqvBn9q2i6fp+A="},"chainType":1,"messageKeys":{}}}}},"version":"v1"}