{"_sessions":{"BemvlbYksBE4zoqQTBGsGJh2t12XpoHJVtlGG5E7OEY/":{"registrationId":11,"currentRatchet":{"ephemeralKeyPair":{"pubKey":"BZK4jT7kboMmTvrUevkJLMRBeNJ50G9X/vPVEyg9Kj88","privKey":"mOL2jvc/1XAHwBgqnMQxk5iQmPKEfgXeO7WIKAXdZEY="},"lastRemoteEphemeralKey":"BfbObBGcvEVwln7kmqW7AzedwsgzsKtQxvwj+BpjcDtK","previousCounter":0,"rootKey":"n+sB9onM13XTsIpgrfYlkfcvlTpdUveAqjDr4EP6UlQ="},"indexInfo":{"baseKey":"BemvlbYksBE4zoqQTBGsGJh2t12XpoHJVtlGG5E7OEY/","baseKeyType":1,"closed":-1,"used":1688331280070,"created":1688331280070,"remoteIdentityKey":"BStexGXujnQbstIxbOfLrIRYpiJRc2SwAc0InFAP6F4w"},"_chains":{"BZK4jT7kboMmTvrUevkJLMRBeNJ50G9X/vPVEyg9Kj88":{"chainKey":{"counter":1,"key":"ANpfRWCjFNUfJ7+px3WGqkQb1nkfnDLCFOfqkOmR5io="},"chainType":1,"messageKeys":{}}},"pendingPreKey":{"signedKeyId":1,"baseKey":"BemvlbYksBE4zoqQTBGsGJh2t12XpoHJVtlGG5E7OEY/"}}},"version":"v1"}