{"_sessions":{"BQVosG5KMfKmfC2y0wXTxXZ37mx1Q7bu7sUG2KOTgNRK":{"registrationId":1204960879,"currentRatchet":{"ephemeralKeyPair":{"pubKey":"BUexReCDOzMxLYhW9bAJvAEmxvo1ItmO0Cnv6Y+YWrce","privKey":"MCbhuE9SrssW5UaPUtOAkhq6isQnBWwAzX3as47RplE="},"lastRemoteEphemeralKey":"BcGDKcOUxcyatEQ8HgHIHnCvArvu657UyuBelTGqZTwy","previousCounter":0,"rootKey":"bPuJLsUJshaymrAzwKVJ2v9II6tfBEz97tjGG7ju2D8="},"indexInfo":{"baseKey":"BQVosG5KMfKmfC2y0wXTxXZ37mx1Q7bu7sUG2KOTgNRK","baseKeyType":2,"closed":-1,"used":1688348013156,"created":1688348013156,"remoteIdentityKey":"BT0+skhbjhnBZCtaMCvKkK40Dp9wXVp5TyuPl4Erwoot"},"_chains":{"BcGDKcOUxcyatEQ8HgHIHnCvArvu657UyuBelTGqZTwy":{"chainKey":{"counter":0,"key":"ICte10OJ/dQsswOzDizVuCpMvLBuZI2Zpsn8gf1kYiI="},"chainType":2,"messageKeys":{}},"BUexReCDOzMxLYhW9bAJvAEmxvo1ItmO0Cnv6Y+YWrce":{"chainKey":{"counter":1,"key":"YWeOyna7pDmProo6WoGTyWfdUDS0HZLG+mlurh8JKqE="},"chainType":1,"messageKeys":{}}}}},"version":"v1"}