{"_sessions":{"BYirOXK5ZBo1CQVhNUQfZYBBGkZNEMHL5C4CVUVJoa1q":{"registrationId":1706888592,"currentRatchet":{"ephemeralKeyPair":{"pubKey":"Ba1Rsxy/LOKkJYzzR7Kt8LahN/6oByxM5AeQ4pCMWF4O","privKey":"IHtVKMHdXVFfKT/0mTvoEZ6k2diqbPzgMg7N0IRnmFA="},"lastRemoteEphemeralKey":"BYquEXDnqQfpgiXnMjvYEz/6iV4QupUnkw3cmituGihg","previousCounter":0,"rootKey":"TEQBbQ52ANrene843srfhyHF2boQK1HzhO0lnnMDNj0="},"indexInfo":{"baseKey":"BYirOXK5ZBo1CQVhNUQfZYBBGkZNEMHL5C4CVUVJoa1q","baseKeyType":2,"closed":-1,"used":1688399286300,"created":1688399286300,"remoteIdentityKey":"BapRtqXN6/bytymrvWWYCFavZRmuXIMHjWILYCxxg4ka"},"_chains":{"BYquEXDnqQfpgiXnMjvYEz/6iV4QupUnkw3cmituGihg":{"chainKey":{"counter":5,"key":"lke1EUtGh4VgEQJRVxY6FcDqGahTJ9r0DuZOYh+ZGOE="},"chainType":2,"messageKeys":{"0":"z6ErUvQXI63EhhzZET/sSmZ02enBgtYwZjhuCcw1bTA=","1":"TTHW2GzryBVHG+6ZrC1U0uGnD1yuAX2zgWTLeGUpPDQ=","2":"zIr63y5FGru87gr3fW8WjQRKXnmzLzMvwOQeXp3M9Uw="}},"Ba1Rsxy/LOKkJYzzR7Kt8LahN/6oByxM5AeQ4pCMWF4O":{"chainKey":{"counter":-1,"key":"DSwaxcGqpG1/rVolYGnmRUV0Ik1I4XcEu/49b1Y6P4Q="},"chainType":1,"messageKeys":{}}}}},"version":"v1"}