{"_sessions":{"BTAoMJWV5IdMkWXlTCCmvdcOgPLEAYVHzs+E80GRXqNP":{"registrationId":998236305,"currentRatchet":{"ephemeralKeyPair":{"pubKey":"BVDMY2GmDwGtrU8bvQzOuXZAwDQ8e0Cmylzi/ZDPHfVB","privKey":"AGBw171RuKjLhYQNR9QHq5GySd2WTWdkz5LEQoxSEls="},"lastRemoteEphemeralKey":"BavRP2MoJLa22ZBN4f+dlmAkL5aZC9A0hsKGYaqB1UAm","previousCounter":0,"rootKey":"zBdFnpgdktIv3pNUjHG5gPoeGio/ZKRIk+8yvT4WF5M="},"indexInfo":{"baseKey":"BTAoMJWV5IdMkWXlTCCmvdcOgPLEAYVHzs+E80GRXqNP","baseKeyType":2,"closed":-1,"used":1688299569184,"created":1688299569184,"remoteIdentityKey":"BcXx60Pow1XOnEng8svTTLU0nlY3ZRMoxDfCmOA2JkUC"},"_chains":{"BavRP2MoJLa22ZBN4f+dlmAkL5aZC9A0hsKGYaqB1UAm":{"chainKey":{"counter":7,"key":"v/5cBWPyJqbIDtmKO7ic47a8BumNTTnZjDwWqxxFBws="},"chainType":2,"messageKeys":{"0":"z1SvBJWiPdLFOW6VvHCfqKU1Rm/w4jR5Ou7J/1cML7Y=","1":"Ab2MJOcjbvuCbYBUSyVFKBknkP3Dm05pJWhzG60X2gk=","2":"PZuKlABNT2vK/0tmDuZHx/q6oBIhG5g3JRQ5ZrIib9k=","3":"aTbKSi6TBYAT1VMhkOhLKS2SN5x+nOdwIoq4ZkUgQt0=","4":"zJtq9fmBzBaIGtBBSJrg4Ivh9K2ouiXt+d9584CTZEY="}},"BVDMY2GmDwGtrU8bvQzOuXZAwDQ8e0Cmylzi/ZDPHfVB":{"chainKey":{"counter":-1,"key":"XTxIkL4zCKipShyty1c+7ADZtVtMkQtJhrJgBLFv77w="},"chainType":1,"messageKeys":{}}}}},"version":"v1"}