{"_sessions":{"BXjliZN0A7sedDMUfjLwJSoHSyxT68KEMt4SG3vFbGtU":{"registrationId":1683979849,"currentRatchet":{"ephemeralKeyPair":{"pubKey":"Bd0LftxtrTnBPtzDsS9QtGQ24/PW2vSKXkdxIzVHpU1h","privKey":"0Kw5VjFubLW+EoM6P3kV59SOycwiOq9eKctMQjhup2k="},"lastRemoteEphemeralKey":"BWlFYTn9JM4zpOVmJ6K5uHPCZU+BTMbxhsf4CsLHA3Ro","previousCounter":0,"rootKey":"amZDNx14SsZZyNKDp8C6IvdEcqalD7eILJFYiaM+2Jo="},"indexInfo":{"baseKey":"BXjliZN0A7sedDMUfjLwJSoHSyxT68KEMt4SG3vFbGtU","baseKeyType":2,"closed":1688312368916,"used":1688312363131,"created":1688312363131,"remoteIdentityKey":"BUltsDitOoFcHywLePkULl2TyyT1Q7q1BF8GeyM9M6oz"},"_chains":{"BWlFYTn9JM4zpOVmJ6K5uHPCZU+BTMbxhsf4CsLHA3Ro":{"chainKey":{"counter":0,"key":"ME6ph8TKlyCy81bXRw4R/xbY7wKjAWuD9YbOJ77MZAM="},"chainType":2,"messageKeys":{}},"Bd0LftxtrTnBPtzDsS9QtGQ24/PW2vSKXkdxIzVHpU1h":{"chainKey":{"counter":-1,"key":"3SHjdM7AfBjoW6aOlW2KLmGuKw0FveywHMQmnvQVERM="},"chainType":1,"messageKeys":{}}}},"BSX9ws7uamrgfA2J7h9cRPUatGYMT1OvjldMex5/y+w6":{"registrationId":1683979849,"currentRatchet":{"ephemeralKeyPair":{"pubKey":"BSPU6COZ78joX2uiy3MQHZBfzUC0tvvhXQcddmJvmHZp","privKey":"AKKd3NEJdgtaf9r2NgWXAI2YrdTt6Z3pd3PvsndJFEs="},"lastRemoteEphemeralKey":"BTmn6hXu5ajn/Zci2XsGuW2kqwjLjFpzDujlu7xpK/dU","previousCounter":0,"rootKey":"wrLRE2tbvxoczGgp0T4pKB8MZ/5+vcTbRg5QyX1ek1k="},"indexInfo":{"baseKey":"BSX9ws7uamrgfA2J7h9cRPUatGYMT1OvjldMex5/y+w6","baseKeyType":2,"closed":-1,"used":1688312368930,"created":1688312368930,"remoteIdentityKey":"BUltsDitOoFcHywLePkULl2TyyT1Q7q1BF8GeyM9M6oz"},"_chains":{"BTmn6hXu5ajn/Zci2XsGuW2kqwjLjFpzDujlu7xpK/dU":{"chainKey":{"counter":0,"key":"684aRpRYvw07OOcTm9EqlXMhFktoihOsHU9tGb0z0z8="},"chainType":2,"messageKeys":{}},"BSPU6COZ78joX2uiy3MQHZBfzUC0tvvhXQcddmJvmHZp":{"chainKey":{"counter":-1,"key":"lGzKQ55ahaTqUdkDA3bhm1govrz43ZJvIMtYsiwDnQ8="},"chainType":1,"messageKeys":{}}}}},"version":"v1"}