{"_sessions":{"BV7blNn+90r1yCg1UgumL+qPobBnUnhE/XR64sSSZwYC":{"registrationId":1654584035,"currentRatchet":{"ephemeralKeyPair":{"pubKey":"BcxLEgTDFxIODymRrwhpngXkyMMXcGOXyHliT7XEiSgy","privKey":"OEn3gR47IL/evmc+YxzVD++3Sh4RPCw9Cnxe5DuE914="},"lastRemoteEphemeralKey":"BWkbxMAToZof7LkhnGQDdBrGwcYmVEtCu6BQDvqD8vdK","previousCounter":0,"rootKey":"a3lZJY2DA5hODykbBRdzENwxcejWWE8Ux+U9XIGbl78="},"indexInfo":{"baseKey":"BV7blNn+90r1yCg1UgumL+qPobBnUnhE/XR64sSSZwYC","baseKeyType":2,"closed":-1,"used":1688345435706,"created":1688345435706,"remoteIdentityKey":"BcKSWtQ0ON6R7Bdj0Hfei2W/M//ltAwQ/ci9uDGwlRIL"},"_chains":{"BWkbxMAToZof7LkhnGQDdBrGwcYmVEtCu6BQDvqD8vdK":{"chainKey":{"counter":1,"key":"dqcynkiSEyIZalDrnc1IAfdlEEYmLWenEX9/m8c+VA8="},"chainType":2,"messageKeys":{"0":"6CPTtzS4GffeKX5HSSTmOIIDla2+yYBFYHJwyFSjIEk="}},"BcxLEgTDFxIODymRrwhpngXkyMMXcGOXyHliT7XEiSgy":{"chainKey":{"counter":-1,"key":"t5NRK1Gvp6GRBxb+BWTG8mbDy1So18C2lPiKFe1lBEQ="},"chainType":1,"messageKeys":{}}}}},"version":"v1"}