{"_sessions":{"BacoiTGH6uVBUgWyVz2U5wO0Oo2ndvP4+pGZC8vaYnFn":{"registrationId":989011944,"currentRatchet":{"ephemeralKeyPair":{"pubKey":"BWPGJ5vWUA4zWuID9jeQxJ8K2rjHANWjve7xnk0YefUR","privKey":"CEteEWSTIL86VBjaYlOj8eZMnpj9461qF/oKvqZoIHk="},"lastRemoteEphemeralKey":"Bfx/o9J3292d9Kjng3TS5E1TvMPDkdg/eW7L9Nb7Fi87","previousCounter":0,"rootKey":"8xwcoKefsvVsn+GhgBpkOcIufTTiwtO3brtspZqrMzg="},"indexInfo":{"baseKey":"BacoiTGH6uVBUgWyVz2U5wO0Oo2ndvP4+pGZC8vaYnFn","baseKeyType":2,"closed":1688399285646,"used":1688299588715,"created":1688299588715,"remoteIdentityKey":"BSUckHIsuJG7o4+7VmBmltbEynT7nKtOTO41IhdMGVk/"},"_chains":{"Bfx/o9J3292d9Kjng3TS5E1TvMPDkdg/eW7L9Nb7Fi87":{"chainKey":{"counter":5,"key":"/dAGsPn7psHQrBBrmkA8I2JD4sZHuJNVTY/C8rWgXCY="},"chainType":2,"messageKeys":{"0":"0kgg6CeY9zdLPqL0iXYkaTFAS1+D5SMHEYb3ye72j3w="}},"BWPGJ5vWUA4zWuID9jeQxJ8K2rjHANWjve7xnk0YefUR":{"chainKey":{"counter":-1,"key":"slX6iltrFHJ/oCoD38Emi22USl5KU/0BgylTQndYO5s="},"chainType":1,"messageKeys":{}}}},"BdstT6vo8LOVnVK99oGbPpu+L/hma+hBQNOID5xryX12":{"registrationId":2029445055,"currentRatchet":{"ephemeralKeyPair":{"pubKey":"BZATNS6v+5KgtEP8G0EemQoUrU0p3+rr8621cpQ6EhFi","privKey":"UFrZDQ8DL5auWsD1sTBiOfJpegdD1xPXJItrQHCIRVw="},"lastRemoteEphemeralKey":"BRoBCMq/jkXFjbHu2U1Qgt16yiuMwE6DVNNmR+XwPtoV","previousCounter":0,"rootKey":"fUvVBbj92FCmn+GmGCVyKrIQidUabk3NUeThSMvzEo8="},"indexInfo":{"baseKey":"BdstT6vo8LOVnVK99oGbPpu+L/hma+hBQNOID5xryX12","baseKeyType":2,"closed":1688401914509,"used":1688399285662,"created":1688399285662,"remoteIdentityKey":"BRQvsi9X5L0xpwZT9bXcisjwD7kDPH+qg0hOW1PsTMUY"},"_chains":{"BRoBCMq/jkXFjbHu2U1Qgt16yiuMwE6DVNNmR+XwPtoV":{"chainKey":{"counter":1,"key":"YILBz1m9ydbgOrtEHlTb+YAzzdB87R3OEw+5ChTmFOo="},"chainType":2,"messageKeys":{}},"BZATNS6v+5KgtEP8G0EemQoUrU0p3+rr8621cpQ6EhFi":{"chainKey":{"counter":-1,"key":"vhrVMykKnV4wBQIQBDnfgte9n5Br6JY1NjBn15Vc9vc="},"chainType":1,"messageKeys":{}}}},"BSzG9cBYwlJan1Lpradh6z/oQOYSNuLvNMKSRBszeHtE":{"registrationId":1312642987,"currentRatchet":{"ephemeralKeyPair":{"pubKey":"BXRJ6Dv44SWRExr97MmFbnxmTCbTrMO37/K9lWFXuRQz","privKey":"2ILf+hfg340NEX6wz8sXIA/c06OiFXQGmxO2Rs0ufmU="},"lastRemoteEphemeralKey":"BWa96HOSYlJzUyXlKE5qZpUPB+0UK49khrfkWs3f7X5p","previousCounter":0,"rootKey":"xKiFQ8bCzVkKCBg+mLFKDJMDMcab8mvw1afOrLGOWo0="},"indexInfo":{"baseKey":"BSzG9cBYwlJan1Lpradh6z/oQOYSNuLvNMKSRBszeHtE","baseKeyType":2,"closed":-1,"used":1688401914556,"created":1688401914556,"remoteIdentityKey":"BSr9QiVqQsUHZsohhGCzwf5A8xW6huh3WqS3n6SpCPw7"},"_chains":{"BWa96HOSYlJzUyXlKE5qZpUPB+0UK49khrfkWs3f7X5p":{"chainKey":{"counter":4,"key":"c2nSYQfqY1Dc/tzPzKgu+RJUHaywBYubf4aED5+duLc="},"chainType":2,"messageKeys":{"3":"6XeTxJXL2H3L6nq4RCu6kt+g8gRxjYXWZ06yQbHqHv8="}},"BXRJ6Dv44SWRExr97MmFbnxmTCbTrMO37/K9lWFXuRQz":{"chainKey":{"counter":-1,"key":"NHbr82vbj9xLT7vxoi6ZOv+2KKcRYAGiIhSrTp2/EOI="},"chainType":1,"messageKeys":{}}}}},"version":"v1"}