{"_sessions":{"BW0sCJ2dUjtwMKi5vi4HPKYuRqd3kApeO/nnOKd7o/AI":{"registrationId":1740996677,"currentRatchet":{"ephemeralKeyPair":{"pubKey":"BQw26AEO3LAKp+Bh6N2d8M+sCFzyqbYppFFwc3xj4MIP","privKey":"uG4DIwaV2fQDrZ0q+CjS3d85JkNDh8oFxfARjHuDcHE="},"lastRemoteEphemeralKey":"BccJ9+AXV1axp9/IMNdq65B8XTa6nCSdzXylrI9Exn09","previousCounter":0,"rootKey":"iG+oU5XCg/B6l2uJjpo9efSBAlFkXB/VQtlk4oaIrPE="},"indexInfo":{"baseKey":"BW0sCJ2dUjtwMKi5vi4HPKYuRqd3kApeO/nnOKd7o/AI","baseKeyType":1,"closed":-1,"used":1688409509134,"created":1688331280248,"remoteIdentityKey":"BXEMxrczSSVUA7SuA/dhJyPXEAlR40LOgIgtmQBr8xlT"},"_chains":{"BUSxHvLYzirvxo1wVd4i55GiJ/1vL+Aa20+sGRkbjuQ7":{"chainKey":{"counter":1},"chainType":2,"messageKeys":{}},"BccJ9+AXV1axp9/IMNdq65B8XTa6nCSdzXylrI9Exn09":{"chainKey":{"counter":0,"key":"lM0IXlwqJytf51qHEZKjKJGq+X2Nxy6D1rA+av5/AB4="},"chainType":2,"messageKeys":{}},"BQw26AEO3LAKp+Bh6N2d8M+sCFzyqbYppFFwc3xj4MIP":{"chainKey":{"counter":-1,"key":"x5Zs4zorFYPivltYMgb76HJ9vclPh0BDgEAqCouBU3Q="},"chainType":1,"messageKeys":{}}}}},"version":"v1"}