{"_sessions":{"BTCgeakQ+PQXypHBhwKvhjEUXb6oRgkdmDt3FyOw+PJP":{"registrationId":1061473614,"currentRatchet":{"ephemeralKeyPair":{"pubKey":"BeRvn86Si7R9jz+0ZFc9C5eC/1oQQVOkBgnCP1BOeXAL","privKey":"GB0+PkUl5QsiUDNf0PneMrkkSZJvnc9jpeaA9vxMpGo="},"lastRemoteEphemeralKey":"BV0qFywKKePCkrSGf2xefPFldof4A0wgZI8GeEDOe38x","previousCounter":0,"rootKey":"V9r/n+mcz3lnOw5ZoRsgmNzzNbvbN3t/aAUm2ztYpKY="},"indexInfo":{"baseKey":"BTCgeakQ+PQXypHBhwKvhjEUXb6oRgkdmDt3FyOw+PJP","baseKeyType":1,"closed":-1,"used":1688299690910,"created":1688299690910,"remoteIdentityKey":"BSKRsom9BITrYotsl7xvG5vtgzkxOED/uhYppY2qPU4M"},"_chains":{"BeRvn86Si7R9jz+0ZFc9C5eC/1oQQVOkBgnCP1BOeXAL":{"chainKey":{"counter":3,"key":"pa47SWgOaI7eApdrWC1RPGmMjyX1/MfiyEms21Yz+b4="},"chainType":1,"messageKeys":{}}},"pendingPreKey":{"signedKeyId":0,"baseKey":"BTCgeakQ+PQXypHBhwKvhjEUXb6oRgkdmDt3FyOw+PJP"}}},"version":"v1"}