{"_sessions":{"BfIpQS8UhdDFTreRmbfxGm9XjhNnGBck/WCdKavtmSRI":{"registrationId":266581689,"currentRatchet":{"ephemeralKeyPair":{"pubKey":"BX4OrT8AyEunX2dwGL0RuQbhNtDoESMh+nFn6vYfSgkb","privKey":"ACB2SZj5UjaDEuQds8vuVWOdJGJHEsrCxwqmdSWrYX4="},"lastRemoteEphemeralKey":"BaUV35lDeE5XO2LQl0PDx07NqsRF/VDTuTHS1ezBfsoZ","previousCounter":0,"rootKey":"uUt8YXXO4krGxnMY1QITTFk9v8UAAadrcQuEm9vqSt8="},"indexInfo":{"baseKey":"BfIpQS8UhdDFTreRmbfxGm9XjhNnGBck/WCdKavtmSRI","baseKeyType":2,"closed":-1,"used":1688399289443,"created":1688399289443,"remoteIdentityKey":"BR+Gr7PGO2xaSxW/S/ycLuhCCYEO2takzHZIanYK7Yc+"},"_chains":{"BaUV35lDeE5XO2LQl0PDx07NqsRF/VDTuTHS1ezBfsoZ":{"chainKey":{"counter":3,"key":"LxMNsIQQtgWqPcgn8FswJF/k/pXL4EOSwKfI3KIPFBQ="},"chainType":2,"messageKeys":{"0":"r/M9jZ/XA6J9l3Y7VuhjUxMi17hbkdqh99zBAczBkxI=","1":"eSib0QGOfBnKW59UKP/H7wrKixVacT5kcyhSi7GMByM=","2":"k7bQDywzI/HgMcu/icrDmDK8k7TGG75591E0I/GjCUc="}},"BX4OrT8AyEunX2dwGL0RuQbhNtDoESMh+nFn6vYfSgkb":{"chainKey":{"counter":-1,"key":"5pWQaXlgBWKbiZsRNK3pBcfrQEqEHcU4rSMDv9Tednc="},"chainType":1,"messageKeys":{}}}}},"version":"v1"}