{"_sessions":{"BRB+eLrT+GpkJjnlK6SBrO8uMM8H4yCYkMan5+XkNkIt":{"registrationId":17359473,"currentRatchet":{"ephemeralKeyPair":{"pubKey":"Bagn0D/ve+mF7pU9l8z7dgDbblVIv5Wm4XScLu7V75BH","privKey":"QOKR3AAFch3GThBl4VQ5KBeYuU8pMUsQ7hn/CM0iR0Y="},"lastRemoteEphemeralKey":"BdvwQCZZoe05LiB0IG5WGgW4z/MVx9pbW0AxgJWAMkc9","previousCounter":0,"rootKey":"gZbbi+Oix6yDUjXDUL8hj0hXomunubV760cjfWqjK44="},"indexInfo":{"baseKey":"BRB+eLrT+GpkJjnlK6SBrO8uMM8H4yCYkMan5+XkNkIt","baseKeyType":2,"closed":-1,"used":1688299631930,"created":1688299631930,"remoteIdentityKey":"Bbi7cXJjW64QSdQf3M8ARd0XOgdtedh8OMQmSU13jroW"},"_chains":{"BdvwQCZZoe05LiB0IG5WGgW4z/MVx9pbW0AxgJWAMkc9":{"chainKey":{"counter":0,"key":"1R4QgkZ4CJ9U7MMXw9JR0dex/ZWht9xssdNJp5AZmDg="},"chainType":2,"messageKeys":{}},"Bagn0D/ve+mF7pU9l8z7dgDbblVIv5Wm4XScLu7V75BH":{"chainKey":{"counter":-1,"key":"egY5BOesMrUwN3fo5P5I1sp5Y7VknfDA8KpWAd8Ens4="},"chainType":1,"messageKeys":{}}}}},"version":"v1"}