{"_sessions":{"BftN+5hWAq1b9IegJpn5hEkCP1HKOreylxDs5fb8tMIX":{"registrationId":261112565,"currentRatchet":{"ephemeralKeyPair":{"pubKey":"BSl4Kef8W6CUOGxK+ZCjdovHE7u4VvkRSME7fmjXJKon","privKey":"WAC4NDAHKsdzPnnf4oH0JgF12teNf49uyxn86s2iF2A="},"lastRemoteEphemeralKey":"BUsgtUAd7AU6jcfST7Dd+XoSP9vv/CkUqGr0tCFMi9VG","previousCounter":0,"rootKey":"WhITmex7ko8G42xRpUrAc+6/ilym8UNxrre+ig5pQvY="},"indexInfo":{"baseKey":"BftN+5hWAq1b9IegJpn5hEkCP1HKOreylxDs5fb8tMIX","baseKeyType":2,"closed":-1,"used":1688299575504,"created":1688299575504,"remoteIdentityKey":"BZXaFANxNmbHeknIgK2tYvAcZC1wZmQd+WLQDgnyCVJV"},"_chains":{"BUsgtUAd7AU6jcfST7Dd+XoSP9vv/CkUqGr0tCFMi9VG":{"chainKey":{"counter":6,"key":"uQ8zKZuxHj+F2dmHsJHh0ckg0UXTqM7N4W0SWB6mP/g="},"chainType":2,"messageKeys":{"0":"56toSs56TGngbKlgfl3f6uVsH21ar6o9lV5mx9FyGMg=","1":"x+fkIwg9CI+wwNTYhdB3xRilk3WJt5gzOAH3R/LVbG8="}},"BSl4Kef8W6CUOGxK+ZCjdovHE7u4VvkRSME7fmjXJKon":{"chainKey":{"counter":-1,"key":"SKjxpTQsbp3XZOUfRaTTy249DV/zHuhsYf21bIaCCjw="},"chainType":1,"messageKeys":{}}}}},"version":"v1"}