{"_sessions":{"Bc8F5TCw8jNHcsj1/CMIV4csXhpztZgG1r+5Px6a8v41":{"registrationId":384539521,"currentRatchet":{"ephemeralKeyPair":{"pubKey":"BUoQpxB3vQubyhnZU21bxNwK7oIQZTRGjIX/EalbirBD","privKey":"cBVrPJLjDDOPaldqfEthKoRK6+CdtKYh4298DvFoaEE="},"lastRemoteEphemeralKey":"BfGXkbWMN19OKHfkaIW6jAHrrszxf1/V60PMBZYgyR8P","previousCounter":0,"rootKey":"U6WoTk+Tt9SRGh/jp8ULb9EDxPqgtvAdZIszzIMqQ/c="},"indexInfo":{"baseKey":"Bc8F5TCw8jNHcsj1/CMIV4csXhpztZgG1r+5Px6a8v41","baseKeyType":2,"closed":-1,"used":1688345453678,"created":1688345453678,"remoteIdentityKey":"BV6PIXiY3M30UywoS6ynfp+1VEKVBMzs/zHATp5Q5LNo"},"_chains":{"BfGXkbWMN19OKHfkaIW6jAHrrszxf1/V60PMBZYgyR8P":{"chainKey":{"counter":3,"key":"cNE9pj1v/FSEAjNAoSeyuTet2ppQHYp+SActA3V3RYw="},"chainType":2,"messageKeys":{}},"BUoQpxB3vQubyhnZU21bxNwK7oIQZTRGjIX/EalbirBD":{"chainKey":{"counter":-1,"key":"JQz4IHRaBKP91NlESUicBaGKx9KC74rBiWY7usPjFjI="},"chainType":1,"messageKeys":{}}}}},"version":"v1"}