{"_sessions":{"BcgZROGK1uuegFsH9r+C9+mU8PMnX0SAHxgfRHBrcCcr":{"registrationId":479377927,"currentRatchet":{"ephemeralKeyPair":{"pubKey":"BY06Zj+jQMowBlO7DBziQCJYKbzaSRB8GaGBwrbt8IFj","privKey":"2HflbhP35EjOn65ugcToFI7P0EjrRzR4bC4ys5++oVE="},"lastRemoteEphemeralKey":"BRjBLqwz69cXX0xSs8hfTGl9aT5Ng86sWNIBSIplA842","previousCounter":0,"rootKey":"2+BCUZX4Yb8sxBCgrkiMV5nW27/JGD3+g7pIQlieUHg="},"indexInfo":{"baseKey":"BcgZROGK1uuegFsH9r+C9+mU8PMnX0SAHxgfRHBrcCcr","baseKeyType":2,"closed":1688299598173,"used":1688074834758,"created":1688074834758,"remoteIdentityKey":"BVHvXJRS0A8N8O9APWw950IwjeD9NHIxVaqXToMnTGEd"},"_chains":{"BRjBLqwz69cXX0xSs8hfTGl9aT5Ng86sWNIBSIplA842":{"chainKey":{"counter":0,"key":"FfdUmdbHu1ypjcalzGTklrWftF0XTM5rx2QRFN3FX4A="},"chainType":2,"messageKeys":{}},"BY06Zj+jQMowBlO7DBziQCJYKbzaSRB8GaGBwrbt8IFj":{"chainKey":{"counter":-1,"key":"oKxqPkosOmAyOVBFj+C1YTP5gsrDyWqCPmy7BBK09Zg="},"chainType":1,"messageKeys":{}}}},"BfEhA4fbtn5JaW8flA/ZO/qaWahpEVEj8fyq0tm9A8dB":{"registrationId":346499776,"currentRatchet":{"ephemeralKeyPair":{"pubKey":"BbORLyX1RQO9+z4mw4fViGIPXJkZc5W/5kzJ9wPQSBNC","privKey":"CNJSmLZJbFBbeedHw0OIjkV+eePbPgSAakNlWkl7Alk="},"lastRemoteEphemeralKey":"BWoKh6MRZG/XmZW1zpQ2qwmCaMo1yDUiM0YGmPYkhv01","previousCounter":0,"rootKey":"DxfT8p0C05f053e/vuVNehgpwm8D5lq5VpwSiyYZfD4="},"indexInfo":{"baseKey":"BfEhA4fbtn5JaW8flA/ZO/qaWahpEVEj8fyq0tm9A8dB","baseKeyType":2,"closed":1688328977543,"used":1688299598183,"created":1688299598183,"remoteIdentityKey":"BYOQZzhx5ApJdDqeTgQptZFQo//rFR2YH361UVbcDo8w"},"_chains":{"BWoKh6MRZG/XmZW1zpQ2qwmCaMo1yDUiM0YGmPYkhv01":{"chainKey":{"counter":2,"key":"t/dLiWn4FD0kc2w0vbQo6J5kFYnXIi1ewI05zmM4/Rs="},"chainType":2,"messageKeys":{}},"BbORLyX1RQO9+z4mw4fViGIPXJkZc5W/5kzJ9wPQSBNC":{"chainKey":{"counter":-1,"key":"fHSWkFsDeW9R/R03s2jskesiaIVpRCY/yjAcWkIb90s="},"chainType":1,"messageKeys":{}}}},"BUn+gZXNKRxsyOq+VVjcKdU91tFTl1rr3WKoTLY05ot3":{"registrationId":1359812848,"currentRatchet":{"ephemeralKeyPair":{"pubKey":"BWWyYsjJDiIXSiksSM2y7fLsHWgz0e4Ur1aqDZlmAslF","privKey":"CAw/Jn52/Z7IpEPjp4YesX/mO3mVjxoHafTdsN7AiEI="},"lastRemoteEphemeralKey":"BeD4NgaBxmltPEaoj4xfhT788JLf6xkLzVCGxMF7f9o7","previousCounter":0,"rootKey":"W8fQrwErS4Fqy34j21PEyi2GN1SvXHuGfqsqaurIYO8="},"indexInfo":{"baseKey":"BUn+gZXNKRxsyOq+VVjcKdU91tFTl1rr3WKoTLY05ot3","baseKeyType":2,"closed":-1,"used":1688328977556,"created":1688328977556,"remoteIdentityKey":"BdktemDC26z7LXEsZelEDj0fDSkSWILGsB0nxT46Whph"},"_chains":{"BeD4NgaBxmltPEaoj4xfhT788JLf6xkLzVCGxMF7f9o7":{"chainKey":{"counter":4,"key":"T3uSPscxJitsJMVRbUMHIlebY/m4+b+blI6Xot/xWH4="},"chainType":2,"messageKeys":{}},"BWWyYsjJDiIXSiksSM2y7fLsHWgz0e4Ur1aqDZlmAslF":{"chainKey":{"counter":-1,"key":"VxWprHtk4S7XfIfE2SS3VjDCQu6R1/2gNamUDzg3pQQ="},"chainType":1,"messageKeys":{}}}}},"version":"v1"}