{"_sessions":{"BYgLgosynIwqAlWtN7pYwWVUXhU0ehg2l5zqeNo8EaUN":{"registrationId":1600554079,"currentRatchet":{"ephemeralKeyPair":{"pubKey":"BVEEWxgo7q59Jbergt05quVAo5/bSQdx9StoQFG5RRJ5","privKey":"KIXzuk51a/anYgmppnp856enc9LuNyumL14mB2PjI1A="},"lastRemoteEphemeralKey":"BQyYWNEyjWoojynEk0olSrZM8EpephpleGR6wkJLGak7","previousCounter":0,"rootKey":"5NttTn4e7aA+P0FOB3cCKciQtJxjwrrtT4aRM6mnXDQ="},"indexInfo":{"baseKey":"BYgLgosynIwqAlWtN7pYwWVUXhU0ehg2l5zqeNo8EaUN","baseKeyType":1,"closed":-1,"used":1688075331495,"created":1688075331495,"remoteIdentityKey":"BV5dpO2nr5Mf8Nh56kPi/dH0lc0O1KNy5+Rb08gGlixe"},"_chains":{"BVEEWxgo7q59Jbergt05quVAo5/bSQdx9StoQFG5RRJ5":{"chainKey":{"counter":4,"key":"SVUwe3mOniYSdPuLgBR6cinmuq+VLYvx0TWehWzw04M="},"chainType":1,"messageKeys":{}}},"pendingPreKey":{"signedKeyId":1,"baseKey":"BYgLgosynIwqAlWtN7pYwWVUXhU0ehg2l5zqeNo8EaUN"}}},"version":"v1"}