{"_sessions":{"BWJXsdvBtaodAVIxICe4KaGYxz3C5O8VtdMlriMdYEVG":{"registrationId":1218579782,"currentRatchet":{"ephemeralKeyPair":{"pubKey":"BfqwrkJelQOdKWC5Dphq42yw5u+kE4k2vIOpWIWzTqZ5","privKey":"2IFkRN/rDqXvaeEy2h34X5Lod1PYS4eFd02dBapTYEo="},"lastRemoteEphemeralKey":"BW8qxqlpEqdZNMVWZnteL2yqj5i5EF9Mz39ysSFeadto","previousCounter":0,"rootKey":"IMg8HqJdIq0ypQr9G31k29NlbqKs/kgMYCUIeU3237Q="},"indexInfo":{"baseKey":"BWJXsdvBtaodAVIxICe4KaGYxz3C5O8VtdMlriMdYEVG","baseKeyType":2,"closed":-1,"used":1688299567013,"created":1688299567013,"remoteIdentityKey":"BfQ6NkSetr8moI3OjzkIwtmqkpahu0laiHagZ44ul9dc"},"_chains":{"BW8qxqlpEqdZNMVWZnteL2yqj5i5EF9Mz39ysSFeadto":{"chainKey":{"counter":1,"key":"UBPHqEIKy9MWijpdD6+uf4mM8BzaKH++44HW9RBBpOE="},"chainType":2,"messageKeys":{"0":"X4RfNpItE4k1CPGQKWLbMA1Ss6w8ilfla3iLIQukl1c="}},"BfqwrkJelQOdKWC5Dphq42yw5u+kE4k2vIOpWIWzTqZ5":{"chainKey":{"counter":-1,"key":"Dz4X5TMKkCJ1BIf+npCri9Lq5K80D7iRCJL9W5v3syQ="},"chainType":1,"messageKeys":{}}}}},"version":"v1"}