{"_sessions":{"BZz1UACs27FWDEvfs0c2kZws2gsqHgxRHltQo0W6MvtE":{"registrationId":1054214233,"currentRatchet":{"ephemeralKeyPair":{"pubKey":"BTz2VLvBKqUSlvKjsignA7uvYm9u23JJ4NM/I/B6duBr","privKey":"wGEdEfQ0940oH0htwrAVJO/taXvgDV0fMImf46qh2Vc="},"lastRemoteEphemeralKey":"BRiShMQTv4aDdcb0Qg8ENrr1kGeG0zKZkZvKKcQktJk7","previousCounter":0,"rootKey":"P2Lo4AEI+dAnVvEiresfpXtNmRNs+tOTcOiG0IBuvMw="},"indexInfo":{"baseKey":"BZz1UACs27FWDEvfs0c2kZws2gsqHgxRHltQo0W6MvtE","baseKeyType":1,"closed":-1,"used":1688331280184,"created":1688331280184,"remoteIdentityKey":"BSALU5pmmf45QY1esP9OJJ6ELdYNRd6QdzhyouVNknZ4"},"_chains":{"BTz2VLvBKqUSlvKjsignA7uvYm9u23JJ4NM/I/B6duBr":{"chainKey":{"counter":1,"key":"sNftUNcF6q5iSV+yq6OqGjUjapwuOxqBquaWxnlhnMA="},"chainType":1,"messageKeys":{}}},"pendingPreKey":{"signedKeyId":0,"baseKey":"BZz1UACs27FWDEvfs0c2kZws2gsqHgxRHltQo0W6MvtE"}}},"version":"v1"}