{"_sessions":{"BXXZMnKARHGFUhNN7j6/0biRWKJmK70YnUuqg9rgJVEK":{"registrationId":1983234963,"currentRatchet":{"ephemeralKeyPair":{"pubKey":"BcPS0yFU2/mJTwpuOND7fiAzjOwT7nP70JU5fYB0gHU3","privKey":"oKvIKOXKa1L50d215Iv8aDpddRuUt7O/qfVvKf3OUm4="},"lastRemoteEphemeralKey":"BYPVqD/nETAqF5LoKAB5FRn0WH1w9csoTu6m4dBi2CtB","previousCounter":0,"rootKey":"DxDJHUDbUs5h5Xf5pmjc79/blcrdBsblj2+P6Vs57WA="},"indexInfo":{"baseKey":"BXXZMnKARHGFUhNN7j6/0biRWKJmK70YnUuqg9rgJVEK","baseKeyType":1,"closed":-1,"used":1688075331512,"created":1688075331512,"remoteIdentityKey":"BbEHsCYZfR7mLTrxClWY00w8qIfMVASGVc8VBSHUJrEV"},"_chains":{"BcPS0yFU2/mJTwpuOND7fiAzjOwT7nP70JU5fYB0gHU3":{"chainKey":{"counter":4,"key":"tzxEIVKMH2XrI7DLpftMdHW5b5Yq+LcrR3Dp1vSGfy4="},"chainType":1,"messageKeys":{}}},"pendingPreKey":{"signedKeyId":2558660,"baseKey":"BXXZMnKARHGFUhNN7j6/0biRWKJmK70YnUuqg9rgJVEK"}}},"version":"v1"}